=== FINITE DIFFERENCE METHOD ===
N                    = 10000
Interval             = [0, π]
q(x)                 = exp(x)
Boundary conditions  = y(0) = y(π) = 0
Number of eigenvalues = 10000

     k                   lambda
------     --------------------
     1             4.8966693471
     2            10.0451896357
     3            16.0192663919
     4            23.2662686536
     5            32.2637017499
     6            43.2200088423
     7            56.1815741442
     8            71.1529637238
     9            88.1320651058
    10           107.1165937757
    11           128.1049007470
    12           151.0958731051
    13           176.0887618293
    14           203.0830550185
    15           232.0783955685
    16           263.0745289336
    17           296.0712698230
    18           331.0684806377
    19           368.0660572667
    20           407.0639194586
    21           448.0620042971
    22           491.0602616127
    23           536.0586507082
    24           583.0571380798
    25           632.0556956507
    26           683.0542995253
    27           736.0529290579
    28           791.0515661321
    29           848.0501945854
    30           907.0487998192
    31           968.0473684594
    32          1031.0458880751
    33          1096.0443470007
    34          1163.0427341592
    35          1232.0410389321
    36          1303.0392510422
    37          1376.0373604829
    38          1451.0353574389
    39          1528.0332322257
    40          1607.0309752343
    41          1688.0285769107
    42          1771.0260277080
    43          1856.0233180535
    44          1943.0204383464
    45          2032.0173789057
    46          2123.0141299853
    47          2216.0106817319
    48          2311.0070241878
    49          2408.0031472736
    50          2506.9990407921
    51          2607.9946944034
    52          2710.9900976150
    53          2815.9852398071
    54          2922.9801101881
    55          3031.9746978077
    56          3142.9689915684
    57          3255.9629801846
    58          3370.9566522269
    59          3487.9499960628
    60          3606.9429999053
    61          3727.9356517783
    62          3850.9279395496
    63          3975.9198508715
    64          4102.9113732493
    65          4231.9024939712
    66          4362.8932001598
    67          4495.8834787567
    68          4630.8733165118
    69          4767.8626999707
    70          4906.8516155037
    71          5047.8400492975
    72          5190.8279873433
    73          5335.8154154315
    74          5482.8023191846
    75          5631.7886840017
    76          5782.7744951233
    77          5935.7597375701
    78          6090.7443961921
    79          6247.7284556197
    80          6406.7119003252
    81          6567.6947145477
    82          6730.6768823715
    83          6895.6583876476
    84          7062.6392140636
    85          7231.6193450966
    86          7402.5987640274
    87          7575.5774539645
    88          7750.5553977861
    89          7927.5325782001
    90          8106.5089777172
    91          8287.4845786320
    92          8470.4593630656
    93          8655.4333129450
    94          8842.4064099760
    95          9031.3786357036
    96          9222.3499714468
    97          9415.3203983456
    98          9610.2898973317
    99          9807.2584491436
   100         10006.2260343444
   101         10207.1926332694
   102         10410.1582260627
   103         10615.1227927042
   104         10822.0863129389
   105         11031.0487663285
   106         11242.0101322438
   107         11454.9703898539
   108         11669.9295181422
   109         11886.8874958684
   110         12105.8443016204
   111         12326.7999137873
   112         12549.7543105469
   113         12774.7074698942
   114         13001.6593696251
   115         13230.6099873202
   116         13461.5593003909
   117         13694.5072860401
   118         13929.4539212728
   119         14166.3991829001
   120         14405.3430475275
   121         14646.2854915686
   122         14889.2264912516
   123         15134.1660225932
   124         15381.1040614044
   125         15630.0405833383
   126         15880.9755638027
   127         16133.9089780387
   128         16388.8408010870
   129         16645.7710077759
   130         16904.6995727604
   131         17165.6264704785
   132         17428.5516751742
   133         17693.4751609102
   134         17960.3969015316
   135         18229.3168707017
   136         18500.2350418710
   137         18773.1513883123
   138         19048.0658830885
   139         19324.9784990670
   140         19603.8892089171
   141         19884.7979851239
   142         20167.7047999599
   143         20452.6096254963
   144         20739.5124336352
   145         21028.4131960453
   146         21319.3118842255
   147         21612.2084694724
   148         21907.1029228787
   149         22203.9952153315
   150         22502.8853175482
   151         22803.7732000183
   152         23106.6588330633
   153         23411.5421867859
   154         23718.4232311042
   155         24027.3019357230
   156         24338.1782701720
   157         24651.0522037772
   158         24965.9237056495
   159         25282.7927447262
   160         25601.6592897294
   161         25922.5233092055
   162         26245.3847714865
   163         26570.2436447079
   164         26897.0998968167
   165         27225.9534955539
   166         27556.8044084728
   167         27889.6526029232
   168         28224.4980460572
   169         28561.3407048351
   170         28900.1805460190
   171         29241.0175361725
   172         29583.8516416537
   173         29928.6828286331
   174         30275.5110631008
   175         30624.3363108063
   176         30975.1585373456
   177         31327.9777080919
   178         31682.7937882326
   179         32039.6067427488
   180         32398.4165364440
   181         32759.2231338974
   182         33122.0264995100
   183         33486.8265974851
   184         33853.6233918171
   185         34222.4168463136
   186         34593.2069245882
   187         34965.9935900444
   188         35340.7768058994
   189         35717.5565351678
   190         36096.3327406761
   191         36477.1053850394
   192         36859.8744306867
   193         37244.6398398529
   194         37631.4015745642
   195         38020.1595966533
   196         38410.9138677653
   197         38803.6643493377
   198         39198.4110026133
   199         39595.1537886442
   200         39993.8926682699
   201         40394.6276021588
   202         40797.3585507584
   203         41202.0854743279
   204         41608.8083329367
   205         42017.5270864408
   206         42428.2416945124
   207         42840.9521166274
   208         43255.6583120586
   209         43672.3602398800
   210         44091.0578589805
   211         44511.7511280309
   212         44934.4400055355
   213         45359.1244497691
   214         45785.8044188407
   215         46214.4798706282
   216         46645.1507628425
   217         47077.8170529872
   218         47512.4786983617
   219         47949.1356560775
   220         48387.7878830503
   221         48828.4353359926
   222         49271.0779714172
   223         49715.7157456498
   224         50162.3486148242
   225         50610.9765348494
   226         51061.5994614718
   227         51514.2173502156
   228         51968.8301564194
   229         52425.4378352328
   230         52884.0403415896
   231         53344.6376302409
   232         53807.2296557290
   233         54271.8163724143
   234         54738.3977344533
   235         55206.9736958017
   236         55677.5442102246
   237         56150.1092312828
   238         56624.6687123431
   239         57101.2226065892
   240         57579.7708669859
   241         58060.3134463177
   242         58542.8502971642
   243         59027.3813719070
   244         59513.9066227383
   245         60002.4260016453
   246         60492.9394604357
   247         60985.4469506859
   248         61479.9484238086
   249         61976.4438310075
   250         62474.9331232960
   251         62975.4162514769
   252         63477.8931661652
   253         63982.3638177801
   254         64488.8281565326
   255         64997.2861324643
   256         65507.7376953881
   257         66020.1827949416
   258         66534.6213805537
   259         67051.0534014642
   260         67569.4788067152
   261         68089.8975451482
   262         68612.3095654069
   263         69136.7148159422
   264         69663.1132450126
   265         70191.5048006738
   266         70721.8894307784
   267         71254.2670830029
   268         71788.6377048077
   269         72325.0012434569
   270         72863.3576460287
   271         73403.7068593987
   272         73946.0488302573
   273         74490.3835050734
   274         75036.7108301437
   275         75585.0307515497
   276         76135.3432151999
   277         76687.6481667716
   278         77241.9455517815
   279         77798.2353155230
   280         78356.5174031087
   281         78916.7917594476
   282         79479.0583292635
   283         80043.3170570525
   284         80609.5678871586
   285         81177.8107636970
   286         81748.0456305857
   287         82320.2724315682
   288         82894.4911101773
   289         83470.7016097518
   290         84048.9038734258
   291         84629.0978441482
   292         85211.2834646672
   293         85795.4606775431
   294         86381.6294251202
   295         86969.7896495638
   296         87559.9412928342
   297         88152.0842966950
   298         88746.2186027168
   299         89342.3441522806
   300         89940.4608865496
   301         90540.5687465124
   302         91142.6676729589
   303         91746.7576064575
   304         92352.8384874144
   305         92960.9102560154
   306         93570.9728522539
   307         94183.0262159489
   308         94797.0702866854
   309         95413.1050038897
   310         96031.1303067607
   311         96651.1461343218
   312         97273.1524253857
   313         97897.1491185782
   314         98523.1361523267
   315         99151.1134648565
   316         99781.0809941960
   317        100413.0386782008
   318        101046.9864544997
   319        101682.9242605398
   320        102320.8520335665
   321        102960.7697106272
   322        103602.6772285826
   323        104246.5745240948
   324        104892.4615336224
   325        105540.3381934325
   326        106190.2044395960
   327        106842.0602079818
   328        107495.9054342724
   329        108151.7400539482
   330        108809.5640022912
   331        109469.3772143927
   332        110131.1796251400
   333        110794.9711692297
   334        111460.7517811683
   335        112128.5213952472
   336        112798.2799455869
   337        113470.0273660874
   338        114143.7635904660
   339        114819.4885522426
   340        115497.2021847369
   341        116176.9044210817
   342        116858.5951941982
   343        117542.2744368211
   344        118227.9420814885
   345        118915.5980605483
   346        119605.2423061270
   347        120296.8747501913
   348        120990.4953244831
   349        121686.1039605603
   350        122383.7005897855
   351        123083.2851433179
   352        123784.8575521347
   353        124488.4177469925
   354        125193.9656584835
   355        125901.5012169724
   356        126611.0243526462
   357        127322.5349954959
   358        128036.0330753101
   359        128751.5185216802
   360        129468.9912640113
   361        130188.4512314969
   362        130909.8983531597
   363        131633.3325577930
   364        132358.7537740161
   365        133086.1619302475
   366        133815.5569547039
   367        134546.9387754211
   368        135280.3073202214
   369        136015.6625167499
   370        136753.0042924303
   371        137492.3325745140
   372        138233.6472900404
   373        138976.9483658585
   374        139722.2357286279
   375        140469.5093048114
   376        141218.7690206513
   377        141970.0148022363
   378        142723.2465754198
   379        143478.4642658896
   380        144235.6677991133
   381        144994.8571003698
   382        145756.0320947504
   383        146519.1927071502
   384        147284.3388622527
   385        148051.4704845639
   386        148820.5874983796
   387        149591.6898278176
   388        150364.7773967779
   389        151139.8501289780
   390        151916.9079479353
   391        152695.9507769737
   392        153476.9785392258
   393        154259.9911576133
   394        155044.9885548778
   395        155831.9706535528
   396        156620.9373759875
   397        157411.8886443260
   398        158204.8243805227
   399        158999.7445063292
   400        159796.6489433078
   401        160595.5376128260
   402        161396.4104360529
   403        162199.2673339572
   404        163004.1082273148
   405        163810.9330367126
   406        164619.7416825316
   407        165430.5340849645
   408        166243.3101640035
   409        167058.0698394424
   410        167874.8130308927
   411        168693.5396577611
   412        169514.2496392500
   413        170336.9428943774
   414        171161.6193419621
   415        171988.2789006373
   416        172816.9214888210
   417        173647.5470247478
   418        174480.1554264616
   419        175314.7466117951
   420        176151.3204983955
   421        176989.8770037183
   422        177830.4160450144
   423        178672.9375393353
   424        179517.4414035593
   425        180363.9275543462
   426        181212.3959081645
   427        182062.8463812949
   428        182915.2788898148
   429        183769.6933496053
   430        184626.0896763660
   431        185484.4677855820
   432        186344.8275925595
   433        187207.1690124007
   434        188071.4919600030
   435        188937.7963500952
   436        189806.0820971770
   437        190676.3491155777
   438        191548.5973194198
   439        192422.8266226311
   440        193299.0369389484
   441        194177.2281819152
   442        195057.4002648648
   443        195939.5531009557
   444        196823.6866031361
   445        197709.8006841567
   446        198597.8952565874
   447        199487.9702327930
   448        200380.0255249367
   449        201274.0610450072
   450        202170.0767047736
   451        203068.0724158256
   452        203968.0480895472
   453        204870.0036371366
   454        205773.9389695844
   455        206679.8539977065
   456        207587.7486320998
   457        208497.6227831832
   458        209409.4763611732
   459        210323.3092760887
   460        211239.1214377559
   461        212156.9127558064
   462        213076.6831396775
   463        213998.4324986070
   464        214922.1607416396
   465        215847.8677776260
   466        216775.5535152242
   467        217705.2178628911
   468        218636.8607288909
   469        219570.4820212970
   470        220506.0816479754
   471        221443.6595166065
   472        222383.2155346692
   473        223324.7496094678
   474        224268.2616480838
   475        225213.7515574134
   476        226161.2192441627
   477        227110.6646148390
   478        228062.0875757488
   479        229015.4880330137
   480        229970.8658925571
   481        230928.2210601086
   482        231887.5534411875
   483        232848.8629411450
   484        233812.1494651125
   485        234777.4129180431
   486        235744.6532046830
   487        236713.8702295964
   488        237685.0638971335
   489        238658.2341114684
   490        239633.3807765709
   491        240610.5037962126
   492        241589.6030739805
   493        242570.6785132604
   494        243553.7300172410
   495        244538.7574889131
   496        245525.7608310913
   497        246514.7399463690
   498        247505.6947371604
   499        248498.6251056891
   500        249493.5309539646
   501        250490.4121838205
   502        251489.2686968874
   503        252490.1003946088
   504        253492.9071782140
   505        254497.6889487532
   506        255504.4456070810
   507        256513.1770538583
   508        257523.8831895382
   509        258536.5639143904
   510        259551.2191284891
   511        260567.8487317146
   512        261586.4526237447
   513        262607.0307040692
   514        263629.5828719799
   515        264654.1090265749
   516        265680.6090667634
   517        266709.0828912492
   518        267739.5303985517
   519        268771.9514869833
   520        269806.3460546685
   521        270842.7139995343
   522        271881.0552193296
   523        272921.3696115796
   524        273963.6570736449
   525        275007.9175026648
   526        276054.1507955916
   527        277102.3568492017
   528        278152.5355600517
   529        279204.6868245185
   530        280258.8105387698
   531        281314.9065987996
   532        282372.9749003917
   533        283433.0153391449
   534        284495.0278104570
   535        285559.0122095273
   536        286624.9684313674
   537        287692.8963707925
   538        288762.7959224253
   539        289834.6669806995
   540        290908.5094398248
   541        291984.3231938638
   542        293062.1081366442
   543        294141.8641618138
   544        295223.5911628280
   545        296307.2890329459
   546        297392.9576652463
   547        298480.5969525800
   548        299570.2067876268
   549        300661.7870628788
   550        301755.3376706075
   551        302850.8585029187
   552        303948.3494517035
   553        305047.8104086705
   554        306149.2412653182
   555        307252.6419129772
   556        308358.0122427509
   557        309465.3521455828
   558        310574.6615121901
   559        311685.9402331224
   560        312799.1881987125
   561        313914.4052991098
   562        315031.5914242776
   563        316150.7464639731
   564        317271.8703077521
   565        318394.9628449976
   566        319520.0239648873
   567        320647.0535563947
   568        321776.0515083179
   569        322907.0177092447
   570        324039.9520475814
   571        325174.8544115344
   572        326311.7246891065
   573        327450.5627681279
   574        328591.3685362149
   575        329734.1418808004
   576        330878.8826891153
   577        332025.5908482039
   578        333174.2662449122
   579        334324.9087658918
   580        335477.5182976067
   581        336632.0947263155
   582        337788.6379380938
   583        338947.1478188183
   584        340107.6242541688
   585        341270.0671296339
   586        342434.4763304996
   587        343600.8517418866
   588        344769.1932486822
   589        345939.5007356121
   590        347111.7740871866
   591        348286.0131877297
   592        349462.2179213798
   593        350640.3881720618
   594        351820.5238235319
   595        353002.6247593297
   596        354186.6908628104
   597        355372.7220171326
   598        356560.7181052659
   599        357750.6790099869
   600        358942.6046138706
   601        360136.4947993055
   602        361332.3494484813
   603        362530.1684433860
   604        363729.9516658377
   605        364931.6989974398
   606        366135.4103196137
   607        367341.0855135752
   608        368548.7244603464
   609        369758.3270407778
   610        370969.8931354992
   611        372183.4226249654
   612        373398.9153894148
   613        374616.3713089241
   614        375835.7902633493
   615        377057.1721323683
   616        378280.5167954601
   617        379505.8241319074
   618        380733.0940207941
   619        381962.3263410283
   620        383193.5209713152
   621        384426.6777901538
   622        385661.7966758665
   623        386898.8775065763
   624        388137.9201602105
   625        389378.9245145110
   626        390621.8904470233
   627        391866.8178350781
   628        393113.7065558455
   629        394362.5564862839
   630        395613.3675031610
   631        396866.1394830524
   632        398120.8723023365
   633        399377.5658372063
   634        400636.2199636486
   635        401896.8345574679
   636        403159.4094942734
   637        404423.9446494720
   638        405690.4398982910
   639        406958.8951157533
   640        408229.3101766965
   641        409501.6849557586
   642        410776.0193273794
   643        412052.3131658260
   644        413330.5663451473
   645        414610.7787392181
   646        415892.9502217062
   647        417177.0806660944
   648        418463.1699456659
   649        419751.2179335146
   650        421041.2245025431
   651        422333.1895254633
   652        423627.1128747800
   653        424922.9944228162
   654        426220.8340416987
   655        427520.6316033631
   656        428822.3869795479
   657        430126.1000418042
   658        431431.7706614834
   659        432739.3987097496
   660        434048.9840575707
   661        435360.5265757205
   662        436674.0261347758
   663        437989.4826051395
   664        439306.8958569864
   665        440626.2657603367
   666        441947.5921849965
   667        443270.8750005728
   668        444596.1140765000
   669        445923.3092819963
   670        447252.4604861116
   671        448583.5675576870
   672        449916.6303653675
   673        451251.6487776179
   674        452588.6226626999
   675        453927.5518886858
   676        455268.4363234604
   677        456611.2758347114
   678        457956.0702899150
   679        459302.8195563971
   680        460651.5235012445
   681        462002.1819913785
   682        463354.7948935268
   683        464709.3620742079
   684        466065.8833997759
   685        467424.3587363478
   686        468784.7879498958
   687        470147.1709061719
   688        471511.5074707445
   689        472877.7975089823
   690        474246.0408860598
   691        475616.2374669680
   692        476988.3871165051
   693        478362.4896992678
   694        479738.5450796675
   695        481116.5531219097
   696        482496.5136900344
   697        483878.4266478639
   698        485262.2918590346
   699        486648.1091869976
   700        488035.8784949987
   701        489425.5996460977
   702        490817.2725031734
   703        492210.8969288849
   704        493606.4727857272
   705        495003.9999359784
   706        496403.4782417425
   707        497804.9075649297
   708        499208.2877672461
   709        500613.6187102080
   710        502020.9002551475
   711        503430.1322631984
   712        504841.3145952990
   713        506254.4471122110
   714        507669.5296744707
   715        509086.5621424579
   716        510505.5443763451
   717        511926.4762361107
   718        513349.3575815374
   719        514774.1882722260
   720        516200.9681675780
   721        517629.6971268039
   722        519060.3750089199
   723        520493.0016727606
   724        521927.5769769506
   725        523364.1007799350
   726        524802.5729399575
   727        526242.9933150822
   728        527685.3617631736
   729        529129.6781418964
   730        530575.9423087398
   731        532024.1541209854
   732        533474.3134357326
   733        534926.4201098861
   734        536380.4740001465
   735        537836.4749630465
   736        539294.4228549104
   737        540754.3175318711
   738        542216.1588498726
   739        543679.9466646616
   740        545145.6808318016
   741        546613.3612066620
   742        548082.9876444072
   743        549554.5600000324
   744        551028.0781283177
   745        552503.5418838726
   746        553980.9511210939
   747        555460.3056941968
   748        556941.6054572104
   749        558424.8502639645
   750        559910.0399680902
   751        561397.1744230463
   752        562886.2534820767
   753        564377.2769982532
   754        565870.2448244375
   755        567365.1568133237
   756        568862.0128173849
   757        570360.8126889204
   758        571861.5562800438
   759        573364.2434426500
   760        574868.8740284798
   761        576375.4478890472
   762        577883.9648756911
   763        579394.4248395599
   764        580906.8276316028
   765        582421.1731025859
   766        583937.4611030790
   767        585455.6914834604
   768        586975.8640939082
   769        588497.9787844350
   770        590022.0354048283
   771        591548.0338047057
   772        593075.9738334866
   773        594605.8553403991
   774        596137.6781744835
   775        597671.4421845798
   776        599207.1472193472
   777        600744.7931272374
   778        602284.3797565406
   779        603825.9069553169
   780        605369.3745714650
   781        606914.7824526787
   782        608462.1304464603
   783        610011.4184001285
   784        611562.6461607973
   785        613115.8135754021
   786        614670.9204906843
   787        616227.9667531878
   788        617786.9522092694
   789        619347.8767050980
   790        620910.7400866424
   791        622475.5421996850
   792        624042.2828898232
   793        625610.9620024490
   794        627181.5793827710
   795        628754.1348758206
   796        630328.6283264074
   797        631905.0595791729
   798        633483.4284785673
   799        635063.7348688230
   800        636645.9785940194
   801        638230.1594980208
   802        639816.2774244988
   803        641404.3322169603
   804        642994.3237186900
   805        644586.2517727904
   806        646180.1162221733
   807        647775.9169095727
   808        649373.6536775136
   809        650973.3263683432
   810        652574.9348242050
   811        654178.4788870651
   812        655783.9583986833
   813        657391.3732006438
   814        659000.7231343271
   815        660612.0080409361
   816        662225.2277614678
   817        663840.3821367424
   818        665457.4710073782
   819        667076.4942138046
   820        668697.4515962657
   821        670320.3429948143
   822        671945.1682493017
   823        673571.9271994036
   824        675200.6196845929
   825        676831.2455441575
   826        678463.8046171975
   827        680098.2967426064
   828        681734.7217591141
   829        683373.0795052302
   830        685013.3698192969
   831        686655.5925394495
   832        688299.7475036473
   833        689945.8345496460
   834        691593.8535150156
   835        693243.8042371382
   836        694895.6865532001
   837        696549.5003001976
   838        698205.2453149455
   839        699862.9214340559
   840        701522.5284939636
   841        703184.0663308891
   842        704847.5347808897
   843        706512.9336798174
   844        708180.2628633442
   845        709849.5221669283
   846        711520.7114258661
   847        713193.8304752460
   848        714868.8791499729
   849        716545.8572847529
   850        718224.7647141127
   851        719905.6012723906
   852        721588.3667937235
   853        723273.0611120528
   854        724959.6840611470
   855        726648.2354745795
   856        728338.7151857258
   857        730031.1230277774
   858        731725.4588337342
   859        733421.7224364006
   860        735119.9136683997
   861        736820.0323621586
   862        738522.0783499172
   863        740226.0514637311
   864        741931.9515354474
   865        743639.7783967329
   866        745349.5318790728
   867        747061.2118137521
   868        748774.8180318704
   869        750490.3503643289
   870        752207.8086418554
   871        753927.1926949730
   872        755648.5023540176
   873        757371.7374491356
   874        759096.8978102857
   875        760823.9832672441
   876        762552.9936495739
   877        764283.9287866695
   878        766016.7885077305
   879        767751.5726417623
   880        769488.2810175818
   881        771226.9134638183
   882        772967.4698089137
   883        774709.9498811082
   884        776454.3535084709
   885        778200.6805188610
   886        779948.9307399583
   887        781699.1039992579
   888        783451.2001240574
   889        785205.2189414626
   890        786961.1602783959
   891        788719.0239615861
   892        790478.8098175742
   893        792240.5176727175
   894        794004.1473531690
   895        795769.6986849004
   896        797537.1714936967
   897        799306.5656051515
   898        801077.8808446608
   899        802851.1170374434
   900        804626.2740085239
   901        806403.3515827361
   902        808182.3495847166
   903        809963.2678389291
   904        811746.1061696390
   905        813530.8644009163
   906        815317.5423566579
   907        817106.1398605454
   908        818896.6567360968
   909        820689.0928066373
   910        822483.4478952850
   911        824279.7218249781
   912        826077.9144184752
   913        827878.0254983330
   914        829680.0548869283
   915        831484.0024064305
   916        833289.8678788481
   917        835097.6511259716
   918        836907.3519694223
   919        838718.9702306289
   920        840532.5057308177
   921        842347.9582910499
   922        844165.3277321721
   923        845984.6138748595
   924        847805.8165395852
   925        849628.9355466455
   926        851453.9707161374
   927        853280.9218679805
   928        855109.7888218838
   929        856940.5713973899
   930        858773.2694138510
   931        860607.8826904093
   932        862444.4110460456
   933        864282.8542995286
   934        866123.2122694505
   935        867965.4847742103
   936        869809.6716320229
   937        871655.7726609065
   938        873503.7876786981
   939        875353.7165030431
   940        877205.5589513916
   941        879059.3148410132
   942        880914.9839889915
   943        882772.5662122105
   944        884632.0613273701
   945        886493.4691509797
   946        888356.7894993708
   947        890222.0221886735
   948        892089.1670348387
   949        893958.2238536095
   950        895829.1924605645
   951        897702.0726710863
   952        899576.8643003587
   953        901453.5671633929
   954        903332.1810749940
   955        905212.7058497902
   956        907095.1413022177
   957        908979.4872465282
   958        910865.7434967741
   959        912753.9098668328
   960        914643.9861703865
   961        916535.9722209289
   962        918429.8678317681
   963        920325.6728160153
   964        922223.3869866014
   965        924123.0101562726
   966        926024.5421375718
   967        927927.9827428717
   968        929833.3317843487
   969        931740.5890739788
   970        933649.7544235706
   971        935560.8276447322
   972        937473.8085488817
   973        939388.6969472601
   974        941305.4926509089
   975        943224.1954706896
   976        945144.8052172699
   977        947067.3217011269
   978        948991.7447325593
   979        950918.0741216670
   980        952846.3096783718
   981        954776.4512123944
   982        956708.4985332891
   983        958642.4514504006
   984        960578.3097728955
   985        962516.0733097468
   986        964455.7418697460
   987        966397.3152614944
   988        968340.7932934025
   989        970286.1757736980
   990        972233.4625104126
   991        974182.6533114032
   992        976133.7479843206
   993        978086.7463366484
   994        980041.6481756647
   995        981998.4533084661
   996        983957.1615419664
   997        985917.7726828981
   998        987880.2865377731
   999        989844.7029129544
  1000        991811.0216145905
  1001        993779.2424486575
  1002        995749.3652209423
  1003        997721.3897370348
  1004        999695.3158023447
  1005       1001671.1432220922
  1006       1003648.8718013075
  1007       1005628.5013448376
  1008       1007610.0316573397
  1009       1009593.4625432822
  1010       1011578.7938069507
  1011       1013566.0252524415
  1012       1015555.1566836559
  1013       1017546.1879043161
  1014       1019539.1187179654
  1015       1021533.9489279267
  1016       1023530.6783373728
  1017       1025529.3067492706
  1018       1027529.8339664073
  1019       1029532.2597913677
  1020       1031536.5840265710
  1021       1033542.8064742266
  1022       1035550.9269363779
  1023       1037560.9452148646
  1024       1039572.8611113484
  1025       1041586.6744273046
  1026       1043602.3849640058
  1027       1045619.9925225613
  1028       1047639.4969038810
  1029       1049660.8979086729
  1030       1051684.1953374944
  1031       1053709.3889906753
  1032       1055736.4786683905
  1033       1057765.4641706012
  1034       1059796.3452970982
  1035       1061829.1218474889
  1036       1063863.7936211827
  1037       1065900.3604174082
  1038       1067938.8220351981
  1039       1069979.1782734098
  1040       1072021.4289307112
  1041       1074065.5738055673
  1042       1076111.6126962788
  1043       1078159.5454009550
  1044       1080209.3717175014
  1045       1082261.0914436642
  1046       1084314.7043769672
  1047       1086370.2103147849
  1048       1088427.6090542863
  1049       1090486.9003924457
  1050       1092548.0841260576
  1051       1094611.1600517433
  1052       1096676.1279659264
  1053       1098742.9876648306
  1054       1100811.7389445193
  1055       1102882.3816008458
  1056       1104954.9154294941
  1057       1107029.3402259455
  1058       1109105.6557855124
  1059       1111183.8619033091
  1060       1113263.9583742656
  1061       1115345.9449931225
  1062       1117429.8215544459
  1063       1119515.5878525963
  1064       1121603.2436817563
  1065       1123692.7888359323
  1066       1125784.2231089335
  1067       1127877.5462943839
  1068       1129972.7581857231
  1069       1132069.8585762025
  1070       1134168.8472588884
  1071       1136269.7240266614
  1072       1138372.4886722178
  1073       1140477.1409880500
  1074       1142583.6807664954
  1075       1144692.1077996795
  1076       1146802.4218795535
  1077       1148914.6227978787
  1078       1151028.7103462284
  1079       1153144.6843160009
  1080       1155262.5444983863
  1081       1157382.2906844136
  1082       1159503.9226649089
  1083       1161627.4402305165
  1084       1163752.8431716985
  1085       1165880.1312787249
  1086       1168009.3043416890
  1087       1170140.3621504821
  1088       1172273.3044948264
  1089       1174408.1311642490
  1090       1176544.8419480994
  1091       1178683.4366355243
  1092       1180823.9150154975
  1093       1182966.2768768072
  1094       1185110.5220080598
  1095       1187256.6501976501
  1096       1189404.6612338261
  1097       1191554.5549046197
  1098       1193706.3309978899
  1099       1195859.9893013081
  1100       1198015.5296023546
  1101       1200172.9516883353
  1102       1202332.2553463557
  1103       1204493.4403633510
  1104       1206656.5065260639
  1105       1208821.4536210394
  1106       1210988.2814346645
  1107       1213156.9897531145
  1108       1215327.5783623911
  1109       1217500.0470483096
  1110       1219674.3955965063
  1111       1221850.6237924101
  1112       1224028.7314212855
  1113       1226208.7182682056
  1114       1228390.5841180647
  1115       1230574.3287555438
  1116       1232759.9519651777
  1117       1234947.4535312932
  1118       1237136.8332380280
  1119       1239328.0908693485
  1120       1241521.2262090347
  1121       1243716.2390406677
  1122       1245913.1291476539
  1123       1248111.8963132126
  1124       1250312.5403203769
  1125       1252515.0609519929
  1126       1254719.4579907318
  1127       1256925.7312190707
  1128       1259133.8804192971
  1129       1261343.9053735165
  1130       1263555.8058636566
  1131       1265769.5816714598
  1132       1267985.2325784748
  1133       1270202.7583660665
  1134       1272422.1588154214
  1135       1274643.4337075346
  1136       1276866.5828232195
  1137       1279091.6059431054
  1138       1281318.5028476336
  1139       1283547.2733170593
  1140       1285777.9171314668
  1141       1288010.4340707369
  1142       1290244.8239145703
  1143       1292481.0864424868
  1144       1294719.2214338204
  1145       1296959.2286677309
  1146       1299201.1079231617
  1147       1301444.8589789083
  1148       1303690.4816135580
  1149       1305937.9756055360
  1150       1308187.3407330480
  1151       1310438.5767741441
  1152       1312691.6835066832
  1153       1314946.6607083322
  1154       1317203.5081565790
  1155       1319462.2256287294
  1156       1321722.8129018960
  1157       1323985.2697530130
  1158       1326249.5959588417
  1159       1328515.7912959293
  1160       1330783.8555406688
  1161       1333053.7884692452
  1162       1335325.5898576847
  1163       1337599.2594817972
  1164       1339874.7971172351
  1165       1342152.2025394510
  1166       1344431.4755237340
  1167       1346712.6158451545
  1168       1348995.6232786309
  1169       1351280.4975988776
  1170       1353567.2385804360
  1171       1355855.8459976525
  1172       1358146.3196247071
  1173       1360438.6592355724
  1174       1362732.8646040556
  1175       1365028.9355037685
  1176       1367326.8717081526
  1177       1369626.6729904499
  1178       1371928.3391237208
  1179       1374231.8698808472
  1180       1376537.2650345345
  1181       1378844.5243572765
  1182       1381153.6476214158
  1183       1383464.6345990917
  1184       1385777.4850622711
  1185       1388092.1987827204
  1186       1390408.7755320398
  1187       1392727.2150816265
  1188       1395047.5172027189
  1189       1397369.6816663591
  1190       1399693.7082433919
  1191       1402019.5967045042
  1192       1404347.3468201752
  1193       1406676.9583607162
  1194       1409008.4310962472
  1195       1411341.7647967120
  1196       1413676.9592318605
  1197       1416014.0141712665
  1198       1418352.9293843145
  1199       1420693.7046402171
  1200       1423036.3397079913
  1201       1425380.8343564745
  1202       1427727.1883543183
  1203       1430075.4014699934
  1204       1432425.4734717896
  1205       1434777.4041278099
  1206       1437131.1932059734
  1207       1439486.8404740179
  1208       1441844.3456994919
  1209       1444203.7086497732
  1210       1446564.9290920447
  1211       1448928.0067933113
  1212       1451292.9415203880
  1213       1453659.7330399209
  1214       1456028.3811183556
  1215       1458398.8855219651
  1216       1460771.2460168430
  1217       1463145.4623688813
  1218       1465521.5343438112
  1219       1467899.4617071657
  1220       1470279.2442243015
  1221       1472660.8816603899
  1222       1475044.3737804207
  1223       1477429.7203492036
  1224       1479816.9211313582
  1225       1482205.9758913105
  1226       1484596.8843933388
  1227       1486989.6464015087
  1228       1489384.2616797050
  1229       1491780.7299916493
  1230       1494179.0511008538
  1231       1496579.2247706670
  1232       1498981.2507642519
  1233       1501385.1288445764
  1234       1503790.8587744455
  1235       1506198.4403164666
  1236       1508607.8732330604
  1237       1511019.1572864833
  1238       1513432.2922387945
  1239       1515847.2778518773
  1240       1518264.1138874225
  1241       1520682.8001069559
  1242       1523103.3362718029
  1243       1525525.7221431213
  1244       1527949.9574818707
  1245       1530376.0420488387
  1246       1532803.9756046294
  1247       1535233.7579096684
  1248       1537665.3887241881
  1249       1540098.8678082367
  1250       1542534.1949217059
  1251       1544971.3698242703
  1252       1547410.3922754510
  1253       1549851.2620345578
  1254       1552293.9788607503
  1255       1554738.5425129852
  1256       1557184.9527500381
  1257       1559633.2093305148
  1258       1562083.3120128198
  1259       1564535.2605551912
  1260       1566989.0547156848
  1261       1569444.6942521606
  1262       1571902.1789223172
  1263       1574361.5084836436
  1264       1576822.6826934682
  1265       1579285.7013089331
  1266       1581750.5640869983
  1267       1584217.2707844402
  1268       1586685.8211578471
  1269       1589156.2149636422
  1270       1591628.4519580461
  1271       1594102.5318971097
  1272       1596578.4545367064
  1273       1599056.2196325085
  1274       1601535.8269400301
  1275       1604017.2762145957
  1276       1606500.5672113311
  1277       1608985.6996852118
  1278       1611472.6733910013
  1279       1613961.4880832925
  1280       1616452.1435165079
  1281       1618944.6394448737
  1282       1621438.9756224358
  1283       1623935.1518030702
  1284       1626433.1677404598
  1285       1628933.0231881121
  1286       1631434.7178993486
  1287       1633938.2516273088
  1288       1636443.6241249563
  1289       1638950.8351450707
  1290       1641459.8844402463
  1291       1643970.7717629031
  1292       1646483.4968652690
  1293       1648998.0594994123
  1294       1651514.4594171913
  1295       1654032.6963703034
  1296       1656552.7701102572
  1297       1659074.6803883768
  1298       1661598.4269558159
  1299       1664124.0095635315
  1300       1666651.4279623232
  1301       1669180.6819027783
  1302       1671711.7711353367
  1303       1674244.6954102183
  1304       1676779.4544775032
  1305       1679316.0480870600
  1306       1681854.4759885876
  1307       1684394.7379316054
  1308       1686936.8336654536
  1309       1689480.7629392892
  1310       1692026.5255020743
  1311       1694574.1211026136
  1312       1697123.5494895130
  1313       1699674.8104112092
  1314       1702227.9036159504
  1315       1704782.8288518072
  1316       1707339.5858666648
  1317       1709898.1744082442
  1318       1712458.5942240627
  1319       1715020.8450614680
  1320       1717584.9266676304
  1321       1720150.8387895362
  1322       1722718.5811739860
  1323       1725288.1535676080
  1324       1727859.5557168445
  1325       1730432.7873679579
  1326       1733007.8482670377
  1327       1735584.7381599839
  1328       1738163.4567925120
  1329       1740744.0039101688
  1330       1743326.3792583165
  1331       1745910.5825821334
  1332       1748496.6136266219
  1333       1751084.4721365999
  1334       1753674.1578567098
  1335       1756265.6705314110
  1336       1758859.0099049823
  1337       1761454.1757215147
  1338       1764051.1677249346
  1339       1766649.9856589765
  1340       1769250.6292672064
  1341       1771853.0982929952
  1342       1774457.3924795433
  1343       1777063.5115698688
  1344       1779671.4553068047
  1345       1782281.2234330147
  1346       1784892.8156909770
  1347       1787506.2318229855
  1348       1790121.4715711600
  1349       1792738.5346774387
  1350       1795357.4208835738
  1351       1797978.1299311516
  1352       1800600.6615615622
  1353       1803225.0155160350
  1354       1805851.1915355974
  1355       1808479.1893611138
  1356       1811109.0087332574
  1357       1813740.6493925347
  1358       1816374.1110792663
  1359       1819009.3935335828
  1360       1821646.4964954499
  1361       1824285.4197046489
  1362       1826926.1629007738
  1363       1829568.7258232625
  1364       1832213.1082113329
  1365       1834859.3098040649
  1366       1837507.3303403310
  1367       1840157.1695588394
  1368       1842808.8271981147
  1369       1845462.3029964988
  1370       1848117.5966921614
  1371       1850774.7080230757
  1372       1853433.6367270623
  1373       1856094.3825417396
  1374       1858756.9452045590
  1375       1861421.3244527860
  1376       1864087.5200235066
  1377       1866755.5316536359
  1378       1869425.3590799074
  1379       1872097.0020388612
  1380       1874770.4602668816
  1381       1877445.7335001486
  1382       1880122.8214746807
  1383       1882801.7239263200
  1384       1885482.4405907160
  1385       1888164.9712033481
  1386       1890849.3154995108
  1387       1893535.4732143269
  1388       1896223.4440827400
  1389       1898913.2278394978
  1390       1901604.8242191910
  1391       1904298.2329562220
  1392       1906993.4537848129
  1393       1909690.4864390185
  1394       1912389.3306526956
  1395       1915089.9861595344
  1396       1917792.4526930458
  1397       1920496.7299865594
  1398       1923202.8177732232
  1399       1925910.7157860175
  1400       1928620.4237577356
  1401       1931331.9414209900
  1402       1934045.2685082157
  1403       1936760.4047516838
  1404       1939477.3498834665
  1405       1942196.1036354583
  1406       1944916.6657393943
  1407       1947639.0359268154
  1408       1950363.2139290876
  1409       1953089.1994774030
  1410       1955816.9923027661
  1411       1958546.5921360096
  1412       1961277.9987077883
  1413       1964011.2117485711
  1414       1966746.2309886666
  1415       1969483.0561581822
  1416       1972221.6869870655
  1417       1974962.1232050660
  1418       1977704.3645417837
  1419       1980448.4107266190
  1420       1983194.2614887948
  1421       1985941.9165573667
  1422       1988691.3756612029
  1423       1991442.6385289994
  1424       1994195.7048892635
  1425       1996950.5744703452
  1426       1999707.2470003993
  1427       2002465.7222074002
  1428       2005225.9998191635
  1429       2007988.0795633069
  1430       2010751.9611672829
  1431       2013517.6443583583
  1432       2016285.1288636294
  1433       2019054.4144100018
  1434       2021825.5007242234
  1435       2024598.3875328542
  1436       2027373.0745622700
  1437       2030149.5615386770
  1438       2032927.8481881006
  1439       2035707.9342363949
  1440       2038489.8194092265
  1441       2041273.5034320853
  1442       2044058.9860302939
  1443       2046846.2669289932
  1444       2049635.3458531378
  1445       2052426.2225275165
  1446       2055218.8966767313
  1447       2058013.3680252153
  1448       2060809.6362972234
  1449       2063607.7012168181
  1450       2066407.5625079141
  1451       2069209.2198942178
  1452       2072012.6730992778
  1453       2074817.9218464557
  1454       2077624.9658589475
  1455       2080433.8048597565
  1456       2083244.4385717132
  1457       2086056.8667174873
  1458       2088871.0890195533
  1459       2091687.1052002173
  1460       2094504.9149815950
  1461       2097324.5180856474
  1462       2100145.9142341339
  1463       2102969.1031486616
  1464       2105794.0845506396
  1465       2108620.8581613181
  1466       2111449.4237017510
  1467       2114279.7808928383
  1468       2117111.9294552789
  1469       2119945.8691096115
  1470       2122781.5995761938
  1471       2125619.1205752073
  1472       2128458.4318266530
  1473       2131299.5330503681
  1474       2134142.4239659896
  1475       2136987.1042930014
  1476       2139833.5737506929
  1477       2142681.8320581801
  1478       2145531.8789344337
  1479       2148383.7140981928
  1480       2151237.3372680629
  1481       2154092.7481624498
  1482       2156949.9464996061
  1483       2159808.9319975832
  1484       2162669.7043742733
  1485       2165532.2633473794
  1486       2168396.6086344398
  1487       2171262.7399528087
  1488       2174130.6570196659
  1489       2177000.3595520225
  1490       2179871.8472667043
  1491       2182745.1198803573
  1492       2185620.1771094594
  1493       2188497.0186703214
  1494       2191375.6442790534
  1495       2194256.0536516113
  1496       2197138.2465037629
  1497       2200022.2225511028
  1498       2202907.9815090559
  1499       2205795.5230928608
  1500       2208684.8470175997
  1501       2211575.9529981427
  1502       2214468.8407492172
  1503       2217363.5099853673
  1504       2220259.9604209573
  1505       2223158.1917701676
  1506       2226058.2037470178
  1507       2228959.9960653447
  1508       2231863.5684388066
  1509       2234768.9205808970
  1510       2237676.0522049186
  1511       2240584.9630240169
  1512       2243495.6527511361
  1513       2246408.1210990734
  1514       2249322.3677804354
  1515       2252238.3925076472
  1516       2255156.1949929716
  1517       2258075.7749484936
  1518       2260997.1320861112
  1519       2263920.2661175583
  1520       2266845.1767544067
  1521       2269771.8637080099
  1522       2272700.3266895995
  1523       2275630.5654101833
  1524       2278562.5795806278
  1525       2281496.3689116091
  1526       2284431.9331136337
  1527       2287369.2718970417
  1528       2290308.3849719604
  1529       2293249.2720483928
  1530       2296191.9328361317
  1531       2299136.3670448135
  1532       2302082.5743838865
  1533       2305030.5545626334
  1534       2307980.3072901554
  1535       2310931.8322753855
  1536       2313885.1292270739
  1537       2316840.1978538018
  1538       2319797.0378639698
  1539       2322755.6489658216
  1540       2325716.0308673927
  1541       2328678.1832765797
  1542       2331642.1059010858
  1543       2334607.7984484364
  1544       2337575.2606259878
  1545       2340544.4921409204
  1546       2343515.4927002527
  1547       2346488.2620108086
  1548       2349462.7997792452
  1549       2352439.1057120534
  1550       2355417.1795155299
  1551       2358397.0208958196
  1552       2361378.6295588827
  1553       2364362.0052104979
  1554       2367347.1475562812
  1555       2370334.0563016706
  1556       2373322.7311519296
  1557       2376313.1718121427
  1558       2379305.3779872297
  1559       2382299.3493819293
  1560       2385295.0857008039
  1561       2388292.5866482477
  1562       2391291.8519284767
  1563       2394292.8812455381
  1564       2397295.6743032965
  1565       2400300.2308054492
  1566       2403306.5504555251
  1567       2406314.6329568601
  1568       2409324.4780126372
  1569       2412336.0853258474
  1570       2415349.4545993237
  1571       2418364.5855357065
  1572       2421381.4778374895
  1573       2424400.1312069702
  1574       2427420.5453462731
  1575       2430442.7199573591
  1576       2433466.6547420248
  1577       2436492.3494018544
  1578       2439519.8036383013
  1579       2442549.0171526247
  1580       2445579.9896459016
  1581       2448612.7208190658
  1582       2451647.2103728447
  1583       2454683.4580078046
  1584       2457721.4634243529
  1585       2460761.2263226984
  1586       2463802.7464028946
  1587       2466846.0233648168
  1588       2469891.0569081572
  1589       2472937.8467324511
  1590       2475986.3925370486
  1591       2479036.6940211300
  1592       2482088.7508837064
  1593       2485142.5628236122
  1594       2488198.1295395037
  1595       2491255.4507298758
  1596       2494314.5260930350
  1597       2497375.3553271326
  1598       2500437.9381301268
  1599       2503502.2741998192
  1600       2506568.3632338331
  1601       2509636.2049296177
  1602       2512705.7989844461
  1603       2515777.1450954280
  1604       2518850.2429594886
  1605       2521925.0922733885
  1606       2525001.6927337139
  1607       2528080.0440368750
  1608       2531160.1458791150
  1609       2534241.9979564971
  1610       2537325.5999649148
  1611       2540410.9516000939
  1612       2543498.0525575848
  1613       2546586.9025327549
  1614       2549677.5012208130
  1615       2552769.8483167915
  1616       2555863.9435155494
  1617       2558959.7865117709
  1618       2562057.3769999687
  1619       2565156.7146744849
  1620       2568257.7992294910
  1621       2571360.6303589810
  1622       2574465.2077567773
  1623       2577571.5311165336
  1624       2580679.6001317343
  1625       2583789.4144956758
  1626       2586900.9739015014
  1627       2590014.2780421679
  1628       2593129.3266104716
  1629       2596246.1192990309
  1630       2599364.6558002857
  1631       2602484.9358065166
  1632       2605606.9590098239
  1633       2608730.7251021434
  1634       2611856.2337752255
  1635       2614983.4847206576
  1636       2618112.4776298571
  1637       2621243.2121940670
  1638       2624375.6881043524
  1639       2627509.9050516170
  1640       2630645.8627265827
  1641       2633783.5608198172
  1642       2636922.9990216889
  1643       2640064.1770224213
  1644       2643207.0945120449
  1645       2646351.7511804323
  1646       2649498.1467172834
  1647       2652646.2808121187
  1648       2655796.1531542982
  1649       2658947.7634329954
  1650       2662101.1113372315
  1651       2665256.1965558394
  1652       2668413.0187774864
  1653       2671571.5776906693
  1654       2674731.8729837141
  1655       2677893.9043447766
  1656       2681057.6714618336
  1657       2684223.1740227016
  1658       2687390.4117150190
  1659       2690559.3842262514
  1660       2693730.0912437052
  1661       2696902.5324544986
  1662       2700076.7075455878
  1663       2703252.6162037631
  1664       2706430.2581156241
  1665       2709609.6329676257
  1666       2712790.7404460353
  1667       2715973.5802369462
  1668       2719158.1520262985
  1669       2722344.4554998470
  1670       2725532.4903431698
  1671       2728722.2562416978
  1672       2731913.7528806697
  1673       2735106.9799451591
  1674       2738301.9371200725
  1675       2741498.6240901388
  1676       2744697.0405399301
  1677       2747897.1861538258
  1678       2751099.0606160602
  1679       2754302.6636106735
  1680       2757507.9948215550
  1681       2760715.0539324107
  1682       2763923.8406267776
  1683       2767134.3545880211
  1684       2770346.5954993512
  1685       2773560.5630437881
  1686       2776776.2569041909
  1687       2779993.6767632449
  1688       2783212.8223034670
  1689       2786433.6932072039
  1690       2789656.2891566381
  1691       2792880.6098337700
  1692       2796106.6549204378
  1693       2799334.4240982998
  1694       2802563.9170488673
  1695       2805795.1334534497
  1696       2809028.0729932054
  1697       2812262.7353491331
  1698       2815499.1202020333
  1699       2818737.2272325610
  1700       2821977.0561211831
  1701       2825218.6065482120
  1702       2828461.8781937836
  1703       2831706.8707378614
  1704       2834953.5838602395
  1705       2838202.0172405536
  1706       2841452.1705582403
  1707       2844704.0434926124
  1708       2847957.6357227652
  1709       2851212.9469276611
  1710       2854469.9767860691
  1711       2857728.7249766011
  1712       2860989.1911776997
  1713       2864251.3750676215
  1714       2867515.2763244803
  1715       2870780.8946261951
  1716       2874048.2296505324
  1717       2877317.2810750846
  1718       2880588.0485772733
  1719       2883860.5318343528
  1720       2887134.7305234037
  1721       2890410.6443213383
  1722       2893688.2729049018
  1723       2896967.6159506766
  1724       2900248.6731350645
  1725       2903531.4441342996
  1726       2906815.9286244586
  1727       2910102.1262814291
  1728       2913390.0367809553
  1729       2916679.6597985886
  1730       2919970.9950097208
  1731       2923264.0420895815
  1732       2926558.8007132155
  1733       2929855.2705555195
  1734       2933153.4512912021
  1735       2936453.3425948112
  1736       2939754.9441407346
  1737       2943058.2556031724
  1738       2946363.2766561690
  1739       2949670.0069735968
  1740       2952978.4462291622
  1741       2956288.5940964017
  1742       2959600.4502486773
  1743       2962914.0143591887
  1744       2966229.2861009636
  1745       2969546.2651468706
  1746       2972864.9511695961
  1747       2976185.3438416594
  1748       2979507.4428354315
  1749       2982831.2478230894
  1750       2986156.7584766522
  1751       2989483.9744679709
  1752       2992812.8954687370
  1753       2996143.5211504558
  1754       2999475.8511844804
  1755       3002809.8852419737
  1756       3006145.6229939628
  1757       3009483.0641112849
  1758       3012822.2082646056
  1759       3016163.0551244365
  1760       3019505.6043611215
  1761       3022849.8556448170
  1762       3026195.8086455339
  1763       3029543.4630331025
  1764       3032892.8184771920
  1765       3036243.8746472965
  1766       3039596.6312127463
  1767       3042951.0878427029
  1768       3046307.2442061678
  1769       3049665.0999719603
  1770       3053024.6548087434
  1771       3056385.9083850072
  1772       3059748.8603690732
  1773       3063113.5104291053
  1774       3066479.8582330835
  1775       3069847.9034488387
  1776       3073217.6457440061
  1777       3076589.0847860915
  1778       3079962.2202424081
  1779       3083337.0517801051
  1780       3086713.5790661694
  1781       3090091.8017674121
  1782       3093471.7195504960
  1783       3096853.3320818851
  1784       3100236.6390279098
  1785       3103621.6400547046
  1786       3107008.3348282594
  1787       3110396.7230143892
  1788       3113786.8042787309
  1789       3117178.5782867759
  1790       3120572.0447038230
  1791       3123967.2031950266
  1792       3127364.0534253595
  1793       3130762.5950596426
  1794       3134162.8277625092
  1795       3137564.7511984371
  1796       3140968.3650317513
  1797       3144373.6689265794
  1798       3147780.6625469066
  1799       3151189.3455565413
  1800       3154599.7176191346
  1801       3158011.7783981431
  1802       3161425.5275569046
  1803       3164840.9647585438
  1804       3168258.0896660429
  1805       3171676.9019422140
  1806       3175097.4012496960
  1807       3178519.5872509778
  1808       3181943.4596083625
  1809       3185369.0179839968
  1810       3188796.2620398584
  1811       3192225.1914377646
  1812       3195655.8058393491
  1813       3199088.1049061022
  1814       3202522.0882993354
  1815       3205957.7556801913
  1816       3209395.1067096605
  1817       3212834.1410485487
  1818       3216274.8583575110
  1819       3219717.2582970238
  1820       3223161.3405274143
  1821       3226607.1047088117
  1822       3230054.5505012274
  1823       3233503.6775644603
  1824       3236954.4855581759
  1825       3240406.9741418562
  1826       3243861.1429748181
  1827       3247316.9917162266
  1828       3250774.5200250638
  1829       3254233.7275601542
  1830       3257694.6139801582
  1831       3261157.1789435665
  1832       3264621.4221087084
  1833       3268087.3431337448
  1834       3271554.9416766688
  1835       3275024.2173953098
  1836       3278495.1699473360
  1837       3281967.7989902445
  1838       3285442.1041813726
  1839       3288918.0851778863
  1840       3292395.7416367871
  1841       3295875.0732149184
  1842       3299356.0795689421
  1843       3302838.7603553715
  1844       3306323.1152305519
  1845       3309809.1438506618
  1846       3313296.8458716990
  1847       3316786.2209495138
  1848       3320277.2687398070
  1849       3323769.9888980705
  1850       3327264.3810796649
  1851       3330760.4449397852
  1852       3334258.1801334335
  1853       3337757.5863154875
  1854       3341258.6631406196
  1855       3344761.4102633693
  1856       3348265.8273380930
  1857       3351771.9140189905
  1858       3355279.6699600960
  1859       3358789.0948152668
  1860       3362300.1882382180
  1861       3365812.9498824854
  1862       3369327.3794014291
  1863       3372843.4764482812
  1864       3376361.2406760654
  1865       3379880.6717376774
  1866       3383401.7692858223
  1867       3386924.5329730548
  1868       3390448.9624517639
  1869       3393975.0573741607
  1870       3397502.8173923190
  1871       3401032.2421581303
  1872       3404563.3313233079
  1873       3408096.0845394330
  1874       3411630.5014579049
  1875       3415166.5817299550
  1876       3418704.3250066591
  1877       3422243.7309389221
  1878       3425784.7991774934
  1879       3429327.5293729464
  1880       3432871.9211757109
  1881       3436417.9742360236
  1882       3439965.6882039863
  1883       3443515.0627295175
  1884       3447066.0974623719
  1885       3450618.7920521582
  1886       3454173.1461483077
  1887       3457729.1594000752
  1888       3461286.8314565886
  1889       3464846.1619667728
  1890       3468407.1505794185
  1891       3471969.7969431286
  1892       3475534.1007063617
  1893       3479100.0615174063
  1894       3482667.6790243862
  1895       3486236.9528752570
  1896       3489807.8827178190
  1897       3493380.4681997080
  1898       3496954.7089683930
  1899       3500530.6046711765
  1900       3504108.1549552092
  1901       3507687.3594674664
  1902       3511268.2178547704
  1903       3514850.7297637733
  1904       3518434.8948409692
  1905       3522020.7127326750
  1906       3525608.1830850695
  1907       3529197.3055441435
  1908       3532788.0797557440
  1909       3536380.5053655384
  1910       3539974.5820190450
  1911       3543570.3093616101
  1912       3547167.6870384272
  1913       3550766.7146945125
  1914       3554367.3919747290
  1915       3557969.7185237817
  1916       3561573.6939861951
  1917       3565179.3180063511
  1918       3568786.5902284533
  1919       3572395.5102965608
  1920       3576006.0778545467
  1921       3579618.2925461372
  1922       3583232.1540149008
  1923       3586847.6619042186
  1924       3590464.8158573424
  1925       3594083.6155173345
  1926       3597704.0605271095
  1927       3601326.1505294056
  1928       3604949.8851668285
  1929       3608575.2640817771
  1930       3612202.2869165260
  1931       3615830.9533131765
  1932       3619461.2629136601
  1933       3623093.2153597474
  1934       3626726.8102930579
  1935       3630362.0473550423
  1936       3633998.9261869821
  1937       3637637.4464300121
  1938       3641277.6077250876
  1939       3644919.4097130187
  1940       3648562.8520344384
  1941       3652207.9343298338
  1942       3655854.6562395133
  1943       3659503.0174036371
  1944       3663153.0174622010
  1945       3666804.6560550206
  1946       3670457.9328217870
  1947       3674112.8474019980
  1948       3677769.3994349963
  1949       3681427.5885599740
  1950       3685087.4144159518
  1951       3688748.8766417922
  1952       3692411.9748761947
  1953       3696076.7087576999
  1954       3699743.0779246828
  1955       3703411.0820153640
  1956       3707080.7206677878
  1957       3710751.9935198631
  1958       3714424.9002093147
  1959       3718099.4403737085
  1960       3721775.6136504658
  1961       3725453.4196768259
  1962       3729132.8580898806
  1963       3732813.9285265543
  1964       3736496.6306236167
  1965       3740180.9640176650
  1966       3743866.9283451503
  1967       3747554.5232423521
  1968       3751243.7483453956
  1969       3754934.6032902328
  1970       3758627.0877126744
  1971       3762321.2012483501
  1972       3766016.9435327430
  1973       3769714.3142011729
  1974       3773413.3128887974
  1975       3777113.9392306092
  1976       3780816.1928614434
  1977       3784520.0734159839
  1978       3788225.5805287347
  1979       3791932.7138340455
  1980       3795641.4729661341
  1981       3799351.8575590104
  1982       3803063.8672465566
  1983       3806777.5016624848
  1984       3810492.7604403473
  1985       3814209.6432135301
  1986       3817928.1496152813
  1987       3821648.2792786541
  1988       3825370.0318365716
  1989       3829093.4069217714
  1990       3832818.4041668596
  1991       3836545.0232042633
  1992       3840273.2636662521
  1993       3844003.1251849374
  1994       3847734.6073922645
  1995       3851467.7099200282
  1996       3855202.4323998615
  1997       3858938.7744632415
  1998       3862676.7357414700
  1999       3866416.3158657015
  2000       3870157.5144669274
  2001       3873900.3311759834
  2002       3877644.7656235420
  2003       3881390.8174401131
  2004       3885138.4862560458
  2005       3888887.7717015473
  2006       3892638.6734066419
  2007       3896391.1910012062
  2008       3900145.3241149555
  2009       3903901.0723774498
  2010       3907658.4354180791
  2011       3911417.4128660890
  2012       3915178.0043505505
  2013       3918940.2095003850
  2014       3922704.0279443455
  2015       3926469.4593110438
  2016       3930236.5032289121
  2017       3934005.1593262404
  2018       3937775.4272311484
  2019       3941547.3065715949
  2020       3945320.7969753901
  2021       3949095.8980701780
  2022       3952872.6094834395
  2023       3956650.9308425146
  2024       3960430.8617745661
  2025       3964212.4019066077
  2026       3967995.5508654891
  2027       3971780.3082779008
  2028       3975566.6737703779
  2029       3979354.6469692984
  2030       3983144.2275008745
  2031       3986935.4149911660
  2032       3990728.2090660771
  2033       3994522.6093513430
  2034       3998318.6154725449
  2035       4002116.2270551245
  2036       4005915.4437243212
  2037       4009716.2651052587
  2038       4013518.6908228816
  2039       4017322.7205019821
  2040       4021128.3537671943
  2041       4024935.5902429889
  2042       4028744.4295536801
  2043       4032554.8713234244
  2044       4036366.9151762319
  2045       4040180.5607359330
  2046       4043995.8076262204
  2047       4047812.6554706139
  2048       4051631.1038924828
  2049       4055451.1525150365
  2050       4059272.8009613254
  2051       4063096.0488542425
  2052       4066920.8958165231
  2053       4070747.3414707556
  2054       4074575.3854393531
  2055       4078405.0273445733
  2056       4082236.2668085261
  2057       4086069.1034531672
  2058       4089903.5369002689
  2059       4093739.5667714765
  2060       4097577.1926882579
  2061       4101416.4142719372
  2062       4105257.2311436646
  2063       4109099.6429244564
  2064       4112943.6492351452
  2065       4116789.2496964205
  2066       4120636.4439288182
  2067       4124485.2315527066
  2068       4128335.6121883062
  2069       4132187.5854556696
  2070       4136041.1509747026
  2071       4139896.3083651499
  2072       4143753.0572465961
  2073       4147611.3972384757
  2074       4151471.3279600516
  2075       4155332.8490304537
  2076       4159195.9600686342
  2077       4163060.6606933912
  2078       4166926.9505233830
  2079       4170794.8291770932
  2080       4174664.2962728422
  2081       4178535.3514288198
  2082       4182407.9942630385
  2083       4186282.2243933673
  2084       4190158.0414374955
  2085       4194035.4450129815
  2086       4197914.4347372241
  2087       4201795.0102274474
  2088       4205677.1711007366
  2089       4209560.9169740165
  2090       4213446.2474640524
  2091       4217333.1621874450
  2092       4221221.6607606569
  2093       4225111.7427999862
  2094       4229003.4079215685
  2095       4232896.6557413908
  2096       4236791.4858752843
  2097       4240687.8979389220
  2098       4244585.8915478103
  2099       4248485.4663173258
  2100       4252386.6218626639
  2101       4256289.3577988697
  2102       4260193.6737408377
  2103       4264099.5693033068
  2104       4268007.0441008648
  2105       4271916.0977479182
  2106       4275826.7298587495
  2107       4279738.9400474718
  2108       4283652.7279280378
  2109       4287568.0931142485
  2110       4291485.0352197541
  2111       4295403.5538580529
  2112       4299323.6486424599
  2113       4303245.3191861715
  2114       4307168.5651022047
  2115       4311093.3860034281
  2116       4315019.7815025626
  2117       4318947.7512121517
  2118       4322877.2947446043
  2119       4326808.4117121827
  2120       4330741.1017269464
  2121       4334675.3644008562
  2122       4338611.1993456986
  2123       4342548.6061730785
  2124       4346487.5844944902
  2125       4350428.1339212228
  2126       4354370.2540644668
  2127       4358313.9445352023
  2128       4362259.2049442958
  2129       4366206.0349024478
  2130       4370154.4340201849
  2131       4374104.4019079003
  2132       4378055.9381758282
  2133       4382009.0424340358
  2134       4385963.7142924666
  2135       4389919.9533608630
  2136       4393877.7592488611
  2137       4397837.1315658968
  2138       4401798.0699212868
  2139       4405760.5739241829
  2140       4409724.6431835722
  2141       4413690.2773083011
  2142       4417657.4759070445
  2143       4421626.2385883508
  2144       4425596.5649605803
  2145       4429568.4546319703
  2146       4433541.9072105810
  2147       4437516.9223043220
  2148       4441493.4995209714
  2149       4445471.6384681212
  2150       4449451.3387532169
  2151       4453432.5999835758
  2152       4457415.4217663212
  2153       4461399.8037084658
  2154       4465385.7454168219
  2155       4469373.2464980939
  2156       4473362.3065587915
  2157       4477352.9252052922
  2158       4481345.1020438261
  2159       4485338.8366804505
  2160       4489334.1287210863
  2161       4493330.9777714852
  2162       4497329.3834372573
  2163       4501329.3453238569
  2164       4505330.8630365757
  2165       4509333.9361805608
  2166       4513338.5643608067
  2167       4517344.7471821485
  2168       4521352.4842492761
  2169       4525361.7751667183
  2170       4529372.6195388464
  2171       4533385.0169698941
  2172       4537398.9670639290
  2173       4541414.4694248699
  2174       4545431.5236564791
  2175       4549450.1293623773
  2176       4553470.2861460112
  2177       4557491.9936106903
  2178       4561515.2513595754
  2179       4565540.0589956623
  2180       4569566.4161217930
  2181       4573594.3223406579
  2182       4577623.7772548040
  2183       4581654.7804666320
  2184       4585687.3315783590
  2185       4589721.4301920775
  2186       4593757.0759097058
  2187       4597794.2683330392
  2188       4601833.0070636887
  2189       4605873.2917031301
  2190       4609915.1218526866
  2191       4613958.4971135268
  2192       4618003.4170866515
  2193       4622049.8813729426
  2194       4626097.8895730916
  2195       4630147.4412876600
  2196       4634198.5361170592
  2197       4638251.1736615533
  2198       4642305.3535212213
  2199       4646361.0752960192
  2200       4650418.3385857493
  2201       4654477.1429900434
  2202       4658537.4881084021
  2203       4662599.3735401705
  2204       4666662.7988845259
  2205       4670727.7637405097
  2206       4674794.2677070107
  2207       4678862.3103827508
  2208       4682931.8913663188
  2209       4687003.0102561405
  2210       4691075.6666504955
  2211       4695149.8601475023
  2212       4699225.5903451443
  2213       4703302.8568412364
  2214       4707381.6592334546
  2215       4711461.9971193159
  2216       4715543.8700961843
  2217       4719627.2777612759
  2218       4723712.2197116511
  2219       4727798.6955442335
  2220       4731886.7048557755
  2221       4735976.2472428968
  2222       4740067.3223020462
  2223       4744159.9296295363
  2224       4748254.0688215289
  2225       4752349.7394740274
  2226       4756446.9411828732
  2227       4760545.6735437913
  2228       4764645.9361523110
  2229       4768747.7286038566
  2230       4772851.0504936567
  2231       4776955.9014168289
  2232       4781062.2809683075
  2233       4785170.1887428919
  2234       4789279.6243352434
  2235       4793390.5873398352
  2236       4797503.0773510309
  2237       4801617.0939630205
  2238       4805732.6367698461
  2239       4809849.7053653961
  2240       4813968.2993434248
  2241       4818088.4182975227
  2242       4822210.0618211292
  2243       4826333.2295075292
  2244       4830457.9209498651
  2245       4834584.1357411351
  2246       4838711.8734741788
  2247       4842841.1337416805
  2248       4846971.9161361773
  2249       4851104.2202500785
  2250       4855238.0456756009
  2251       4859373.3920048401
  2252       4863510.2588297445
  2253       4867648.6457420858
  2254       4871788.5523335282
  2255       4875929.9781955360
  2256       4880072.9229194634
  2257       4884217.3860964943
  2258       4888363.3673176747
  2259       4892510.8661738839
  2260       4896659.8822558820
  2261       4900810.4151542317
  2262       4904962.4644593988
  2263       4909116.0297616497
  2264       4913271.1106511429
  2265       4917427.7067178739
  2266       4921585.8175516706
  2267       4925745.4427422378
  2268       4929906.5818791147
  2269       4934069.2345516915
  2270       4938233.4003492203
  2271       4942399.0788607961
  2272       4946566.2696753582
  2273       4950734.9723817129
  2274       4954905.1865684977
  2275       4959076.9118242152
  2276       4963250.1477372190
  2277       4967424.8938957080
  2278       4971601.1498877313
  2279       4975778.9153011888
  2280       4979958.1897238381
  2281       4984138.9727432812
  2282       4988321.2639469784
  2283       4992505.0629222412
  2284       4996690.3692562198
  2285       5000877.1825359175
  2286       5005065.5023482023
  2287       5009255.3282797942
  2288       5013446.6599172521
  2289       5017639.4968469767
  2290       5021833.8386552408
  2291       5026029.6849281769
  2292       5030227.0352517478
  2293       5034425.8892117627
  2294       5038626.2463938994
  2295       5042828.1063836906
  2296       5047031.4687665030
  2297       5051236.3331275722
  2298       5055442.6990519697
  2299       5059650.5661246339
  2300       5063859.9339303430
  2301       5068070.8020537375
  2302       5072283.1700792899
  2303       5076497.0375913586
  2304       5080712.4041741341
  2305       5084929.2694116356
  2306       5089147.6328877844
  2307       5093367.4941863120
  2308       5097588.8528908305
  2309       5101811.7085847864
  2310       5106036.0608514799
  2311       5110261.9092740733
  2312       5114489.2534355661
  2313       5118718.0929188346
  2314       5122948.4273065776
  2315       5127180.2561813788
  2316       5131413.5791256372
  2317       5135648.3957216330
  2318       5139884.7055514995
  2319       5144122.5081971958
  2320       5148361.8032405563
  2321       5152602.5902632754
  2322       5156844.8688468682
  2323       5161088.6385727376
  2324       5165333.8990221256
  2325       5169580.6497761058
  2326       5173828.8904156573
  2327       5178078.6205215435
  2328       5182329.8396744365
  2329       5186582.5474548377
  2330       5190836.7434431119
  2331       5195092.4272194644
  2332       5199349.5983639527
  2333       5203608.2564565185
  2334       5207868.4010769073
  2335       5212130.0318047488
  2336       5216393.1482195361
  2337       5220657.7499005888
  2338       5224923.8364270935
  2339       5229191.4073780868
  2340       5233460.4623324685
  2341       5237731.0008689770
  2342       5242003.0225662002
  2343       5246276.5270026149
  2344       5250551.5137565164
  2345       5254827.9824060593
  2346       5259105.9325292706
  2347       5263385.3637039987
  2348       5267666.2755079800
  2349       5271948.6675187871
  2350       5276232.5393138425
  2351       5280517.8904704414
  2352       5284804.7205657130
  2353       5289093.0291766450
  2354       5293382.8158800993
  2355       5297674.0802527638
  2356       5301966.8218711847
  2357       5306261.0403117891
  2358       5310556.7351508262
  2359       5314853.9059644137
  2360       5319152.5523285251
  2361       5323452.6738189850
  2362       5327754.2700114772
  2363       5332057.3404815346
  2364       5336361.8848045375
  2365       5340667.9025557358
  2366       5344975.3933102312
  2367       5349284.3566429773
  2368       5353594.7921287715
  2369       5357906.6993422797
  2370       5362220.0778580187
  2371       5366534.9272503741
  2372       5370851.2470935555
  2373       5375169.0369616468
  2374       5379488.2964285882
  2375       5383809.0250681713
  2376       5388131.2224540422
  2377       5392454.8881596960
  2378       5396780.0217585051
  2379       5401106.6228236668
  2380       5405434.6909282459
  2381       5409764.2256451771
  2382       5414095.2265472319
  2383       5418427.6932070395
  2384       5422761.6251970986
  2385       5427097.0220897403
  2386       5431433.8834571755
  2387       5435772.2088714484
  2388       5440111.9979044739
  2389       5444453.2501280168
  2390       5448795.9651137050
  2391       5453140.1424329979
  2392       5457485.7816572469
  2393       5461832.8823576225
  2394       5466181.4441051874
  2395       5470531.4664708311
  2396       5474882.9490253208
  2397       5479235.8913392471
  2398       5483590.2929830905
  2399       5487946.1535271779
  2400       5492303.4725416834
  2401       5496662.2495966516
  2402       5501022.4842619598
  2403       5505384.1761073647
  2404       5509747.3247024696
  2405       5514111.9296167390
  2406       5518477.9904194800
  2407       5522845.5066798758
  2408       5527214.4779669521
  2409       5531584.9038495915
  2410       5535956.7838965459
  2411       5540330.1176764015
  2412       5544704.9047576254
  2413       5549081.1447085291
  2414       5553458.8370972695
  2415       5557837.9814918842
  2416       5562218.5774602490
  2417       5566600.6245701062
  2418       5570984.1223890511
  2419       5575369.0704845330
  2420       5579755.4684238657
  2421       5584143.3157742182
  2422       5588532.6121026017
  2423       5592923.3569759158
  2424       5597315.5499608768
  2425       5601709.1906240918
  2426       5606104.2785320114
  2427       5610500.8132509477
  2428       5614898.7943470562
  2429       5619298.2213863684
  2430       5623699.0939347632
  2431       5628101.4115579790
  2432       5632505.1738216123
  2433       5636910.3802911118
  2434       5641317.0305317966
  2435       5645725.1241088286
  2436       5650134.6605872326
  2437       5654545.6395318918
  2438       5658958.0605075518
  2439       5663371.9230788061
  2440       5667787.2268101182
  2441       5672203.9712657947
  2442       5676622.1560100093
  2443       5681041.7806067904
  2444       5685462.8446200285
  2445       5689885.3476134688
  2446       5694309.2891507195
  2447       5698734.6687952299
  2448       5703161.4861103306
  2449       5707589.7406591950
  2450       5712019.4320048736
  2451       5716450.5597102335
  2452       5720883.1233380521
  2453       5725317.1224509291
  2454       5729752.5566113247
  2455       5734189.4253815906
  2456       5738627.7283238908
  2457       5743067.4650002830
  2458       5747508.6349726636
  2459       5751951.2378028035
  2460       5756395.2730523124
  2461       5760840.7402826734
  2462       5765287.6390552241
  2463       5769735.9689311637
  2464       5774185.7294715401
  2465       5778636.9202372795
  2466       5783089.5407891376
  2467       5787543.5906877574
  2468       5791999.0694936290
  2469       5796455.9767671078
  2470       5800914.3120683907
  2471       5805374.0749575505
  2472       5809835.2649945114
  2473       5814297.8817390734
  2474       5818761.9247508710
  2475       5823227.3935894081
  2476       5827694.2878140463
  2477       5832162.6069840193
  2478       5836632.3506583991
  2479       5841103.5183961354
  2480       5845576.1097560273
  2481       5850050.1242967295
  2482       5854525.5615767743
  2483       5859002.4211545354
  2484       5863480.7025882537
  2485       5867960.4054360306
  2486       5872441.5292558232
  2487       5876924.0736054545
  2488       5881408.0380425975
  2489       5885893.4221247956
  2490       5890380.2254094481
  2491       5894868.4474538118
  2492       5899358.0878150100
  2493       5903849.1460500099
  2494       5908341.6217156667
  2495       5912835.5143686589
  2496       5917330.8235655660
  2497       5921827.5488628028
  2498       5926325.6898166416
  2499       5930825.2459832197
  2500       5935326.2169185579
  2501       5939828.6021784944
  2502       5944332.4013187634
  2503       5948837.6138949348
  2504       5953344.2394624697
  2505       5957852.2775766542
  2506       5962361.7277926598
  2507       5966872.5896655060
  2508       5971384.8627500804
  2509       5975898.5466011306
  2510       5980413.6407732572
  2511       5984930.1448209342
  2512       5989448.0582984872
  2513       5993967.3807600997
  2514       5998488.1117598228
  2515       6003010.2508515771
  2516       6007533.7975891307
  2517       6012058.7515261071
  2518       6016585.1122160135
  2519       6021112.8792121960
  2520       6025642.0520678824
  2521       6030172.6303361282
  2522       6034704.6135698939
  2523       6039238.0013219798
  2524       6043772.7931450335
  2525       6048308.9885915900
  2526       6052846.5872140350
  2527       6057385.5885646055
  2528       6061925.9921954144
  2529       6066467.7976584379
  2530       6071011.0045054993
  2531       6075555.6122883018
  2532       6080101.6205583857
  2533       6084649.0288671721
  2534       6089197.8367659478
  2535       6093748.0438058488
  2536       6098299.6495378688
  2537       6102852.6535128839
  2538       6107407.0552816205
  2539       6111962.8543946566
  2540       6116520.0504024522
  2541       6121078.6428553183
  2542       6125638.6313034259
  2543       6130200.0152968084
  2544       6134762.7943853764
  2545       6139326.9681188911
  2546       6143892.5360469669
  2547       6148459.4977190979
  2548       6153027.8526846264
  2549       6157597.6004927810
  2550       6162168.7406926164
  2551       6166741.2728330772
  2552       6171315.1964629618
  2553       6175890.5111309374
  2554       6180467.2163855126
  2555       6185045.3117750995
  2556       6189624.7968479320
  2557       6194205.6711521223
  2558       6198787.9342356520
  2559       6203371.5856463620
  2560       6207956.6249319529
  2561       6212543.0516399834
  2562       6217130.8653178941
  2563       6221720.0655129692
  2564       6226310.6517723715
  2565       6230902.6236431040
  2566       6235495.9806720503
  2567       6240090.7224059710
  2568       6244686.8483914556
  2569       6249284.3581749871
  2570       6253883.2513028914
  2571       6258483.5273213759
  2572       6263085.1857764954
  2573       6267688.2262141798
  2574       6272292.6481802147
  2575       6276898.4512202544
  2576       6281505.6348798135
  2577       6286114.1987042753
  2578       6290724.1422388777
  2579       6295335.4650287358
  2580       6299948.1666188221
  2581       6304562.2465539631
  2582       6309177.7043788629
  2583       6313794.5396380853
  2584       6318412.7518760609
  2585       6323032.3406370757
  2586       6327653.3054653015
  2587       6332275.6459047394
  2588       6336899.3614992788
  2589       6341524.4517926732
  2590       6346150.9163285261
  2591       6350778.7546503255
  2592       6355407.9663014133
  2593       6360038.5508249952
  2594       6364670.5077641392
  2595       6369303.8366617756
  2596       6373938.5370607162
  2597       6378574.6085036183
  2598       6383212.0505330097
  2599       6387850.8626912925
  2600       6392491.0445207180
  2601       6397132.5955634257
  2602       6401775.5153613836
  2603       6406419.8034564517
  2604       6411065.4593903571
  2605       6415712.4827046748
  2606       6420360.8729408542
  2607       6425010.6296402179
  2608       6429661.7523439405
  2609       6434314.2405930581
  2610       6438968.0939284945
  2611       6443623.3118910166
  2612       6448279.8940212699
  2613       6452937.8398597511
  2614       6457597.1489468347
  2615       6462257.8208227651
  2616       6466919.8550276384
  2617       6471583.2511014203
  2618       6476248.0085839396
  2619       6480914.1270149061
  2620       6485581.6059338814
  2621       6490250.4448802909
  2622       6494920.6433934309
  2623       6499592.2010124717
  2624       6504265.1172764376
  2625       6508939.3917242186
  2626       6513615.0238945838
  2627       6518292.0133261429
  2628       6522970.3595574107
  2629       6527650.0621267194
  2630       6532331.1205723081
  2631       6537013.5344322640
  2632       6541697.3032445461
  2633       6546382.4265469769
  2634       6551068.9038772462
  2635       6555756.7347729113
  2636       6560445.9187713880
  2637       6565136.4554099673
  2638       6569828.3442258062
  2639       6574521.5847559264
  2640       6579216.1765372120
  2641       6583912.1191064296
  2642       6588609.4120001849
  2643       6593308.0547549771
  2644       6598008.0469071623
  2645       6602709.3879929557
  2646       6607412.0775484517
  2647       6612116.1151096039
  2648       6616821.5002122372
  2649       6621528.2323920354
  2650       6626236.3111845618
  2651       6630945.7361252429
  2652       6635656.5067493599
  2653       6640368.6225920878
  2654       6645082.0831884379
  2655       6649796.8880733028
  2656       6654513.0367814479
  2657       6659230.5288475025
  2658       6663949.3638059590
  2659       6668669.5411911868
  2660       6673391.0605374118
  2661       6678113.9213787280
  2662       6682838.1232491005
  2663       6687563.6656823680
  2664       6692290.5482122265
  2665       6697018.7703722576
  2666       6701748.3316958779
  2667       6706479.2317164075
  2668       6711211.4699670095
  2669       6715945.0459807338
  2670       6720679.9592904765
  2671       6725416.2094290238
  2672       6730153.7959290091
  2673       6734892.7183229560
  2674       6739632.9761432316
  2675       6744374.5689221090
  2676       6749117.4961916842
  2677       6753861.7574839452
  2678       6758607.3523307508
  2679       6763354.2802638216
  2680       6768102.5408147527
  2681       6772852.1335149920
  2682       6777603.0578958783
  2683       6782355.3134886054
  2684       6787108.8998242393
  2685       6791863.8164337035
  2686       6796620.0628478089
  2687       6801377.6385972276
  2688       6806136.5432124957
  2689       6810896.7762240283
  2690       6815658.3371620942
  2691       6820421.2255568514
  2692       6825185.4409383051
  2693       6829950.9828363443
  2694       6834717.8507807236
  2695       6839486.0443010628
  2696       6844255.5629268633
  2697       6849026.4061874738
  2698       6853798.5736121330
  2699       6858572.0647299467
  2700       6863346.8790698703
  2701       6868123.0161607452
  2702       6872900.4755312866
  2703       6877679.2567100720
  2704       6882459.3592255432
  2705       6887240.7826060280
  2706       6892023.5263797073
  2707       6896807.5900746249
  2708       6901592.9732187251
  2709       6906379.6753398003
  2710       6911167.6959655099
  2711       6915957.0346233975
  2712       6920747.6908408646
  2713       6925539.6641451837
  2714       6930332.9540635003
  2715       6935127.5601228392
  2716       6939923.4818500821
  2717       6944720.7187719895
  2718       6949519.2704151748
  2719       6954319.1363061471
  2720       6959120.3159712618
  2721       6963922.8089367701
  2722       6968726.6147287628
  2723       6973531.7328732433
  2724       6978338.1628960352
  2725       6983145.9043228719
  2726       6987954.9566793339
  2727       6992765.3194908816
  2728       6997576.9922828637
  2729       7002389.9745804677
  2730       7007204.2659087609
  2731       7012019.8657926982
  2732       7016836.7737570880
  2733       7021654.9893266177
  2734       7026474.5120258434
  2735       7031295.3413791964
  2736       7036117.4769109674
  2737       7040940.9181453334
  2738       7045765.6646063253
  2739       7050591.7158178678
  2740       7055419.0713037271
  2741       7060247.7305875756
  2742       7065077.6931929216
  2743       7069908.9586431775
  2744       7074741.5264616087
  2745       7079575.3961713491
  2746       7084410.5672954181
  2747       7089247.0393566890
  2748       7094084.8118779287
  2749       7098923.8843817506
  2750       7103764.2563906582
  2751       7108605.9274270236
  2752       7113448.8970130906
  2753       7118293.1646709712
  2754       7123138.7299226429
  2755       7127985.5922899768
  2756       7132833.7512946855
  2757       7137683.2064583907
  2758       7142533.9573025517
  2759       7147386.0033485210
  2760       7152239.3441175092
  2761       7157093.9791306155
  2762       7161949.9079087973
  2763       7166807.1299728900
  2764       7171665.6448436035
  2765       7176525.4520415124
  2766       7181386.5510870721
  2767       7186248.9415006079
  2768       7191112.6228023227
  2769       7195977.5945122754
  2770       7200843.8561504073
  2771       7205711.4072365444
  2772       7210580.2472903701
  2773       7215450.3758314429
  2774       7220321.7923791986
  2775       7225194.4964529453
  2776       7230068.4875718653
  2777       7234943.7652549958
  2778       7239820.3290212825
  2779       7244698.1783895185
  2780       7249577.3128783656
  2781       7254457.7320063757
  2782       7259339.4352919674
  2783       7264222.4222534364
  2784       7269106.6924089380
  2785       7273992.2452765135
  2786       7278879.0803740788
  2787       7283767.1972194174
  2788       7288656.5953301927
  2789       7293547.2742239200
  2790       7298439.2334180241
  2791       7303332.4724297700
  2792       7308226.9907763274
  2793       7313122.7879747069
  2794       7318019.8635418219
  2795       7322918.2169944355
  2796       7327817.8478492144
  2797       7332718.7556226598
  2798       7337620.9398311786
  2799       7342524.3999910410
  2800       7347429.1356183859
  2801       7352335.1462292392
  2802       7357242.4313394967
  2803       7362150.9904649165
  2804       7367060.8231211491
  2805       7371971.9288236983
  2806       7376884.3070879737
  2807       7381797.9574292079
  2808       7386712.8793625794
  2809       7391629.0724030752
  2810       7396546.5360655896
  2811       7401465.2698648823
  2812       7406385.2733156048
  2813       7411306.5459322529
  2814       7416229.0872292221
  2815       7421152.8967207745
  2816       7426077.9739210410
  2817       7431004.3183440361
  2818       7435931.9295036532
  2819       7440860.8069136450
  2820       7445790.9500876479
  2821       7450722.3585391790
  2822       7455655.0317816185
  2823       7460588.9693282405
  2824       7465524.1706921682
  2825       7470460.6353864251
  2826       7475398.3629238913
  2827       7480337.3528173370
  2828       7485277.6045793910
  2829       7490219.1177225728
  2830       7495161.8917592792
  2831       7500105.9262017673
  2832       7505051.2205621777
  2833       7509997.7743525272
  2834       7514945.5870847087
  2835       7519894.6582704997
  2836       7524844.9874215331
  2837       7529796.5740493303
  2838       7534749.4176652851
  2839       7539703.5177806765
  2840       7544658.8739066478
  2841       7549615.4855542229
  2842       7554573.3522343030
  2843       7559532.4734576624
  2844       7564492.8487349534
  2845       7569454.4775767066
  2846       7574417.3594933199
  2847       7579381.4939950882
  2848       7584346.8805921627
  2849       7589313.5187945636
  2850       7594281.4081122214
  2851       7599250.5480549103
  2852       7604220.9381323038
  2853       7609192.5778539348
  2854       7614165.4667292200
  2855       7619139.6042674584
  2856       7624114.9899778152
  2857       7629091.6233693417
  2858       7634069.5039509600
  2859       7639048.6312314728
  2860       7644029.0047195544
  2861       7649010.6239237646
  2862       7653993.4883525278
  2863       7658977.5975141665
  2864       7663962.9509168528
  2865       7668949.5480686594
  2866       7673937.3884775341
  2867       7678926.4716512831
  2868       7683916.7970976010
  2869       7688908.3643240640
  2870       7693901.1728381272
  2871       7698895.2221471174
  2872       7703890.5117582306
  2873       7708887.0411785720
  2874       7713884.8099150751
  2875       7718883.8174746046
  2876       7723884.0633638538
  2877       7728885.5470894296
  2878       7733888.2681578035
  2879       7738892.2260753224
  2880       7743897.4203482158
  2881       7748903.8504825858
  2882       7753911.5159844225
  2883       7758920.4163595857
  2884       7763930.5511138188
  2885       7768941.9197527347
  2886       7773954.5217818310
  2887       7778968.3567064842
  2888       7783983.4240319449
  2889       7788999.7232633466
  2890       7794017.2539057098
  2891       7799036.0154639035
  2892       7804056.0074427025
  2893       7809077.2293467568
  2894       7814099.6806805898
  2895       7819123.3609485971
  2896       7824148.2696550796
  2897       7829174.4063041871
  2898       7834201.7703999430
  2899       7839230.3614462782
  2900       7844260.1789469970
  2901       7849291.2224057699
  2902       7854323.4913261477
  2903       7859356.9852115745
  2904       7864391.7035653573
  2905       7869427.6458906867
  2906       7874464.8116906369
  2907       7879503.2004681621
  2908       7884542.8117260858
  2909       7889583.6449671267
  2910       7894625.6996938623
  2911       7899668.9754087748
  2912       7904713.4716141988
  2913       7909759.1878123768
  2914       7914806.1235054033
  2915       7919854.2781952694
  2916       7924903.6513838442
  2917       7929954.2425728720
  2918       7935006.0512639815
  2919       7940059.0769586749
  2920       7945113.3191583445
  2921       7950168.7773642512
  2922       7955225.4510775385
  2923       7960283.3397992440
  2924       7965342.4430302577
  2925       7970402.7602713807
  2926       7975464.2910232712
  2927       7980527.0347864795
  2928       7985590.9910614286
  2929       7990656.1593484301
  2930       7995722.5391476694
  2931       8000790.1299592229
  2932       8005858.9312830195
  2933       8010928.9426189112
  2934       8016000.1634666007
  2935       8021072.5933256736
  2936       8026146.2316955999
  2937       8031221.0780757377
  2938       8036297.1319653224
  2939       8041374.3928634627
  2940       8046452.8602691479
  2941       8051532.5336812707
  2942       8056613.4125985671
  2943       8061695.4965196922
  2944       8066778.7849431476
  2945       8071863.2773673525
  2946       8076948.9732905654
  2947       8082035.8722109729
  2948       8087123.9736266024
  2949       8092213.2770353844
  2950       8097303.7819351247
  2951       8102395.4878235087
  2952       8107488.3941981075
  2953       8112582.5005563684
  2954       8117677.8063956359
  2955       8122774.3112131087
  2956       8127872.0145058911
  2957       8132970.9157709619
  2958       8138071.0145051684
  2959       8143172.3102052677
  2960       8148274.8023678726
  2961       8153378.4904894875
  2962       8158483.3740665130
  2963       8163589.4525952069
  2964       8168696.7255717190
  2965       8173805.1924920836
  2966       8178914.8528522160
  2967       8184025.7061479110
  2968       8189137.7518748539
  2969       8194250.9895286048
  2970       8199365.4186046114
  2971       8204481.0385982003
  2972       8209597.8490045769
  2973       8214715.8493188331
  2974       8219835.0390359554
  2975       8224955.4176507834
  2976       8230076.9846580662
  2977       8235199.7395524168
  2978       8240323.6818283582
  2979       8245448.8109802669
  2980       8250575.1265024180
  2981       8255702.6278889673
  2982       8260831.3146339441
  2983       8265961.1862312742
  2984       8271092.2421747614
  2985       8276224.4819580875
  2986       8281357.9050748292
  2987       8286492.5110184345
  2988       8291628.2992822360
  2989       8296765.2693594620
  2990       8301903.4207432074
  2991       8307042.7529264651
  2992       8312183.2654021019
  2993       8317324.9576628683
  2994       8322467.8292014021
  2995       8327611.8795102229
  2996       8332757.1080817478
  2997       8337903.5144082410
  2998       8343051.0979818869
  2999       8348199.8582947552
  3000       8353349.7948387563
  3001       8358500.9071057262
  3002       8363653.1945873853
  3003       8368806.6567753041
  3004       8373961.2931609694
  3005       8379117.1032357411
  3006       8384274.0864908639
  3007       8389432.2424174584
  3008       8394591.5705065392
  3009       8399752.0702490024
  3010       8404913.7411356363
  3011       8410076.5826570988
  3012       8415240.5943039414
  3013       8420405.7755665965
  3014       8425572.1259353925
  3015       8430739.6449005287
  3016       8435908.3319520839
  3017       8441078.1865800396
  3018       8446249.2082742527
  3019       8451421.3965244535
  3020       8456594.7508203033
  3021       8461769.2706512772
  3022       8466944.9555067979
  3023       8472121.8048761282
  3024       8477299.8182484508
  3025       8482478.9951128066
  3026       8487659.3349581528
  3027       8492840.8372732904
  3028       8498023.5015469417
  3029       8503207.3272677064
  3030       8508392.3139240332
  3031       8513578.4610043168
  3032       8518765.7679968029
  3033       8523954.2343896180
  3034       8529143.8596707899
  3035       8534334.6433282234
  3036       8539526.5848497003
  3037       8544719.6837229189
  3038       8549913.9394354355
  3039       8555109.3514746949
  3040       8560305.9193280395
  3041       8565503.6424826849
  3042       8570702.5204257444
  3043       8575902.5526442174
  3044       8581103.7386249695
  3045       8586306.0778547786
  3046       8591509.5698202830
  3047       8596714.2140080389
  3048       8601920.0099044628
  3049       8607126.9569958616
  3050       8612335.0547684412
  3051       8617544.3027082831
  3052       8622754.7003013529
  3053       8627966.2470335215
  3054       8633178.9423905164
  3055       8638392.7858579811
  3056       8643607.7769214194
  3057       8648823.9150662478
  3058       8654041.1997777522
  3059       8659259.6305411011
  3060       8664479.2068413720
  3061       8669699.9281635173
  3062       8674921.7939923592
  3063       8680144.8038126454
  3064       8685368.9571089689
  3065       8690594.2533658445
  3066       8695820.6920676455
  3067       8701048.2726986632
  3068       8706276.9947430473
  3069       8711506.8576848432
  3070       8716737.8610079996
  3071       8721970.0041963309
  3072       8727203.2867335565
  3073       8732437.7081032675
  3074       8737673.2677889559
  3075       8742909.9652739894
  3076       8748147.8000416309
  3077       8753386.7715750448
  3078       8758626.8793572579
  3079       8763868.1228711940
  3080       8769110.5015996620
  3081       8774354.0150253735
  3082       8779598.6626309119
  3083       8784844.4438987542
  3084       8790091.3583112713
  3085       8795339.4053507149
  3086       8800588.5844992269
  3087       8805838.8952388410
  3088       8811090.3370514624
  3089       8816342.9094189089
  3090       8821596.6118228845
  3091       8826851.4437449630
  3092       8832107.4046666138
  3093       8837364.4940692075
  3094       8842622.7114339918
  3095       8847882.0562420879
  3096       8853142.5279745441
  3097       8858404.1261122692
  3098       8863666.8501360696
  3099       8868930.6995266378
  3100       8874195.6737645585
  3101       8879461.7723303046
  3102       8884728.9947042316
  3103       8889997.3403665852
  3104       8895266.8087975178
  3105       8900537.3994770516
  3106       8905809.1118850932
  3107       8911081.9455014803
  3108       8916355.8998058774
  3109       8921630.9742778875
  3110       8926907.1683969814
  3111       8932184.4816425182
  3112       8937462.9134937469
  3113       8942742.4634298291
  3114       8948023.1309297867
  3115       8953304.9154725522
  3116       8958587.8165369295
  3117       8963871.8336016312
  3118       8969156.9661452323
  3119       8974443.2136462349
  3120       8979730.5755829997
  3121       8985019.0514337905
  3122       8990308.6406767666
  3123       8995599.3427899592
  3124       9000891.1572513189
  3125       9006184.0835386533
  3126       9011478.1211296767
  3127       9016773.2695020027
  3128       9022069.5281331223
  3129       9027366.8965004217
  3130       9032665.3740811739
  3131       9037964.9603525400
  3132       9043265.6547915805
  3133       9048567.4568752367
  3134       9053870.3660803605
  3135       9059174.3818836678
  3136       9064479.5037617795
  3137       9069785.7311912160
  3138       9075093.0636483654
  3139       9080401.5006095320
  3140       9085711.0415508822
  3141       9091021.6859485023
  3142       9096333.4332783613
  3143       9101646.2830163017
  3144       9106960.2346380800
  3145       9112275.2876193356
  3146       9117591.4414355978
  3147       9122908.6955622900
  3148       9128227.0494747143
  3149       9133546.5026480872
  3150       9138867.0545575060
  3151       9144188.7046779506
  3152       9149511.4524843004
  3153       9154835.2974513248
  3154       9160160.2390536964
  3155       9165486.2767659612
  3156       9170813.4100625664
  3157       9176141.6384178475
  3158       9181470.9613060486
  3159       9186801.3782012742
  3160       9192132.8885775525
  3161       9197465.4919087794
  3162       9202799.1876687575
  3163       9208133.9753311891
  3164       9213469.8543696236
  3165       9218806.8242575731
  3166       9224144.8844683841
  3167       9229484.0344753191
  3168       9234824.2737515401
  3169       9240165.6017700788
  3170       9245508.0180038847
  3171       9250851.5219257753
  3172       9256196.1130084936
  3173       9261541.7907246333
  3174       9266888.5545467101
  3175       9272236.4039471280
  3176       9277585.3383981846
  3177       9282935.3573720511
  3178       9288286.4603408240
  3179       9293638.6467764713
  3180       9298991.9161508549
  3181       9304346.2679357342
  3182       9309701.7016027700
  3183       9315058.2166235000
  3184       9320415.8124693707
  3185       9325774.4886117000
  3186       9331134.2445217259
  3187       9336495.0796705596
  3188       9341856.9935292248
  3189       9347219.9855686165
  3190       9352584.0552595407
  3191       9357949.2020726912
  3192       9363315.4254786503
  3193       9368682.7249479014
  3194       9374051.0999508202
  3195       9379420.5499576665
  3196       9384791.0744386241
  3197       9390162.6728637274
  3198       9395535.3447029330
  3199       9400909.0894260891
  3200       9406283.9065029398
  3201       9411659.7954031061
  3202       9417036.7555961255
  3203       9422414.7865514122
  3204       9427793.8877382781
  3205       9433174.0586259421
  3206       9438555.2986835111
  3207       9443937.6073799767
  3208       9449320.9841842353
  3209       9454705.4285650682
  3210       9460090.9399911761
  3211       9465477.5179311223
  3212       9470865.1618533842
  3213       9476253.8712263182
  3214       9481643.6455182079
  3215       9487034.4841971863
  3216       9492426.3867313210
  3217       9497819.3525885567
  3218       9503213.3812367357
  3219       9508608.4721435923
  3220       9514004.6247767564
  3221       9519401.8386037573
  3222       9524800.1130920257
  3223       9530199.4477088694
  3224       9535599.8419215064
  3225       9541001.2951970417
  3226       9546403.8070024904
  3227       9551807.3768047392
  3228       9557212.0040705949
  3229       9562617.6882667411
  3230       9568024.4288597722
  3231       9573432.2253161650
  3232       9578841.0771022961
  3233       9584250.9836844485
  3234       9589661.9445287846
  3235       9595073.9591013808
  3236       9600487.0268681832
  3237       9605901.1472950671
  3238       9611316.3198477812
  3239       9616732.5439919699
  3240       9622149.8191931900
  3241       9627568.1449168716
  3242       9632987.5206283685
  3243       9638407.9457929116
  3244       9643829.4198756311
  3245       9649251.9423415512
  3246       9654675.5126556158
  3247       9660100.1302826293
  3248       9665525.7946873158
  3249       9670952.5053342916
  3250       9676380.2616880722
  3251       9681809.0632130485
  3252       9687238.9093735609
  3253       9692669.7996337749
  3254       9698101.7334578168
  3255       9703534.7103096731
  3256       9708968.7296532355
  3257       9714403.7909523100
  3258       9719839.8936705627
  3259       9725277.0372715946
  3260       9730715.2212188747
  3261       9736154.4449757989
  3262       9741594.7080056332
  3263       9747036.0097715631
  3264       9752478.3497366495
  3265       9757921.7273638640
  3266       9763366.1421160884
  3267       9768811.5934560690
  3268       9774258.0808464773
  3269       9779705.6037498806
  3270       9785154.1616287269
  3271       9790603.7539453786
  3272       9796054.3801620845
  3273       9801506.0397410020
  3274       9806958.7321441844
  3275       9812412.4568335656
  3276       9817867.2132710181
  3277       9823323.0009182561
  3278       9828779.8192369435
  3279       9834237.6676886100
  3280       9839696.5457347035
  3281       9845156.4528365638
  3282       9850617.3884554245
  3283       9856079.3520524111
  3284       9861542.3430885654
  3285       9867006.3610248249
  3286       9872471.4053220209
  3287       9877937.4754408635
  3288       9883404.5708420034
  3289       9888872.6909859553
  3290       9894341.8353331499
  3291       9899812.0033439100
  3292       9905283.1944784671
  3293       9910755.4081969317
  3294       9916228.6439593341
  3295       9921702.9012255929
  3296       9927178.1794555318
  3297       9932654.4781088643
  3298       9938131.7966452222
  3299       9943610.1345241126
  3300       9949089.4912049510
  3301       9954569.8661470637
  3302       9960051.2588096596
  3303       9965533.6686518658
  3304       9971017.0951326899
  3305       9976501.5377110504
  3306       9981986.9958457556
  3307       9987473.4689955339
  3308       9992960.9566189870
  3309       9998449.4581746385
  3310      10003938.9731209036
  3311      10009429.5009160917
  3312      10014921.0410184283
  3313      10020413.5928860139
  3314      10025907.1559768766
  3315      10031401.7297489233
  3316      10036897.3136599716
  3317      10042393.9071677402
  3318      10047891.5097298380
  3319      10053390.1208037995
  3320      10058889.7398470193
  3321      10064390.3663168345
  3322      10069891.9996704534
  3323      10075394.6393649951
  3324      10080898.2848574854
  3325      10086402.9356048368
  3326      10091908.5910638813
  3327      10097415.2506913263
  3328      10102922.9139438104
  3329      10108431.5802778471
  3330      10113941.2491498664
  3331      10119451.9200161938
  3332      10124963.5923330560
  3333      10130476.2655565869
  3334      10135989.9391428027
  3335      10141504.6125476491
  3336      10147020.2852269504
  3337      10152536.9566364419
  3338      10158054.6262317635
  3339      10163573.2934684381
  3340      10169092.9578019232
  3341      10174613.6186875422
  3342      10180135.2755805477
  3343      10185657.9279360790
  3344      10191181.5752091799
  3345      10196706.2168548033
  3346      10202231.8523277864
  3347      10207758.4810828920
  3348      10213286.1025747601
  3349      10218814.7162579615
  3350      10224344.3215869367
  3351      10229874.9180160556
  3352      10235406.5049995724
  3353      10240939.0819916632
  3354      10246472.6484463792
  3355      10252007.2038176954
  3356      10257542.7475594729
  3357      10263079.2791255079
  3358      10268616.7979694456
  3359      10274155.3035448827
  3360      10279694.7953053024
  3361      10285235.2727040760
  3362      10290776.7351945005
  3363      10296319.1822297592
  3364      10301862.6132629439
  3365      10307407.0277470518
  3366      10312952.4251349773
  3367      10318498.8048795164
  3368      10324046.1664333921
  3369      10329594.5092491861
  3370      10335143.8327794280
  3371      10340694.1364765223
  3372      10346245.4197927844
  3373      10351797.6821804419
  3374      10357350.9230916034
  3375      10362905.1419783141
  3376      10368460.3382924926
  3377      10374016.5114859771
  3378      10379573.6610104982
  3379      10385131.7863177080
  3380      10390690.8868591394
  3381      10396250.9620862510
  3382      10401812.0114503819
  3383      10407374.0344028026
  3384      10412937.0303946640
  3385      10418500.9988770448
  3386      10424065.9393008910
  3387      10429631.8511170857
  3388      10435198.7337764110
  3389      10440766.5867295340
  3390      10446335.4094270580
  3391      10451905.2013194617
  3392      10457475.9618571233
  3393      10463047.6904903706
  3394      10468620.3866693899
  3395      10474194.0498442668
  3396      10479768.6794650722
  3397      10485344.2749816682
  3398      10490920.8358438965
  3399      10496498.3615014721
  3400      10502076.8514040317
  3401      10507656.3050011229
  3402      10513236.7217421699
  3403      10518818.1010765154
  3404      10524400.4424534030
  3405      10529983.7453220207
  3406      10535568.0091314707
  3407      10541153.2333306056
  3408      10546739.4173682630
  3409      10552326.5606934130
  3410      10557914.6627545897
  3411      10563503.7230004705
  3412      10569093.7408793960
  3413      10574684.7158398908
  3414      10580276.6473301519
  3415      10585869.5347986612
  3416      10591463.3776931763
  3417      10597058.1754619610
  3418      10602653.9275528472
  3419      10608250.6334137022
  3420      10613848.2924921531
  3421      10619446.9042360298
  3422      10625046.4680926967
  3423      10630646.9835097715
  3424      10636248.4499345534
  3425      10641850.8668141868
  3426      10647454.2335960753
  3427      10653058.5497270506
  3428      10658663.8146544080
  3429      10664270.0278247502
  3430      10669877.1886849310
  3431      10675485.2966817990
  3432      10681094.3512618318
  3433      10686704.3518716209
  3434      10692315.2979575712
  3435      10697927.1889660545
  3436      10703540.0243432410
  3437      10709153.8035352975
  3438      10714768.5259882864
  3439      10720384.1911481991
  3440      10726000.7984608710
  3441      10731618.3473720253
  3442      10737236.8373274188
  3443      10742856.2677725982
  3444      10748476.6381530762
  3445      10754097.9479142316
  3446      10759720.1965014786
  3447      10765343.3833598774
  3448      10770967.5079346783
  3449      10776592.5696707871
  3450      10782218.5680132639
  3451      10787845.5024068952
  3452      10793473.3722964860
  3453      10799102.1771266498
  3454      10804731.9163419642
  3455      10810362.5893869456
  3456      10815994.1957058962
  3457      10821626.7347432096
  3458      10827260.2059429735
  3459      10832894.6087494269
  3460      10838529.9426064864
  3461      10844166.2069581561
  3462      10849803.4012482148
  3463      10855441.5249204244
  3464      10861080.5774184149
  3465      10866720.5581857841
  3466      10872361.4666659664
  3467      10878003.3023023028
  3468      10883646.0645381939
  3469      10889289.7528167684
  3470      10894934.3665811084
  3471      10900579.9052742030
  3472      10906226.3683390487
  3473      10911873.7552184258
  3474      10917522.0653550792
  3475      10923171.2981916517
  3476      10928821.4531706795
  3477      10934472.5297346693
  3478      10940124.5273259860
  3479      10945777.4453868400
  3480      10951431.2833595295
  3481      10957086.0406860672
  3482      10962741.7168085165
  3483      10968398.3111688010
  3484      10974055.8232086953
  3485      10979714.2523699738
  3486      10985373.5980942789
  3487      10991033.8598231543
  3488      10996695.0369980726
  3489      11002357.1290604621
  3490      11008020.1354515143
  3491      11013684.0556125101
  3492      11019348.8889844920
  3493      11025014.6350084879
  3494      11030681.2931254692
  3495      11036348.8627762198
  3496      11042017.3434014842
  3497      11047686.7344419602
  3498      11053357.0353381727
  3499      11059028.2455306146
  3500      11064700.3644596767
  3501      11070373.3915656265
  3502      11076047.3262887299
  3503      11081722.1680690292
  3504      11087397.9163466040
  3505      11093074.5705613699
  3506      11098752.1301532146
  3507      11104430.5945618264
  3508      11110109.9632269405
  3509      11115790.2355881054
  3510      11121471.4110848121
  3511      11127153.4891564921
  3512      11132836.4692424219
  3513      11138520.3507818580
  3514      11144205.1332139019
  3515      11149890.8159776293
  3516      11155577.3985119890
  3517      11161264.8802558482
  3518      11166953.2606479768
  3519      11172642.5391270500
  3520      11178332.7151317429
  3521      11184023.7881005015
  3522      11189715.7574717980
  3523      11195408.6226839274
  3524      11201102.3831751700
  3525      11206797.0383836571
  3526      11212492.5877474844
  3527      11218189.0307046492
  3528      11223886.3666930031
  3529      11229584.5951504000
  3530      11235283.7155145053
  3531      11240983.7272229996
  3532      11246684.6297134329
  3533      11252386.4224232174
  3534      11258089.1047897767
  3535      11263792.6762503330
  3536      11269497.1362421121
  3537      11275202.4842022154
  3538      11280908.7195676304
  3539      11286615.8417753335
  3540      11292323.8502621520
  3541      11298032.7444648221
  3542      11303742.5238200370
  3543      11309453.1877643522
  3544      11315164.7357342783
  3545      11320877.1671662033
  3546      11326590.4814964700
  3547      11332304.6781612951
  3548      11338019.7565968391
  3549      11343735.7162391227
  3550      11349452.5565241482
  3551      11355170.2768877652
  3552      11360888.8767658379
  3553      11366608.3555939887
  3554      11372328.7128078900
  3555      11378049.9478430990
  3556      11383772.0601350162
  3557      11389495.0491190422
  3558      11395218.9142304063
  3559      11400943.6549043432
  3560      11406669.2705759536
  3561      11412395.7606802452
  3562      11418123.1246521492
  3563      11423851.3619265109
  3564      11429580.4719380699
  3565      11435310.4541215245
  3566      11441041.3079114705
  3567      11446773.0327423997
  3568      11452505.6280486751
  3569      11458239.0932647027
  3570      11463973.4278246704
  3571      11469708.6311627589
  3572      11475444.7027130648
  3573      11481181.6419095211
  3574      11486919.4481860418
  3575      11492658.1209764648
  3576      11498397.6597145218
  3577      11504138.0638338216
  3578      11509879.3327679560
  3579      11515621.4659503624
  3580      11521364.4628144596
  3581      11527108.3227935545
  3582      11532853.0453208312
  3583      11538598.6298294421
  3584      11544345.0757524427
  3585      11550092.3825227711
  3586      11555840.5495733246
  3587      11561589.5763368942
  3588      11567339.4622461721
  3589      11573090.2067337930
  3590      11578841.8092322815
  3591      11584594.2691741176
  3592      11590347.5859916396
  3593      11596101.7591171507
  3594      11601856.7879828513
  3595      11607612.6720208339
  3596      11613369.4106631335
  3597      11619127.0033417363
  3598      11624885.4494884703
  3599      11630644.7485351041
  3600      11636404.8999133427
  3601      11642165.9030548278
  3602      11647927.7573910169
  3603      11653690.4623534083
  3604      11659454.0173733402
  3605      11665218.4218821004
  3606      11670983.6753108688
  3607      11676749.7770907115
  3608      11682516.7266527284
  3609      11688284.5234277975
  3610      11694053.1668467950
  3611      11699822.6563404799
  3612      11705592.9913395755
  3613      11711364.1712746508
  3614      11717136.1955762450
  3615      11722909.0636747945
  3616      11728682.7750006281
  3617      11734457.3289840706
  3618      11740232.7250552475
  3619      11746008.9626443200
  3620      11751786.0411812738
  3621      11757563.9600960780
  3622      11763342.7188185509
  3623      11769122.3167784829
  3624      11774902.7534055766
  3625      11780684.0281294305
  3626      11786466.1403795797
  3627      11792249.0895854402
  3628      11798032.8751763962
  3629      11803817.4965817109
  3630      11809602.9532305989
  3631      11815389.2445521522
  3632      11821176.3699754011
  3633      11826964.3289293200
  3634      11832753.1208427399
  3635      11838542.7451444659
  3636      11844333.2012631949
  3637      11850124.4886275306
  3638      11855916.6066660434
  3639      11861709.5548071526
  3640      11867503.3324792497
  3641      11873297.9391106367
  3642      11879093.3741294947
  3643      11884889.6369639896
  3644      11890686.7270421218
  3645      11896484.6437918898
  3646      11902283.3866411671
  3647      11908082.9550177567
  3648      11913883.3483493757
  3649      11919684.5660636742
  3650      11925486.6075881757
  3651      11931289.4723503813
  3652      11937093.1597777065
  3653      11942897.6692974176
  3654      11948703.0003367960
  3655      11954509.1523229517
  3656      11960316.1246829592
  3657      11966123.9168438669
  3658      11971932.5282324776
  3659      11977741.9582757037
  3660      11983552.2064002678
  3661      11989363.2720328495
  3662      11995175.1545999944
  3663      12000987.8535282351
  3664      12006801.3682440165
  3665      12012615.6981736533
  3666      12018430.8427433930
  3667      12024246.8013794646
  3668      12030063.5735079423
  3669      12035881.1585548483
  3670      12041699.5559461322
  3671      12047518.7651076447
  3672      12053338.7854651958
  3673      12059159.6164444480
  3674      12064981.2574710473
  3675      12070803.7079705503
  3676      12076626.9673683699
  3677      12082451.0350899491
  3678      12088275.9105605315
  3679      12094101.5932053868
  3680      12099928.0824496318
  3681      12105755.3777183481
  3682      12111583.4784364942
  3683      12117412.3840290103
  3684      12123242.0939206854
  3685      12129072.6075362954
  3686      12134903.9243004750
  3687      12140736.0436378494
  3688      12146568.9649729040
  3689      12152402.6877300367
  3690      12158237.2113336641
  3691      12164072.5352080129
  3692      12169908.6587772965
  3693      12175745.5814655926
  3694      12181583.3026970029
  3695      12187421.8218953926
  3696      12193261.1384847071
  3697      12199101.2518887017
  3698      12204942.1615311392
  3699      12210783.8668356426
  3700      12216626.3672257382
  3701      12222469.6621249709
  3702      12228313.7509566974
  3703      12234158.6331442632
  3704      12240004.3081109077
  3705      12245850.7752798181
  3706      12251698.0340740718
  3707      12257546.0839167051
  3708      12263394.9242306314
  3709      12269244.5544387028
  3710      12275094.9739637151
  3711      12280946.1822283808
  3712      12286798.1786553003
  3713      12292650.9626670070
  3714      12298504.5336860307
  3715      12304358.8911347073
  3716      12310214.0344353616
  3717      12316069.9630102534
  3718      12321926.6762815025
  3719      12327784.1736712325
  3720      12333642.4546014164
  3721      12339501.5184939858
  3722      12345361.3647708222
  3723      12351221.9928536452
  3724      12357083.4021641761
  3725      12362945.5921240263
  3726      12368808.5621547569
  3727      12374672.3116777986
  3728      12380536.8401145730
  3729      12386402.1468863524
  3730      12392268.2314144187
  3731      12398135.0931198765
  3732      12404002.7314238306
  3733      12409871.1457473170
  3734      12415740.3355111796
  3735      12421610.3001363408
  3736      12427481.0390435569
  3737      12433352.5516535025
  3738      12439224.8373868261
  3739      12445097.8956640586
  3740      12450971.7259056717
  3741      12456846.3275320437
  3742      12462721.6999635156
  3743      12468597.8426202964
  3744      12474474.7549225874
  3745      12480352.4362904560
  3746      12486230.8861439042
  3747      12492110.1039028857
  3748      12497990.0889872573
  3749      12503870.8408167940
  3750      12509752.3588112202
  3751      12515634.6423901543
  3752      12521517.6909731645
  3753      12527401.5039797444
  3754      12533286.0808292720
  3755      12539171.4209410939
  3756      12545057.5237344671
  3757      12550944.3886285815
  3758      12556832.0150425266
  3759      12562720.4023953490
  3760      12568609.5501059964
  3761      12574499.4575933274
  3762      12580390.1242761854
  3763      12586281.5495732836
  3764      12592173.7329032943
  3765      12598066.6736847591
  3766      12603960.3713362087
  3767      12609854.8252760954
  3768      12615750.0349227376
  3769      12621645.9996944368
  3770      12627542.7190094143
  3771      12633440.1922858004
  3772      12639338.4189416021
  3773      12645237.3983948715
  3774      12651137.1300634835
  3775      12657037.6133652907
  3776      12662938.8477180544
  3777      12668840.8325394429
  3778      12674743.5672470834
  3779      12680647.0512585249
  3780      12686551.2839912251
  3781      12692456.2648625746
  3782      12698361.9932898879
  3783      12704268.4686904345
  3784      12710175.6904813219
  3785      12716083.6580797136
  3786      12721992.3709026240
  3787      12727901.8283669688
  3788      12733812.0298896469
  3789      12739722.9748874865
  3790      12745634.6627771556
  3791      12751547.0929753706
  3792      12757460.2648986652
  3793      12763374.1779635921
  3794      12769288.8315865621
  3795      12775204.2251839619
  3796      12781120.3581720479
  3797      12787037.2299670596
  3798      12792954.8399851415
  3799      12798873.1876423750
  3800      12804792.2723547406
  3801      12810712.0935381670
  3802      12816632.6506085154
  3803      12822553.9429815691
  3804      12828475.9700730238
  3805      12834398.7312985417
  3806      12840322.2260736618
  3807      12846246.4538138825
  3808      12852171.4139346220
  3809      12858097.1058512293
  3810      12864023.5289789848
  3811      12869950.6827330776
  3812      12875878.5665286481
  3813      12881807.1797807552
  3814      12887736.5219043735
  3815      12893666.5923144333
  3816      12899597.3904257733
  3817      12905528.9156531487
  3818      12911461.1674112752
  3819      12917394.1451147832
  3820      12923327.8481782060
  3821      12929262.2760160565
  3822      12935197.4280427340
  3823      12941133.3036725633
  3824      12947069.9023198411
  3825      12953007.2233987432
  3826      12958945.2663234286
  3827      12964884.0305079110
  3828      12970823.5153662022
  3829      12976763.7203122191
  3830      12982704.6447597835
  3831      12988646.2881226782
  3832      12994588.6498146169
  3833      13000531.7292492129
  3834      13006475.5258400049
  3835      13012420.0390005335
  3836      13018365.2681441735
  3837      13024311.2126842830
  3838      13030257.8720341455
  3839      13036205.2456069570
  3840      13042153.3328158762
  3841      13048102.1330739371
  3842      13054051.6457941420
  3843      13060001.8703894001
  3844      13065952.8062726166
  3845      13071904.4528565202
  3846      13077856.8095538635
  3847      13083809.8757772595
  3848      13089763.6509393044
  3849      13095718.1344524920
  3850      13101673.3257292584
  3851      13107629.2241819445
  3852      13113585.8292228933
  3853      13119543.1402642839
  3854      13125501.1567182802
  3855      13131459.8779969867
  3856      13137419.3035124093
  3857      13143379.4326764848
  3858      13149340.2649010979
  3859      13155301.7995980605
  3860      13161264.0361790806
  3861      13167226.9740558788
  3862      13173190.6126400065
  3863      13179154.9513430148
  3864      13185119.9895763732
  3865      13191085.7267514542
  3866      13197052.1622796003
  3867      13203019.2955720425
  3868      13208987.1260399818
  3869      13214955.6530945450
  3870      13220924.8761467524
  3871      13226894.7946075909
  3872      13232865.4078879822
  3873      13238836.7153987773
  3874      13244808.7165507395
  3875      13250781.4107545614
  3876      13256754.7974208668
  3877      13262728.8759602718
  3878      13268703.6457832474
  3879      13274679.1063002199
  3880      13280655.2569215801
  3881      13286632.0970575716
  3882      13292609.6261184756
  3883      13298587.8435144313
  3884      13304566.7486555446
  3885      13310546.3409518022
  3886      13316526.6198131628
  3887      13322507.5846495759
  3888      13328489.2348707970
  3889      13334471.5698866192
  3890      13340454.5891067013
  3891      13346438.2919406556
  3892      13352422.6777980682
  3893      13358407.7460883930
  3894      13364393.4962210506
  3895      13370379.9276053999
  3896      13376367.0396507122
  3897      13382354.8317661937
  3898      13388343.3033609968
  3899      13394332.4538442381
  3900      13400322.2826248631
  3901      13406312.7891118657
  3902      13412303.9727141261
  3903      13418295.8328404222
  3904      13424288.3688995223
  3905      13430281.5803000946
  3906      13436275.4664507862
  3907      13442270.0267600920
  3908      13448265.2606365103
  3909      13454261.1674884688
  3910      13460257.7467243019
  3911      13466254.9977522753
  3912      13472252.9199806321
  3913      13478251.5128174908
  3914      13484250.7756709531
  3915      13490250.7079490311
  3916      13496251.3090596423
  3917      13502252.5784107223
  3918      13508254.5154100526
  3919      13514257.1194653995
  3920      13520260.3899844307
  3921      13526264.3263747785
  3922      13532268.9280439913
  3923      13538274.1943995655
  3924      13544280.1248489227
  3925      13550286.7187994141
  3926      13556293.9756583367
  3927      13562301.8948329054
  3928      13568310.4757302925
  3929      13574319.7177575752
  3930      13580329.6203218196
  3931      13586340.1828299463
  3932      13592351.4046888947
  3933      13598363.2853054740
  3934      13604375.8240864780
  3935      13610389.0204385817
  3936      13616402.8737684395
  3937      13622417.3834826387
  3938      13628432.5489876829
  3939      13634448.3696899824
  3940      13640464.8449959792
  3941      13646481.9743119366
  3942      13652499.7570441384
  3943      13658518.1925987676
  3944      13664537.2803819254
  3945      13670557.0197996981
  3946      13676577.4102580789
  3947      13682598.4511629734
  3948      13688620.1419202648
  3949      13694642.4819357581
  3950      13700665.4706151877
  3951      13706689.1073642131
  3952      13712713.3915884625
  3953      13718738.3226934616
  3954      13724763.9000847302
  3955      13730790.1231676433
  3956      13736816.9913475923
  3957      13742844.5040298291
  3958      13748872.6606196184
  3959      13754901.4605221059
  3960      13760930.9031423870
  3961      13766960.9878855161
  3962      13772991.7141564358
  3963      13779023.0813600980
  3964      13785055.0889013205
  3965      13791087.7361848895
  3966      13797121.0226155352
  3967      13803154.9475979041
  3968      13809189.5105366129
  3969      13815224.7108361721
  3970      13821260.5479010474
  3971      13827297.0211356711
  3972      13833334.1299443357
  3973      13839371.8737313896
  3974      13845410.2519010082
  3975      13851449.2638573274
  3976      13857488.9090045057
  3977      13863529.1867465191
  3978      13869570.0964873359
  3979      13875611.6376308780
  3980      13881653.8095810078
  3981      13887696.6117414515
  3982      13893740.0435159877
  3983      13899784.1043082234
  3984      13905828.7935217973
  3985      13911874.1105602104
  3986      13917920.0548269376
  3987      13923966.6257253997
  3988      13930013.8226589281
  3989      13936061.6450308319
  3990      13942110.0922443047
  3991      13948159.1637025326
  3992      13954208.8588085808
  3993      13960259.1769655365
  3994      13966310.1175763421
  3995      13972361.6800439171
  3996      13978413.8637711313
  3997      13984466.6681607626
  3998      13990520.0926155411
  3999      13996574.1365381554
  4000      14002628.7993311975
  4001      14008684.0803972054
  4002      14014739.9791387133
  4003      14020796.4949580897
  4004      14026853.6272577289
  4005      14032911.3754399475
  4006      14038969.7389069628
  4007      14045028.7170609795
  4008      14051088.3093041070
  4009      14057148.5150384158
  4010      14063209.3336658850
  4011      14069270.7645884901
  4012      14075332.8072080854
  4013      14081395.4609265067
  4014      14087458.7251454908
  4015      14093522.5992667507
  4016      14099587.0826919526
  4017      14105652.1748226266
  4018      14111717.8750603311
  4019      14117784.1828065086
  4020      14123851.0974625461
  4021      14129918.6184298117
  4022      14135986.7451095581
  4023      14142055.4769030306
  4024      14148124.8132113628
  4025      14154194.7534356676
  4026      14160265.2969769835
  4027      14166336.4432363026
  4028      14172408.1916145310
  4029      14178480.5415125415
  4030      14184553.4923311248
  4031      14190627.0434710383
  4032      14196701.1943329573
  4033      14202775.9443175253
  4034      14208851.2928252704
  4035      14214927.2392567471
  4036      14221003.7830123659
  4037      14227080.9234925248
  4038      14233158.6600975618
  4039      14239236.9922277555
  4040      14245315.9192832951
  4041      14251395.4406643566
  4042      14257475.5557710100
  4043      14263556.2640033457
  4044      14269637.5647612549
  4045      14275719.4574447311
  4046      14281801.9414536208
  4047      14287885.0161876939
  4048      14293968.6810467448
  4049      14300052.9354304224
  4050      14306137.7787383571
  4051      14312223.2103701327
  4052      14318309.2297252677
  4053      14324395.8362031914
  4054      14330483.0292033274
  4055      14336570.8081249762
  4056      14342659.1723674610
  4057      14348748.1213299744
  4058      14354837.6544117015
  4059      14360927.7710117288
  4060      14367018.4705291502
  4061      14373109.7523629013
  4062      14379201.6159119383
  4063      14385294.0605751518
  4064      14391387.0857513472
  4065      14397480.6908392925
  4066      14403574.8752376884
  4067      14409669.6383452062
  4068      14415764.9795603883
  4069      14421860.8982818369
  4070      14427957.3939079605
  4071      14434054.4658372253
  4072      14440152.1134679709
  4073      14446250.3361985125
  4074      14452349.1334271207
  4075      14458448.5045519583
  4076      14464548.4489711653
  4077      14470648.9660828207
  4078      14476750.0552849863
  4079      14482851.7159755658
  4080      14488953.9475525226
  4081      14495056.7494136840
  4082      14501160.1209568568
  4083      14507264.0615797900
  4084      14513368.5706801359
  4085      14519473.6476555783
  4086      14525579.2919036467
  4087      14531685.5028218776
  4088      14537792.2798077185
  4089      14543899.6222586054
  4090      14550007.5295718350
  4091      14556116.0011447631
  4092      14562225.0363746006
  4093      14568334.6346585061
  4094      14574444.7953936439
  4095      14580555.5179770701
  4096      14586666.8018058091
  4097      14592778.6462768167
  4098      14598891.0507869888
  4099      14605004.0147331879
  4100      14611117.5375122149
  4101      14617231.6185208000
  4102      14623346.2571556177
  4103      14629461.4528133180
  4104      14635577.2048904691
  4105      14641693.5127836019
  4106      14647810.3758891523
  4107      14653927.7936035562
  4108      14660045.7653231695
  4109      14666164.2904442754
  4110      14672283.3683631308
  4111      14678402.9984759223
  4112      14684523.1801788211
  4113      14690643.9128678516
  4114      14696765.1959390882
  4115      14702887.0287884772
  4116      14709009.4108119626
  4117      14715132.3414054029
  4118      14721255.8199646045
  4119      14727379.8458853178
  4120      14733504.4185632672
  4121      14739629.5373940654
  4122      14745755.2017733771
  4123      14751881.4110966697
  4124      14758008.1647594701
  4125      14764135.4621572047
  4126      14770263.3026852608
  4127      14776391.6857389528
  4128      14782520.6107135788
  4129      14788650.0770043246
  4130      14794780.0840063859
  4131      14800910.6311148535
  4132      14807041.7177248038
  4133      14813173.3432312515
  4134      14819305.5070291255
  4135      14825438.2085133456
  4136      14831571.4470787458
  4137      14837705.2221201416
  4138      14843839.5330322552
  4139      14849974.3792097736
  4140      14856109.7600473426
  4141      14862245.6749395523
  4142      14868382.1232809220
  4143      14874519.1044659391
  4144      14880656.6178890113
  4145      14886794.6629445143
  4146      14892933.2390267923
  4147      14899072.3455300946
  4148      14905211.9818486385
  4149      14911352.1473766025
  4150      14917492.8415080607
  4151      14923634.0636371206
  4152      14929775.8131577298
  4153      14935918.0894639101
  4154      14942060.8919495046
  4155      14948204.2200084049
  4156      14954348.0730343889
  4157      14960492.4504212253
  4158      14966637.3515625913
  4159      14972782.7758521196
  4160      14978928.7226834353
  4161      14985075.1914500464
  4162      14991222.1815454680
  4163      14997369.6923631337
  4164      15003517.7232964039
  4165      15009666.2737386413
  4166      15015815.3430831339
  4167      15021964.9307230879
  4168      15028115.0360517055
  4169      15034265.6584621109
  4170      15040416.7973473705
  4171      15046568.4521005210
  4172      15052720.6221145671
  4173      15058873.3067823835
  4174      15065026.5054968949
  4175      15071180.2176509015
  4176      15077334.4426371753
  4177      15083489.1798484493
  4178      15089644.4286774062
  4179      15095800.1885166354
  4180      15101956.4587587435
  4181      15108113.2387962434
  4182      15114270.5280215964
  4183      15120428.3258272335
  4184      15126586.6316055171
  4185      15132745.4447487723
  4186      15138904.7646492850
  4187      15145064.5906992536
  4188      15151224.9222908597
  4189      15157385.7588162199
  4190      15163547.0996674243
  4191      15169708.9442364611
  4192      15175871.2919153273
  4193      15182034.1420959439
  4194      15188197.4941701721
  4195      15194361.3475298490
  4196      15200525.7015667241
  4197      15206690.5556725524
  4198      15212855.9092390034
  4199      15219021.7616576739
  4200      15225188.1123201698
  4201      15231354.9606180098
  4202      15237522.3059426695
  4203      15243690.1476855800
  4204      15249858.4852381330
  4205      15256027.3179916311
  4206      15262196.6453373767
  4207      15268366.4666665941
  4208      15274536.7813705001
  4209      15280707.5888401736
  4210      15286878.8884667624
  4211      15293050.6796412542
  4212      15299222.9617546648
  4213      15305395.7341979444
  4214      15311568.9963619728
  4215      15317742.7476375885
  4216      15323916.9874156155
  4217      15330091.7150867712
  4218      15336266.9300417732
  4219      15342442.6316712704
  4220      15348618.8193658646
  4221      15354795.4925161265
  4222      15360972.6505125444
  4223      15367150.2927455977
  4224      15373328.4186056964
  4225      15379507.0274831709
  4226      15385686.1187683921
  4227      15391865.6918516047
  4228      15398045.7461230215
  4229      15404226.2809728328
  4230      15410407.2957911734
  4231      15416588.7899681013
  4232      15422770.7628936581
  4233      15428953.2139578443
  4234      15435136.1425505765
  4235      15441319.5480617639
  4236      15447503.4298812356
  4237      15453687.7873988040
  4238      15459872.6200041939
  4239      15466057.9270871617
  4240      15472243.7080372944
  4241      15478429.9622442443
  4242      15484616.6890975721
  4243      15490803.8879867997
  4244      15496991.5583013650
  4245      15503179.6994307302
  4246      15509368.3107642457
  4247      15515557.3916912619
  4248      15521746.9416010492
  4249      15527936.9598828536
  4250      15534127.4459258597
  4251      15540318.3991192132
  4252      15546509.8188520167
  4253      15552701.7045133263
  4254      15558894.0554921515
  4255      15565086.8711774554
  4256      15571280.1509581413
  4257      15577473.8942230772
  4258      15583668.1003611013
  4259      15589862.7687609922
  4260      15596057.8988114763
  4261      15602253.4899012428
  4262      15608449.5414189342
  4263      15614646.0527531486
  4264      15620843.0232924260
  4265      15627040.4524252936
  4266      15633238.3395401966
  4267      15639436.6840255521
  4268      15645635.4852697309
  4269      15651834.7426610626
  4270      15658034.4555878155
  4271      15664234.6234382484
  4272      15670435.2456005141
  4273      15676636.3214628063
  4274      15682837.8504131790
  4275      15689039.8318397179
  4276      15695242.2651304267
  4277      15701445.1496732794
  4278      15707648.4848561697
  4279      15713852.2700669970
  4280      15720056.5046936069
  4281      15726261.1881237701
  4282      15732466.3197452370
  4283      15738671.8989457004
  4284      15744877.9251128249
  4285      15751084.3976342343
  4286      15757291.3158974685
  4287      15763498.6792900711
  4288      15769706.4871995412
  4289      15775914.7390132453
  4290      15782123.4341186583
  4291      15788332.5719030816
  4292      15794542.1517538391
  4293      15800752.1730581950
  4294      15806962.6352033373
  4295      15813173.5375764761
  4296      15819384.8795647174
  4297      15825596.6605551671
  4298      15831808.8799348604
  4299      15838021.5370908026
  4300      15844234.6314099487
  4301      15850448.1622792054
  4302      15856662.1290854588
  4303      15862876.5312155355
  4304      15869091.3680562135
  4305      15875306.6389942300
  4306      15881522.3434163015
  4307      15887738.4807090890
  4308      15893955.0502591822
  4309      15900172.0514531806
  4310      15906389.4836775921
  4311      15912607.3463189006
  4312      15918825.6387635935
  4313      15925044.3603980113
  4314      15931263.5106085595
  4315      15937483.0887815282
  4316      15943703.0943031982
  4317      15949923.5265598092
  4318      15956144.3849375565
  4319      15962365.6688225847
  4320      15968587.3776009846
  4321      15974809.5106588397
  4322      15981032.0673821755
  4323      15987255.0471569542
  4324      15993478.4493691288
  4325      15999702.2734045926
  4326      16005926.5186491963
  4327      16012151.1844887733
  4328      16018376.2703090739
  4329      16024601.7754958477
  4330      16030827.6994347796
  4331      16037054.0415115003
  4332      16043280.8011116367
  4333      16049507.9776207674
  4334      16055735.5704243891
  4335      16061963.5789080039
  4336      16068192.0024570543
  4337      16074420.8404569160
  4338      16080650.0922929887
  4339      16086879.7573505770
  4340      16093109.8350149468
  4341      16099340.3246713635
  4342      16105571.2257050034
  4343      16111802.5375010222
  4344      16118034.2594445646
  4345      16124266.3909206893
  4346      16130498.9313144330
  4347      16136731.8800107744
  4348      16142965.2363947090
  4349      16149198.9998511206
  4350      16155433.1697648913
  4351      16161667.7455208562
  4352      16167902.7265038248
  4353      16174138.1120985337
  4354      16180373.9016896859
  4355      16186610.0946620088
  4356      16192846.6904000919
  4357      16199083.6882885341
  4358      16205321.0877119042
  4359      16211558.8880547155
  4360      16217797.0887014531
  4361      16224035.6890365463
  4362      16230274.6884443797
  4363      16236514.0863093417
  4364      16242753.8820157181
  4365      16248994.0749478173
  4366      16255234.6644898616
  4367      16261475.6500260625
  4368      16267717.0309405811
  4369      16273958.8066175301
  4370      16280200.9764410220
  4371      16286443.5397950672
  4372      16292686.4960636925
  4373      16298929.8446308766
  4374      16305173.5848805178
  4375      16311417.7161965407
  4376      16317662.2379627600
  4377      16323907.1495630313
  4378      16330152.4503811095
  4379      16336398.1398007143
  4380      16342644.2172055561
  4381      16348890.6819793247
  4382      16355137.5335056055
  4383      16361384.7711680010
  4384      16367632.3943500388
  4385      16373880.4024352301
  4386      16380128.7948070727
  4387      16386377.5708489418
  4388      16392626.7299443092
  4389      16398876.2714764774
  4390      16405126.1948287543
  4391      16411376.4993844684
  4392      16417627.1845268235
  4393      16423878.2496390268
  4394      16430129.6941042729
  4395      16436381.5173056927
  4396      16442633.7186263315
  4397      16448886.2974492908
  4398      16455139.2531575840
  4399      16461392.5851341840
  4400      16467646.2927620281
  4401      16473900.3754240274
  4402      16480154.8325030692
  4403      16486409.6633819547
  4404      16492664.8674435094
  4405      16498920.4440704845
  4406      16505176.3926455881
  4407      16511432.7125515211
  4408      16517689.4031709526
  4409      16523946.4638864491
  4410      16530203.8940806240
  4411      16536461.6931359973
  4412      16542719.8604350686
  4413      16548978.3953603469
  4414      16555237.2972942144
  4415      16561496.5656190775
  4416      16567756.1997173131
  4417      16574016.1989712361
  4418      16580276.5627630986
  4419      16586537.2904752232
  4420      16592798.3814897370
  4421      16599059.8351888973
  4422      16605321.6509547941
  4423      16611583.8281695638
  4424      16617846.3662152551
  4425      16624109.2644739505
  4426      16630372.5223275702
  4427      16636636.1391581558
  4428      16642900.1143476162
  4429      16649164.4472777918
  4430      16655429.1373306140
  4431      16661694.1838878691
  4432      16667959.5863313694
  4433      16674225.3440428413
  4434      16680491.4564040080
  4435      16686757.9227965586
  4436      16693024.7426021677
  4437      16699291.9152023736
  4438      16705559.4399788398
  4439      16711827.3163130581
  4440      16718095.5435865708
  4441      16724364.1211808287
  4442      16730633.0484772660
  4443      16736902.3248573095
  4444      16743171.9497023206
  4445      16749441.9223936349
  4446      16755712.2423125524
  4447      16761982.9088403564
  4448      16768253.9213582538
  4449      16774525.2792474739
  4450      16780796.9818891585
  4451      16787069.0286644436
  4452      16793341.4189544581
  4453      16799614.1521402150
  4454      16805887.2276027575
  4455      16812160.6447230950
  4456      16818434.4028821960
  4457      16824708.5014609993
  4458      16830982.9398403540
  4459      16837257.7174011655
  4460      16843532.8335242271
  4461      16849808.2875903659
  4462      16856084.0789803155
  4463      16862360.2070748284
  4464      16868636.6712545939
  4465      16874913.4709002636
  4466      16881190.6053924747
  4467      16887468.0741118155
  4468      16893745.8764388487
  4469      16900024.0117541142
  4470      16906302.4794380888
  4471      16912581.2788712531
  4472      16918860.4094340540
  4473      16925139.8705068491
  4474      16931419.6614700332
  4475      16937699.7817039452
  4476      16943980.2305888608
  4477      16950261.0075050667
  4478      16956542.1118327901
  4479      16962823.5429522097
  4480      16969105.3002435602
  4481      16975387.3830869310
  4482      16981669.7908624820
  4483      16987952.5229501985
  4484      16994235.5787302069
  4485      17000518.9575824775
  4486      17006802.6588869877
  4487      17013086.6820237413
  4488      17019371.0263725668
  4489      17025655.6913133971
  4490      17031940.6762261018
  4491      17038225.9804904610
  4492      17044511.6034862883
  4493      17050797.5445933267
  4494      17057083.8031913117
  4495      17063370.3786599673
  4496      17069657.2703789026
  4497      17075944.4777277932
  4498      17082232.0000861958
  4499      17088519.8368337229
  4500      17094807.9873499088
  4501      17101096.4510142580
  4502      17107385.2272062115
  4503      17113674.3153052852
  4504      17119963.7146908306
  4505      17126253.4247423001
  4506      17132543.4448389858
  4507      17138833.7743602060
  4508      17145124.4126853198
  4509      17151415.3591935262
  4510      17157706.6132641323
  4511      17163998.1742762253
  4512      17170290.0416091233
  4513      17176582.2146418206
  4514      17182874.6927535236
  4515      17189167.4753233045
  4516      17195460.5617301874
  4517      17201753.9513531812
  4518      17208047.6435713284
  4519      17214341.6377635524
  4520      17220635.9333088063
  4521      17226930.5295859687
  4522      17233225.4259739257
  4523      17239520.6218515299
  4524      17245816.1165975854
  4525      17252111.9095908850
  4526      17258408.0002101324
  4527      17264704.3878341317
  4528      17271001.0718415231
  4529      17277298.0516109951
  4530      17283595.3265211992
  4531      17289892.8959506899
  4532      17296190.7592780702
  4533      17302488.9158819616
  4534      17308787.3651407622
  4535      17315086.1064330824
  4536      17321385.1391372867
  4537      17327684.4626318552
  4538      17333984.0762952305
  4539      17340283.9795057103
  4540      17346584.1716416925
  4541      17352884.6520815082
  4542      17359185.4202034175
  4543      17365486.4753857255
  4544      17371787.8170065805
  4545      17378089.4444442838
  4546      17384391.3570769764
  4547      17390693.5542828217
  4548      17396996.0354398936
  4549      17403298.7999263294
  4550      17409601.8471202478
  4551      17415905.1763995662
  4552      17422208.7871423811
  4553      17428512.6787266545
  4554      17434816.8505303450
  4555      17441121.3019313551
  4556      17447426.0323076211
  4557      17453731.0410370044
  4558      17460036.3274973370
  4559      17466341.8910664544
  4560      17472647.7311221100
  4561      17478953.8470421135
  4562      17485260.2382041924
  4563      17491566.9039859995
  4564      17497873.8437653221
  4565      17504181.0569197200
  4566      17510488.5428268537
  4567      17516796.3008643165
  4568      17523104.3304096982
  4569      17529412.6308405511
  4570      17535721.2015343718
  4571      17542030.0418686718
  4572      17548339.1512208730
  4573      17554648.5289684869
  4574      17560958.1744888909
  4575      17567268.0871594660
  4576      17573578.2663575746
  4577      17579888.7114605755
  4578      17586199.4218457639
  4579      17592510.3968903981
  4580      17598821.6359717622
  4581      17605133.1384671070
  4582      17611444.9037535526
  4583      17617756.9312084205
  4584      17624069.2202086858
  4585      17630381.7701315992
  4586      17636694.5803542584
  4587      17643007.6502536573
  4588      17649320.9792069495
  4589      17655634.5665910728
  4590      17661948.4117830694
  4591      17668262.5141598806
  4592      17674576.8730985187
  4593      17680891.4879758507
  4594      17687206.3581687324
  4595      17693521.4830541499
  4596      17699836.8620088771
  4597      17706152.4944097139
  4598      17712468.3796335757
  4599      17718784.5170570537
  4600      17725100.9060570262
  4601      17731417.5460101999
  4602      17737734.4362932183
  4603      17744051.5762828216
  4604      17750368.9653556049
  4605      17756686.6028882042
  4606      17763004.4882572480
  4607      17769322.6208392680
  4608      17775641.0000108294
  4609      17781959.6251484938
  4610      17788278.4956287034
  4611      17794597.6108279563
  4612      17800916.9701227359
  4613      17807236.5728894435
  4614      17813556.4185044616
  4615      17819876.5063442327
  4616      17826196.8357850611
  4617      17832517.4062032998
  4618      17838838.2169752568
  4619      17845159.2674772292
  4620      17851480.5570854396
  4621      17857802.0851761773
  4622      17864123.8511256389
  4623      17870445.8543099687
  4624      17876768.0941054262
  4625      17883090.5698880740
  4626      17889413.2810340971
  4627      17895736.2269195355
  4628      17902059.4069205150
  4629      17908382.8204130344
  4630      17914706.4667731673
  4631      17921030.3453769274
  4632      17927354.4556002356
  4633      17933678.7968191206
  4634      17940003.3684094623
  4635      17946328.1697472408
  4636      17952653.2002082951
  4637      17958978.4591684937
  4638      17965303.9460037351
  4639      17971629.6600897685
  4640      17977955.6008024700
  4641      17984281.7675175779
  4642      17990608.1596108302
  4643      17996934.7764580287
  4644      18003261.6174348295
  4645      18009588.6819169410
  4646      18015915.9692799933
  4647      18022243.4788997285
  4648      18028571.2101516835
  4649      18034899.1624115072
  4650      18041227.3350547291
  4651      18047555.7274569981
  4652      18053884.3389937505
  4653      18060213.1690405719
  4654      18066542.2169729210
  4655      18072871.4821662866
  4656      18079200.9639961161
  4657      18085530.6618378647
  4658      18091860.5750668906
  4659      18098190.7030586042
  4660      18104521.0451884009
  4661      18110851.6008315831
  4662      18117182.3693635017
  4663      18123513.3501594514
  4664      18129844.5425947011
  4665      18136175.9460445233
  4666      18142507.5598841831
  4667      18148839.3834888525
  4668      18155171.4162337594
  4669      18161503.6574940979
  4670      18167836.1066449806
  4671      18174168.7630615830
  4672      18180501.6261190176
  4673      18186834.6951923296
  4674      18193167.9696566947
  4675      18199501.4488870613
  4676      18205835.1322585531
  4677      18212169.0191461444
  4678      18218503.1089248098
  4679      18224837.4009695761
  4680      18231171.8946553394
  4681      18237506.5893571191
  4682      18243841.4844497330
  4683      18250176.5793081410
  4684      18256511.8733071983
  4685      18262847.3658217862
  4686      18269183.0562266894
  4687      18275518.9438967705
  4688      18281855.0282068066
  4689      18288191.3085315935
  4690      18294527.7842458747
  4691      18300864.4547243938
  4692      18307201.3193418756
  4693      18313538.3774730377
  4694      18319875.6284925044
  4695      18326213.0717750415
  4696      18332550.7066951580
  4697      18338888.5326276049
  4698      18345226.5489469133
  4699      18351564.7550276816
  4700      18357903.1502445303
  4701      18364241.7339719385
  4702      18370580.5055844896
  4703      18376919.4644566812
  4704      18383258.6099629924
  4705      18389597.9414779060
  4706      18395937.4583759010
  4707      18402277.1600314230
  4708      18408617.0458188578
  4709      18414957.1151126176
  4710      18421297.3672870882
  4711      18427637.8017166555
  4712      18433978.4177756757
  4713      18440319.2148384266
  4714      18446660.1922792867
  4715      18453001.3494725227
  4716      18459342.6857924089
  4717      18465684.2006131634
  4718      18472025.8933091424
  4719      18478367.7632544748
  4720      18484709.8098234013
  4721      18491052.0323900692
  4722      18497394.4303287379
  4723      18503737.0030135103
  4724      18510079.7498184964
  4725      18516422.6701178923
  4726      18522765.7632857375
  4727      18529109.0286961496
  4728      18535452.4657231793
  4729      18541796.0737408847
  4730      18548139.8521233387
  4731      18554483.8002445176
  4732      18560827.9174784310
  4733      18567172.2031990513
  4734      18573516.6567804106
  4735      18579861.2775963992
  4736      18586206.0650209486
  4737      18592551.0184280202
  4738      18598896.1371915266
  4739      18605241.4206852727
  4740      18611586.8682832122
  4741      18617932.4793591909
  4742      18624278.2532870285
  4743      18630624.1894404963
  4744      18636970.2871934921
  4745      18643316.5459197573
  4746      18649662.9649931006
  4747      18656009.5437872186
  4748      18662356.2816759050
  4749      18668703.1780328825
  4750      18675050.2322318479
  4751      18681397.4436464794
  4752      18687744.8116505146
  4753      18694092.3356175758
  4754      18700440.0149213336
  4755      18706787.8489353880
  4756      18713135.8370333984
  4757      18719483.9785889462
  4758      18725832.2729756199
  4759      18732180.7195670158
  4760      18738529.3177366517
  4761      18744878.0668581128
  4762      18751226.9663049132
  4763      18757576.0154505558
  4764      18763925.2136685550
  4765      18770274.5603323653
  4766      18776624.0548155159
  4767      18782973.6964914128
  4768      18789323.4847335182
  4769      18795673.4189152382
  4770      18802023.4984099902
  4771      18808373.7225912064
  4772      18814724.0908322297
  4773      18821074.6025064327
  4774      18827425.2569871806
  4775      18833776.0536478385
  4776      18840126.9918616787
  4777      18846478.0710020661
  4778      18852829.2904422544
  4779      18859180.6495555751
  4780      18865532.1477152333
  4781      18871883.7842945755
  4782      18878235.5586667992
  4783      18884587.4702051133
  4784      18890939.5182827674
  4785      18897291.7022729442
  4786      18903644.0215488672
  4787      18909996.4754836597
  4788      18916349.0634505451
  4789      18922701.7848226018
  4790      18929054.6389730535
  4791      18935407.6252749413
  4792      18941760.7431014329
  4793      18948113.9918256029
  4794      18954467.3708205260
  4795      18960820.8794593289
  4796      18967174.5171149783
  4797      18973528.2831606045
  4798      18979882.1769691743
  4799      18986236.1979138032
  4800      18992590.3453673832
  4801      18998944.6187029891
  4802      19005299.0172935873
  4803      19011653.5405121483
  4804      19018008.1877316162
  4805      19024362.9583249353
  4806      19030717.8516650908
  4807      19037072.8671249449
  4808      19043428.0040774420
  4809      19049783.2618954778
  4810      19056138.6399519183
  4811      19062494.1376196370
  4812      19068849.7542715520
  4813      19075205.4892804287
  4814      19081561.3420192003
  4815      19087917.3118605912
  4816      19094273.3981775232
  4817      19100629.6003427319
  4818      19106985.9177290276
  4819      19113342.3497092053
  4820      19119698.8956560083
  4821      19126055.5549422242
  4822      19132412.3269405961
  4823      19138769.2110238448
  4824      19145126.2065647244
  4825      19151483.3129359260
  4826      19157840.5295101553
  4827      19164197.8556600809
  4828      19170555.2907584719
  4829      19176912.8341778964
  4830      19183270.4852910973
  4831      19189628.2434706576
  4832      19195986.1080892831
  4833      19202344.0785195827
  4834      19208702.1541341059
  4835      19215060.3343055397
  4836      19221418.6184064858
  4837      19227777.0058094822
  4838      19234135.4958871417
  4839      19240494.0880120322
  4840      19246852.7815566882
  4841      19253211.5758936703
  4842      19259570.4703955054
  4843      19265929.4644347616
  4844      19272288.5573838912
  4845      19278647.7486154735
  4846      19285007.0375019461
  4847      19291366.4234158508
  4848      19297725.9057296216
  4849      19304085.4838157147
  4850      19310445.1570466794
  4851      19316804.9247948714
  4852      19323164.7864327915
  4853      19329524.7413328327
  4854      19335884.7888674438
  4855      19342244.9284090549
  4856      19348605.1593300179
  4857      19354965.4810027666
  4858      19361325.8927996680
  4859      19367686.3940931298
  4860      19374046.9842554890
  4861      19380407.6626591235
  4862      19386768.4286763929
  4863      19393129.2816796191
  4864      19399490.2210411653
  4865      19405851.2461332977
  4866      19412212.3563284166
  4867      19418573.5509987660
  4868      19424934.8295166828
  4869      19431296.1912544295
  4870      19437657.6355843209
  4871      19444019.1618786119
  4872      19450380.7695095949
  4873      19456742.4578495063
  4874      19463104.2262706123
  4875      19469466.0741451085
  4876      19475828.0008453317
  4877      19482190.0057434216
  4878      19488552.0882116184
  4879      19494914.2476221621
  4880      19501276.4833472595
  4881      19507638.7947590724
  4882      19514001.1812298112
  4883      19520363.6421316452
  4884      19526726.1768367849
  4885      19533088.7847173810
  4886      19539451.4651455767
  4887      19545814.2174935639
  4888      19552177.0411334150
  4889      19558539.9354373887
  4890      19564902.8997774944
  4891      19571265.9335259274
  4892      19577629.0360548347
  4893      19583992.2067362480
  4894      19590355.4449423142
  4895      19596718.7500451468
  4896      19603082.1214168407
  4897      19609445.5584294163
  4898      19615809.0604550391
  4899      19622172.6268657446
  4900      19628536.2570335865
  4901      19634899.9503306635
  4902      19641263.7061289735
  4903      19647627.5238005742
  4904      19653991.4027176127
  4905      19660355.3422519527
  4906      19666719.3417757675
  4907      19673083.4006610177
  4908      19679447.5182797164
  4909      19685811.6940039024
  4910      19692175.9272055775
  4911      19698540.2172567099
  4912      19704904.5635293387
  4913      19711268.9653954469
  4914      19717633.4222269803
  4915      19723997.9333959557
  4916      19730362.4982743226
  4917      19736727.1162340827
  4918      19743091.7866471782
  4919      19749456.5088855661
  4920      19755821.2823211886
  4921      19762186.1063260138
  4922      19768550.9802719653
  4923      19774915.9035310149
  4924      19781280.8754750453
  4925      19787645.8954760320
  4926      19794010.9629058726
  4927      19800376.0771364793
  4928      19806741.2375397757
  4929      19813106.4434876889
  4930      19819471.6943520904
  4931      19825836.9895049296
  4932      19832202.3283180371
  4933      19838567.7101633623
  4934      19844933.1344127543
  4935      19851298.6004381217
  4936      19857664.1076113284
  4937      19864029.6553042419
  4938      19870395.2428887822
  4939      19876760.8697367236
  4940      19883126.5352200530
  4941      19889492.2387105152
  4942      19895857.9795800373
  4943      19902223.7572004423
  4944      19908589.5709436201
  4945      19914955.4201813266
  4946      19921321.3042854890
  4947      19927687.2226279378
  4948      19934053.1745804250
  4949      19940419.1595148891
  4950      19946785.1768030897
  4951      19953151.2258168682
  4952      19959517.3059280664
  4953      19965883.4165084697
  4954      19972249.5569299348
  4955      19978615.7265642248
  4956      19984981.9247831963
  4957      19991348.1509586200
  4958      19997714.4044623449
  4959      20004080.6846661046
  4960      20010446.9909417555
  4961      20016813.3226610757
  4962      20023179.6791958846
  4963      20029546.0599178970
  4964      20035912.4641989879
  4965      20042278.8914109170
  4966      20048645.3409254104
  4967      20055011.8121143542
  4968      20061378.3043494634
  4969      20067744.8170025274
  4970      20074111.3494452946
  4971      20080477.9010496214
  4972      20086844.4711871743
  4973      20093211.0592298135
  4974      20099577.6645492502
  4975      20105944.2865172736
  4976      20112310.9245056249
  4977      20118677.5778861269
  4978      20125044.2460304871
  4979      20131410.9283104762
  4980      20137777.6240978800
  4981      20144144.3327644095
  4982      20150511.0536818728
  4983      20156877.7862219885
  4984      20163244.5297565386
  4985      20169611.2836572118
  4986      20175978.0472958535
  4987      20182344.8200441822
  4988      20188711.6012739241
  4989      20195078.3903568313
  4990      20201445.1866646595
  4991      20207811.9895691797
  4992      20214178.7984421104
  4993      20220545.6126552112
  4994      20226912.4315802082
  4995      20233279.2545888983
  4996      20239646.0810529627
  4997      20246012.9103441834
  4998      20252379.7418343127
  4999      20258746.5748950504
  5000      20265113.4088982232
  5001      20271480.2432154864
  5002      20277847.0772186257
  5003      20284213.9102793783
  5004      20290580.7417695075
  5005      20296947.5710607208
  5006      20303314.3975248188
  5007      20309681.2205334865
  5008      20316048.0394584872
  5009      20322414.8536716029
  5010      20328781.6625445299
  5011      20335148.4654490165
  5012      20341515.2617568634
  5013      20347882.0508398004
  5014      20354248.8320695348
  5015      20360615.6048178263
  5016      20366982.3684564680
  5017      20373349.1223571822
  5018      20379715.8658917397
  5019      20386082.5984318219
  5020      20392449.3193492889
  5021      20398816.0280158520
  5022      20405182.7238032147
  5023      20411549.4060832076
  5024      20417916.0742275752
  5025      20424282.7276080735
  5026      20430649.3655964434
  5027      20437015.9875644483
  5028      20443382.5928839035
  5029      20449749.1809265390
  5030      20456115.7510641031
  5031      20462482.3026683815
  5032      20468848.8351111971
  5033      20475215.3477642275
  5034      20481581.8399993554
  5035      20487948.3111882769
  5036      20494314.7607028186
  5037      20500681.1879147068
  5038      20507047.5921958238
  5039      20513413.9729178324
  5040      20519780.3294526227
  5041      20526146.6611719392
  5042      20532512.9674475975
  5043      20538879.2476513833
  5044      20545245.5011550784
  5045      20551611.7273305357
  5046      20557977.9255494736
  5047      20564344.0951837972
  5048      20570710.2356052287
  5049      20577076.3461856470
  5050      20583442.4262968302
  5051      20589808.4753106236
  5052      20596174.4925988503
  5053      20602540.4775332585
  5054      20608906.4294858016
  5055      20615272.3478282243
  5056      20621638.2319323607
  5057      20628004.0811700933
  5058      20634369.8949132413
  5059      20640735.6725336649
  5060      20647101.4134031758
  5061      20653467.1168936603
  5062      20659832.7823769711
  5063      20666198.4092249498
  5064      20672563.9968094677
  5065      20678929.5445023887
  5066      20685295.0516756214
  5067      20691660.5177009627
  5068      20698025.9419503696
  5069      20704391.3237956837
  5070      20710756.6626087800
  5071      20717121.9577616192
  5072      20723487.2086260282
  5073      20729852.4145739339
  5074      20736217.5749772489
  5075      20742582.6892078333
  5076      20748947.7566376999
  5077      20755312.7766386531
  5078      20761677.7485826947
  5079      20768042.6718417443
  5080      20774407.5457876921
  5081      20780772.3697925210
  5082      20787137.1432281360
  5083      20793501.8654665388
  5084      20799866.5358796194
  5085      20806231.1538393721
  5086      20812595.7187177539
  5087      20818960.2298867255
  5088      20825324.6867182627
  5089      20831689.0885843784
  5090      20838053.4348569736
  5091      20844417.7249081396
  5092      20850781.9581097998
  5093      20857146.1338339895
  5094      20863510.2514526844
  5095      20869874.3103379235
  5096      20876238.3098617345
  5097      20882602.2493961267
  5098      20888966.1283131018
  5099      20895329.9459847547
  5100      20901693.7017830648
  5101      20908057.3950801156
  5102      20914421.0252479613
  5103      20920784.5916586667
  5104      20927148.0936842673
  5105      20933511.5306968838
  5106      20939874.9020685479
  5107      20946238.2071713842
  5108      20952601.4453774616
  5109      20958964.6160588935
  5110      20965327.7185877524
  5111      20971690.7523362301
  5112      20978053.7166763432
  5113      20984416.6109802872
  5114      20990779.4346201457
  5115      20997142.1869681403
  5116      21003504.8673963323
  5117      21009867.4752769172
  5118      21016230.0099820495
  5119      21022592.4708839171
  5120      21028954.8573546410
  5121      21035317.1687664539
  5122      21041679.4044915326
  5123      21048041.5639020763
  5124      21054403.6463702880
  5125      21060765.6512683779
  5126      21067127.5779685974
  5127      21073489.4258431122
  5128      21079851.1942642070
  5129      21086212.8826041147
  5130      21092574.4902350679
  5131      21098936.0165293925
  5132      21105297.4608592652
  5133      21111658.8225970194
  5134      21118020.1011149473
  5135      21124381.2957853079
  5136      21130742.4059803970
  5137      21137103.4310725667
  5138      21143464.3704340868
  5139      21149825.2234373018
  5140      21156185.9894545674
  5141      21162546.6678582057
  5142      21168907.2580205835
  5143      21175267.7593140267
  5144      21181628.1711109653
  5145      21187988.4927836843
  5146      21194348.7237046696
  5147      21200708.8632462472
  5148      21207068.9107808694
  5149      21213428.8656809106
  5150      21219788.7273188382
  5151      21226148.4950670600
  5152      21232508.1682979688
  5153      21238867.7463841029
  5154      21245227.2286978811
  5155      21251586.6146117598
  5156      21257945.9034982398
  5157      21264305.0947298147
  5158      21270664.1876789518
  5159      21277023.1817182042
  5160      21283382.0762200393
  5161      21289740.8705570102
  5162      21296099.5641016774
  5163      21302458.1562265605
  5164      21308816.6463042237
  5165      21315175.0337072313
  5166      21321533.3178081475
  5167      21327891.4979795963
  5168      21334249.5735941455
  5169      21340607.5440244228
  5170      21346965.4086430408
  5171      21353323.1668226272
  5172      21359680.8179357871
  5173      21366038.3613552488
  5174      21372395.7964536101
  5175      21378753.1226035580
  5176      21385110.3391777948
  5177      21391467.4455489852
  5178      21397824.4410898499
  5179      21404181.3251731098
  5180      21410538.0971714631
  5181      21416894.7564576864
  5182      21423251.3024045080
  5183      21429607.7343846783
  5184      21435964.0517709665
  5185      21442320.2539361604
  5186      21448676.3402531072
  5187      21455032.3100945428
  5188      21461388.1628332399
  5189      21467743.8978421651
  5190      21474099.5144940577
  5191      21480455.0121618025
  5192      21486810.3902182207
  5193      21493165.6480362825
  5194      21499520.7849887647
  5195      21505875.8004486188
  5196      21512230.6937887669
  5197      21518585.4643820971
  5198      21524940.1116015874
  5199      21531294.6348201185
  5200      21537649.0334106907
  5201      21544003.3067463227
  5202      21550357.4541999325
  5203      21556711.4751445204
  5204      21563065.3689531013
  5205      21569419.1349987127
  5206      21575772.7726543956
  5207      21582126.2812931836
  5208      21588479.6602881104
  5209      21594832.9090122730
  5210      21601186.0268387683
  5211      21607539.0131406672
  5212      21613891.8672910817
  5213      21620244.5886631869
  5214      21626597.1766300350
  5215      21632949.6305648498
  5216      21639301.9498407543
  5217      21645654.1338309385
  5218      21652006.1819085851
  5219      21658358.0934469178
  5220      21664709.8678191267
  5221      21671061.5043984652
  5222      21677413.0025581121
  5223      21683764.3616714589
  5224      21690115.5811116584
  5225      21696466.6602520272
  5226      21702817.5984658971
  5227      21709168.3951265141
  5228      21715519.0496072955
  5229      21721869.5612814836
  5230      21728219.9295225218
  5231      21734570.1537037119
  5232      21740920.2331984751
  5233      21747270.1673802026
  5234      21753619.9556222968
  5235      21759969.5972981900
  5236      21766319.0917813182
  5237      21772668.4384451732
  5238      21779017.6366631575
  5239      21785366.6858088039
  5240      21791715.5852556042
  5241      21798064.3343770616
  5242      21804412.9325466976
  5243      21810761.3791380748
  5244      21817109.6735247672
  5245      21823457.8150803111
  5246      21829805.8031783402
  5247      21836153.6371923834
  5248      21842501.3164961152
  5249      21848848.8404632062
  5250      21855196.2084672078
  5251      21861543.4198818766
  5252      21867890.4740808345
  5253      21874237.3704377860
  5254      21880584.1083264872
  5255      21886930.6871206127
  5256      21893277.1061939150
  5257      21899623.3649202175
  5258      21905969.4626731910
  5259      21912315.3988266774
  5260      21918661.1727545224
  5261      21925006.7838304788
  5262      21931352.2314284109
  5263      21937697.5149221979
  5264      21944042.6336856671
  5265      21950387.5870927386
  5266      21956732.3745173179
  5267      21963076.9953332916
  5268      21969421.4489146434
  5269      21975765.7346352823
  5270      21982109.8518691920
  5271      21988453.7999903634
  5272      21994797.5783728175
  5273      22001141.1863905154
  5274      22007484.6234175563
  5275      22013827.8888279758
  5276      22020170.9819958098
  5277      22026513.9022951946
  5278      22032856.6491002068
  5279      22039199.2217849791
  5280      22045541.6197236106
  5281      22051883.8422903195
  5282      22058225.8888592385
  5283      22064567.7588045634
  5284      22070909.4515005201
  5285      22077250.9663213193
  5286      22083592.3026412018
  5287      22089933.4598344080
  5288      22096274.4372752532
  5289      22102615.2343380488
  5290      22108955.8503970504
  5291      22115296.2848265953
  5292      22121636.5370010808
  5293      22127976.6062948480
  5294      22134316.4920822829
  5295      22140656.1937377863
  5296      22146995.7106357776
  5297      22153335.0421507284
  5298      22159674.1876570210
  5299      22166013.1465292051
  5300      22172351.9181417711
  5301      22178690.5018691905
  5302      22185028.8970860131
  5303      22191367.1031667963
  5304      22197705.1194861121
  5305      22204042.9454185218
  5306      22210380.5803386904
  5307      22216718.0236211903
  5308      22223055.2746406943
  5309      22229392.3327718228
  5310      22235729.1973893009
  5311      22242065.8678678349
  5312      22248402.3435821161
  5313      22254738.6239068881
  5314      22261074.7082169354
  5315      22267410.5958870314
  5316      22273746.2862919383
  5317      22280081.7788064890
  5318      22286417.0728055760
  5319      22292752.1676639505
  5320      22299087.0627565980
  5321      22305421.7574583553
  5322      22311756.2511441261
  5323      22318090.5431888849
  5324      22324424.6329675615
  5325      22330758.5198551528
  5326      22337092.2032266185
  5327      22343425.6824570410
  5328      22349758.9569213502
  5329      22356092.0259946808
  5330      22362424.8890521415
  5331      22368757.5454687178
  5332      22375089.9946196266
  5333      22381422.2358799502
  5334      22387754.2686248459
  5335      22394086.0922295041
  5336      22400417.7060691938
  5337      22406749.1095190085
  5338      22413080.3019542582
  5339      22419411.2827502117
  5340      22425742.0512821227
  5341      22432072.6069253087
  5342      22438402.9490550868
  5343      22444733.0770468228
  5344      22451062.9902758598
  5345      22457392.6881175749
  5346      22463722.1699474230
  5347      22470051.4351407923
  5348      22476380.4830731265
  5349      22482709.3131199628
  5350      22489037.9246567264
  5351      22495366.3170589618
  5352      22501694.4897021912
  5353      22508022.4419620074
  5354      22514350.1732139811
  5355      22520677.6828336976
  5356      22527004.9701967612
  5357      22533332.0346788689
  5358      22539658.8756556846
  5359      22545985.4925028607
  5360      22552311.8845961355
  5361      22558638.0513112284
  5362      22564963.9920239337
  5363      22571289.7061099969
  5364      22577615.1929451935
  5365      22583940.4519054070
  5366      22590265.4823664650
  5367      22596590.2837042138
  5368      22602914.8552945927
  5369      22609239.1965134591
  5370      22615563.3067367859
  5371      22621887.1853405312
  5372      22628210.8317006826
  5373      22634534.2451931983
  5374      22640857.4251941629
  5375      22647180.3710796013
  5376      22653503.0822256319
  5377      22659825.5580082722
  5378      22666147.7978037223
  5379      22672469.8009880967
  5380      22678791.5669375099
  5381      22685113.0950282663
  5382      22691434.3846364804
  5383      22697755.4351384491
  5384      22704076.2459104098
  5385      22710396.8163286112
  5386      22716717.1457694769
  5387      22723037.2336092219
  5388      22729357.0792242549
  5389      22735676.6819909848
  5390      22741996.0412857272
  5391      22748315.1564849913
  5392      22754634.0269652158
  5393      22760952.6521028578
  5394      22767271.0312744230
  5395      22773589.1638564467
  5396      22779907.0492254905
  5397      22786224.6867580898
  5398      22792542.0758308843
  5399      22798859.2158204690
  5400      22805176.1061035059
  5401      22811492.7460566573
  5402      22817809.1350566484
  5403      22824125.2724801525
  5404      22830441.1577039585
  5405      22836756.7901048213
  5406      22843072.1690595597
  5407      22849387.2939449586
  5408      22855702.1641378626
  5409      22862016.7790151797
  5410      22868331.1379538067
  5411      22874645.2403306328
  5412      22880959.0855226256
  5413      22887272.6729067639
  5414      22893586.0018600114
  5415      22899899.0717594400
  5416      22906211.8819820769
  5417      22912524.4319049902
  5418      22918836.7209053114
  5419      22925148.7483601235
  5420      22931460.5136465803
  5421      22937772.0161419436
  5422      22944083.2552232854
  5423      22950394.2302679531
  5424      22956704.9406531155
  5425      22963015.3857561387
  5426      22969325.5649542101
  5427      22975635.4776248187
  5428      22981945.1231452152
  5429      22988254.5008928105
  5430      22994563.6102450378
  5431      23000872.4505793378
  5432      23007181.0212731510
  5433      23013489.3217039779
  5434      23019797.3512493931
  5435      23026105.1092868485
  5436      23032412.5951939709
  5437      23038719.8083484061
  5438      23045026.7481276952
  5439      23051333.4139095321
  5440      23057639.8050715700
  5441      23063945.9209915772
  5442      23070251.7610472739
  5443      23076557.3246163726
  5444      23082862.6110766940
  5445      23089167.6198060550
  5446      23095472.3501823582
  5447      23101776.8015833646
  5448      23108080.9733870514
  5449      23114384.8649713174
  5450      23120688.4757141136
  5451      23126991.8049934767
  5452      23133294.8521873578
  5453      23139597.6166738048
  5454      23145900.0978308842
  5455      23152202.2950367294
  5456      23158504.2076694183
  5457      23164805.8351071142
  5458      23171107.1767279953
  5459      23177408.2319102772
  5460      23183709.0000321902
  5461      23190009.4804720022
  5462      23196309.6726079956
  5463      23202609.5758184753
  5464      23208909.1894818246
  5465      23215208.5129764080
  5466      23221507.5456806421
  5467      23227806.2869729362
  5468      23234104.7362317704
  5469      23240402.8928355984
  5470      23246700.7561630197
  5471      23252998.3255925216
  5472      23259295.6005027108
  5473      23265592.5802721754
  5474      23271889.2642795816
  5475      23278185.6519035771
  5476      23284481.7425228171
  5477      23290777.5355161242
  5478      23297073.0302621722
  5479      23303368.2261397690
  5480      23309663.1225277297
  5481      23315957.7188048996
  5482      23322252.0143501386
  5483      23328546.0085423514
  5484      23334839.7007605061
  5485      23341133.0903835371
  5486      23347426.1767904051
  5487      23353718.9593601711
  5488      23360011.4374718629
  5489      23366303.6105045788
  5490      23372595.4778374396
  5491      23378887.0388495885
  5492      23385178.2929201610
  5493      23391469.2394283637
  5494      23397759.8777534701
  5495      23404050.2072747238
  5496      23410340.2273713984
  5497      23416629.9374228492
  5498      23422919.3368083984
  5499      23429208.4249074757
  5500      23435497.2010994256
  5501      23441785.6647637896
  5502      23448073.8152799457
  5503      23454361.6520274878
  5504      23460649.1743859053
  5505      23466936.3817347772
  5506      23473223.2734537348
  5507      23479509.8489223458
  5508      23485796.1075203680
  5509      23492082.0486274064
  5510      23498367.6716232300
  5511      23504652.9758875929
  5512      23510937.9608002789
  5513      23517222.6257411428
  5514      23523506.9700899646
  5515      23529790.9932266958
  5516      23536074.6945312172
  5517      23542358.0733834952
  5518      23548641.1291634887
  5519      23554923.8612512350
  5520      23561206.2690267637
  5521      23567488.3518701270
  5522      23573770.1091614552
  5523      23580051.5402809158
  5524      23586332.6446086466
  5525      23592613.4215248190
  5526      23598893.8704097755
  5527      23605173.9906436428
  5528      23611453.7816068530
  5529      23617733.2426796481
  5530      23624012.3732424304
  5531      23630291.1726755798
  5532      23636569.6403595731
  5533      23642847.7756748535
  5534      23649125.5780018829
  5535      23655403.0467212088
  5536      23661680.1812134422
  5537      23667956.9808590822
  5538      23674233.4450388364
  5539      23680509.5731333643
  5540      23686785.3645233326
  5541      23693060.8185894713
  5542      23699335.9347125143
  5543      23705610.7122733630
  5544      23711885.1506526954
  5545      23718159.2492314987
  5546      23724433.0073905960
  5547      23730706.4245109595
  5548      23736979.4999734834
  5549      23743252.2331592478
  5550      23749524.6234492473
  5551      23755796.6702245511
  5552      23762068.3728662319
  5553      23768339.7307554372
  5554      23774610.7432733402
  5555      23780881.4098011144
  5556      23787151.7297200672
  5557      23793421.7024113722
  5558      23799691.3272563666
  5559      23805960.6036364287
  5560      23812229.5309328623
  5561      23818498.1085271239
  5562      23824766.3358006291
  5563      23831034.2121348344
  5564      23837301.7369113155
  5565      23843568.9095115326
  5566      23849835.7293171138
  5567      23856102.1957096867
  5568      23862368.3080708347
  5569      23868634.0657823384
  5570      23874899.4682257921
  5571      23881164.5147830844
  5572      23887429.2048358917
  5573      23893693.5377660915
  5574      23899957.5129555203
  5575      23906221.1297861226
  5576      23912484.3876397684
  5577      23918747.2858984210
  5578      23925009.8239441253
  5579      23931272.0011588819
  5580      23937533.8169248067
  5581      23943795.2706239559
  5582      23950056.3616384678
  5583      23956317.0893505886
  5584      23962577.4531424940
  5585      23968837.4523963816
  5586      23975097.0864946023
  5587      23981356.3548194803
  5588      23987615.2567533478
  5589      23993873.7916786037
  5590      24000131.9589777030
  5591      24006389.7580330558
  5592      24012647.1882272214
  5593      24018904.2489427514
  5594      24025160.9395621680
  5595      24031417.2594681047
  5596      24037673.2080432214
  5597      24043928.7846701667
  5598      24050183.9887317494
  5599      24056438.8196106367
  5600      24062693.2766896598
  5601      24068947.3593516722
  5602      24075201.0669795126
  5603      24081454.3989560902
  5604      24087707.3546644226
  5605      24093959.9334873371
  5606      24100212.1348080263
  5607      24106463.9580094106
  5608      24112715.4024746604
  5609      24118966.4675868601
  5610      24125217.1527292281
  5611      24131467.4572849274
  5612      24137717.3806372434
  5613      24143966.9221693836
  5614      24150216.0812647305
  5615      24156464.8573066145
  5616      24162713.2496784888
  5617      24168961.2577636652
  5618      24175208.8809457123
  5619      24181456.1186080948
  5620      24187702.9701343626
  5621      24193949.4349081069
  5622      24200195.5123129897
  5623      24206441.2017325982
  5624      24212686.5025506429
  5625      24218931.4141509384
  5626      24225175.9359171502
  5627      24231420.0672331750
  5628      24237663.8074828200
  5629      24243907.1560499966
  5630      24250150.1123186201
  5631      24256392.6756726876
  5632      24262634.8454961590
  5633      24268876.6211731024
  5634      24275118.0020876378
  5635      24281358.9876238331
  5636      24287599.5771658905
  5637      24293839.7700979672
  5638      24300079.5658043586
  5639      24306318.9636693113
  5640      24312557.9630771540
  5641      24318796.5634122342
  5642      24325034.7640589774
  5643      24331272.5644017980
  5644      24337509.9638251625
  5645      24343746.9617136084
  5646      24349983.5574516803
  5647      24356219.7504239902
  5648      24362455.5400151722
  5649      24368690.9256098643
  5650      24374925.9065928310
  5651      24381160.4823488072
  5652      24387394.6522625908
  5653      24393628.4157189839
  5654      24399861.7721029185
  5655      24406094.7207992524
  5656      24412327.2611930184
  5657      24418559.3926691227
  5658      24424791.1146126613
  5659      24431022.4264086857
  5660      24437253.3274423406
  5661      24443483.8170987479
  5662      24449713.8947631121
  5663      24455943.5598207191
  5664      24462172.8116567805
  5665      24468401.6496566348
  5666      24474630.0732057057
  5667      24480858.0816893242
  5668      24487085.6744929217
  5669      24493312.8510020562
  5670      24499539.6106021814
  5671      24505765.9526789039
  5672      24511991.8766178451
  5673      24518217.3818046115
  5674      24524442.4676249027
  5675      24530667.1334645078
  5676      24536891.3787090965
  5677      24543115.2027445696
  5678      24549338.6049567498
  5679      24555561.5847315267
  5680      24561784.1414548568
  5681      24568006.2745127082
  5682      24574227.9832911305
  5683      24580449.2671761401
  5684      24586670.1255538799
  5685      24592890.5578105003
  5686      24599110.5633321777
  5687      24605330.1415051222
  5688      24611549.2917156741
  5689      24617768.0133501068
  5690      24623986.3057947941
  5691      24630204.1684360988
  5692      24636421.6006605215
  5693      24642638.6018544883
  5694      24648855.1714046001
  5695      24655071.3086973801
  5696      24661287.0131194703
  5697      24667502.2840574794
  5698      24673717.1208981685
  5699      24679931.5230282359
  5700      24686145.4898344986
  5701      24692359.0207037367
  5702      24698572.1150229089
  5703      24704784.7721788287
  5704      24710996.9915585220
  5705      24717208.7725489736
  5706      24723420.1145372391
  5707      24729631.0169103593
  5708      24735841.4790555090
  5709      24742051.5003598481
  5710      24748261.0802106000
  5711      24754470.2179950327
  5712      24760678.9131004363
  5713      24766887.1649141535
  5714      24773094.9728236124
  5715      24779302.3362162299
  5716      24785509.2544794530
  5717      24791715.7270008810
  5718      24797921.7531679943
  5719      24804127.3323684707
  5720      24810332.4639898948
  5721      24816537.1474200934
  5722      24822741.3820467032
  5723      24828945.1672575213
  5724      24835148.5024404339
  5725      24841351.3869832605
  5726      24847553.8202739619
  5727      24853755.8017005064
  5728      24859957.3306508958
  5729      24866158.4065131769
  5730      24872359.0286754332
  5731      24878559.1965258755
  5732      24884758.9094526283
  5733      24890958.1668439545
  5734      24897156.9680881128
  5735      24903355.3125735149
  5736      24909553.1996884085
  5737      24915750.6288212314
  5738      24921947.5993605442
  5739      24928144.1106947586
  5740      24934340.1622124277
  5741      24940535.7533022128
  5742      24946730.8833526932
  5743      24952925.5517525896
  5744      24959119.7578906268
  5745      24965313.5011555515
  5746      24971506.7809362449
  5747      24977699.5966215320
  5748      24983891.9476003610
  5749      24990083.8332616724
  5750      24996275.2529944703
  5751      25002466.2061878480
  5752      25008656.6922308207
  5753      25014846.7105126232
  5754      25021036.2604224347
  5755      25027225.3413494192
  5756      25033413.9526829459
  5757      25039602.0938123092
  5758      25045789.7641269118
  5759      25051976.9630161002
  5760      25058163.6898694374
  5761      25064349.9440764003
  5762      25070535.7250265330
  5763      25076721.0321094655
  5764      25082905.8647148684
  5765      25089090.2222324535
  5766      25095274.1040519178
  5767      25101457.5095630959
  5768      25107640.4381558411
  5769      25113822.8892200068
  5770      25120004.8621455878
  5771      25126186.3563225269
  5772      25132367.3711408488
  5773      25138547.9059906676
  5774      25144727.9602620825
  5775      25150907.5333452821
  5776      25157086.6246305183
  5777      25163265.2335080057
  5778      25169443.3593680970
  5779      25175621.0016011484
  5780      25181798.1595975421
  5781      25187974.8327478245
  5782      25194151.0204424113
  5783      25200326.7220719010
  5784      25206501.9370269217
  5785      25212676.6646980792
  5786      25218850.9044760875
  5787      25225024.6557517052
  5788      25231197.9179157317
  5789      25237370.6903590225
  5790      25243542.9724724181
  5791      25249714.7636469342
  5792      25255886.0632735081
  5793      25262056.8707432076
  5794      25268227.1854470819
  5795      25274397.0067763068
  5796      25280566.3341220431
  5797      25286735.1668755561
  5798      25292903.5044281036
  5799      25299071.3461710215
  5800      25305238.6914956793
  5801      25311405.5397935174
  5802      25317571.8904560134
  5803      25323737.7428746670
  5804      25329903.0964411311
  5805      25336067.9505469501
  5806      25342232.3045838252
  5807      25348396.1579435207
  5808      25354559.5100177340
  5809      25360722.3601983637
  5810      25366884.7078771964
  5811      25373046.5524462685
  5812      25379207.8932974525
  5813      25385368.7298228182
  5814      25391529.0614144355
  5815      25397688.8874643818
  5816      25403848.2073649131
  5817      25410007.0205081515
  5818      25416165.3262864612
  5819      25422323.1240920760
  5820      25428480.4133174345
  5821      25434637.1933549233
  5822      25440793.4635970294
  5823      25446949.2234362923
  5824      25453104.4722652137
  5825      25459259.2094764896
  5826      25465413.4344627671
  5827      25471567.1466167830
  5828      25477720.3453312963
  5829      25483873.0299991183
  5830      25490025.2000131384
  5831      25496176.8547663055
  5832      25502327.9936515801
  5833      25508478.6160619929
  5834      25514628.7213905826
  5835      25520778.3090305440
  5836      25526927.3783750385
  5837      25533075.9288172461
  5838      25539223.9597505592
  5839      25545371.4705682024
  5840      25551518.4606636241
  5841      25557664.9294302464
  5842      25563810.8762615584
  5843      25569956.3005510978
  5844      25576101.2016924433
  5845      25582245.5790792927
  5846      25588389.4321052581
  5847      25594532.7601641789
  5848      25600675.5626497678
  5849      25606817.8389559351
  5850      25612959.5884765759
  5851      25619100.8106056340
  5852      25625241.5047370791
  5853      25631381.6702650301
  5854      25637521.3065835759
  5855      25643660.4130868837
  5856      25649798.9891691506
  5857      25655937.0342246778
  5858      25662074.5476477481
  5859      25668211.5288327448
  5860      25674347.9771741182
  5861      25680483.8920663297
  5862      25686619.2729039043
  5863      25692754.1190814152
  5864      25698888.4299935214
  5865      25705022.2050349154
  5866      25711155.4436003417
  5867      25717288.1450845525
  5868      25723420.3088824227
  5869      25729551.9343888462
  5870      25735683.0209988207
  5871      25741813.5681072921
  5872      25747943.5751093626
  5873      25754073.0414000936
  5874      25760201.9663747251
  5875      25766330.3494284153
  5876      25772458.1899564601
  5877      25778585.4873541966
  5878      25784712.2410170063
  5879      25790838.4503403194
  5880      25796964.1147195809
  5881      25803089.2335504144
  5882      25809213.8062283546
  5883      25815337.8321490623
  5884      25821461.3107082918
  5885      25827584.2413017005
  5886      25833706.6233251914
  5887      25839828.4561745897
  5888      25845949.7392458208
  5889      25852070.4719348699
  5890      25858190.6536377370
  5891      25864310.2837505564
  5892      25870429.3616694026
  5893      25876547.8867905177
  5894      25882665.8585101143
  5895      25888783.2762245312
  5896      25894900.1393300891
  5897      25901016.4472231939
  5898      25907132.1993003525
  5899      25913247.3949580528
  5900      25919362.0335928835
  5901      25925476.1146014668
  5902      25931589.6373804882
  5903      25937702.6013266854
  5904      25943815.0058368519
  5905      25949926.8503078818
  5906      25956038.1341365874
  5907      25962148.8567200303
  5908      25968259.0174551606
  5909      25974368.6157390885
  5910      25980477.6509689055
  5911      25986586.1225418299
  5912      25992694.0298550911
  5913      25998801.3723059520
  5914      26004908.1492918134
  5915      26011014.3602100238
  5916      26017120.0044580959
  5917      26023225.0814335234
  5918      26029329.5905338861
  5919      26035433.5311568156
  5920      26041536.9026999809
  5921      26047639.7045611627
  5922      26053741.9361380823
  5923      26059843.5968286991
  5924      26065944.6860308312
  5925      26072045.2031425275
  5926      26078145.1475617066
  5927      26084244.5186865516
  5928      26090343.3159151562
  5929      26096441.5386457071
  5930      26102539.1862764284
  5931      26108636.2582056969
  5932      26114732.7538318411
  5933      26120828.6725532562
  5934      26126924.0137684755
  5935      26133018.7768759653
  5936      26139112.9612743668
  5937      26145206.5663623177
  5938      26151299.5915385038
  5939      26157392.0362017378
  5940      26163483.8997507580
  5941      26169575.1815845259
  5942      26175665.8811019287
  5943      26181755.9977019615
  5944      26187845.5307836793
  5945      26193934.4797462225
  5946      26200022.8439886682
  5947      26206110.6229103692
  5948      26212197.8159104586
  5949      26218284.4223884232
  5950      26224370.4417435341
  5951      26230455.8733753115
  5952      26236540.7166832462
  5953      26242624.9710669369
  5954      26248708.6359259821
  5955      26254791.7106600553
  5956      26260874.1946689300
  5957      26266956.0873524174
  5958      26273037.3881103322
  5959      26279118.0963426456
  5960      26285198.2114493176
  5961      26291277.7328303717
  5962      26297356.6598859280
  5963      26303434.9920160845
  5964      26309512.7286211401
  5965      26315589.8691012971
  5966      26321666.4128569216
  5967      26327742.3592883945
  5968      26333817.7077961527
  5969      26339892.4577806965
  5970      26345966.6086426489
  5971      26352040.1597825401
  5972      26358113.1106011122
  5973      26364185.4604991302
  5974      26370257.2088773772
  5975      26376328.3551366925
  5976      26382398.8986779861
  5977      26388468.8389022984
  5978      26394538.1752106510
  5979      26400606.9070041031
  5980      26406675.0336838625
  5981      26412742.5546511225
  5982      26418809.4693071619
  5983      26424875.7770533524
  5984      26430941.4772910327
  5985      26437006.5694217198
  5986      26443071.0528469160
  5987      26449134.9269681573
  5988      26455198.1911871582
  5989      26461260.8449055813
  5990      26467322.8875251710
  5991      26473384.3184477724
  5992      26479445.1370752603
  5993      26485505.3428095691
  5994      26491564.9350526705
  5995      26497623.9132067040
  5996      26503682.2766737118
  5997      26509740.0248559266
  5998      26515797.1571555734
  5999      26521853.6729749739
  6000      26527909.5717164315
  6001      26533964.8527824692
  6002      26540019.5155755207
  6003      26546073.5594981238
  6004      26552126.9839528985
  6005      26558179.7883425467
  6006      26564231.9720697589
  6007      26570283.5345373265
  6008      26576334.4751481339
  6009      26582384.7933050729
  6010      26588434.4884111434
  6011      26594483.5598693639
  6012      26600532.0070828497
  6013      26606579.8294547200
  6014      26612627.0263882726
  6015      26618673.5972867124
  6016      26624719.5415534526
  6017      26630764.8585918620
  6018      26636809.5478054173
  6019      26642853.6085976958
  6020      26648897.0403722152
  6021      26654939.8425326459
  6022      26660982.0144827776
  6023      26667023.5556263179
  6024      26673064.4653671458
  6025      26679104.7431091703
  6026      26685144.3882563263
  6027      26691183.4002126567
  6028      26697221.7783822753
  6029      26703259.5221692957
  6030      26709296.6309780143
  6031      26715333.1042126045
  6032      26721368.9412774928
  6033      26727404.1415770501
  6034      26733438.7045157403
  6035      26739472.6294981316
  6036      26745505.9159287550
  6037      26751538.5632123463
  6038      26757570.5707535595
  6039      26763601.9379572235
  6040      26769632.6642281562
  6041      26775662.7489712648
  6042      26781692.1915915422
  6043      26787720.9914940447
  6044      26793749.1480838284
  6045      26799776.6607660726
  6046      26805803.5289459974
  6047      26811829.7520289309
  6048      26817855.3294202052
  6049      26823880.2605252005
  6050      26829904.5447494350
  6051      26835928.1814984754
  6052      26841951.1701779105
  6053      26847973.5101934001
  6054      26853995.2009507045
  6055      26860016.2418555804
  6056      26866036.6323139742
  6057      26872056.3717317320
  6058      26878075.4595149085
  6059      26884093.8950695321
  6060      26890111.6778017282
  6061      26896128.8071177006
  6062      26902145.2824236676
  6063      26908161.1031260081
  6064      26914176.2686310224
  6065      26920190.7783452012
  6066      26926204.6316750757
  6067      26932217.8280272000
  6068      26938230.3668081947
  6069      26944242.2474247441
  6070      26950253.4692837298
  6071      26956264.0317918435
  6072      26962273.9343560897
  6073      26968283.1763833687
  6074      26974291.7572807707
  6075      26980299.6764553450
  6076      26986306.9333142601
  6077      26992313.5272647366
  6078      26998319.4577141106
  6079      27004324.7240696698
  6080      27010329.3257388994
  6081      27016333.2621292323
  6082      27022336.5326483026
  6083      27028339.1367036141
  6084      27034341.0737029649
  6085      27040342.3430540003
  6086      27046342.9441646487
  6087      27052342.8764427304
  6088      27058342.1392961629
  6089      27064340.7321330458
  6090      27070338.6543613747
  6091      27076335.9053893499
  6092      27082332.4846252017
  6093      27088328.3914771453
  6094      27094323.6253535748
  6095      27100318.1856628954
  6096      27106312.0718135461
  6097      27112305.2832141407
  6098      27118297.8192732409
  6099      27124289.6793995313
  6100      27130280.8630017936
  6101      27136271.3694887944
  6102      27142261.1982694305
  6103      27148250.3487526476
  6104      27154238.8203474693
  6105      27160226.6124629714
  6106      27166213.7245082557
  6107      27172200.1558926105
  6108      27178185.9060252681
  6109      27184170.9743156172
  6110      27190155.3601729833
  6111      27196139.0630069524
  6112      27202122.0822270401
  6113      27208104.4172428548
  6114      27214086.0674640946
  6115      27220067.0323004834
  6116      27226047.3111618571
  6117      27232026.9034581333
  6118      27238005.8085992336
  6119      27243984.0259951763
  6120      27249961.5550560653
  6121      27255938.3951920867
  6122      27261914.5458134487
  6123      27267890.0063304007
  6124      27273864.7761534005
  6125      27279838.8546927869
  6126      27285812.2413591035
  6127      27291784.9355629198
  6128      27297756.9367148764
  6129      27303728.2442256585
  6130      27309698.8575060628
  6131      27315668.7759669088
  6132      27321637.9990190975
  6133      27327606.5260736831
  6134      27333574.3565416187
  6135      27339541.4898340739
  6136      27345507.9253622107
  6137      27351473.6625372916
  6138      27357438.7007706426
  6139      27363403.0394736566
  6140      27369366.6780577786
  6141      27375329.6159345694
  6142      27381291.8525156118
  6143      27387253.3872125708
  6144      27393214.2194371670
  6145      27399174.3486012556
  6146      27405133.7741166726
  6147      27411092.4953953736
  6148      27417050.5118493848
  6149      27423007.8228907883
  6150      27428964.4279316962
  6151      27434920.3263844289
  6152      27440875.5176611729
  6153      27446830.0011743642
  6154      27452783.7763364092
  6155      27458736.8425598070
  6156      27464689.1992571503
  6157      27470640.8458410203
  6158      27476591.7817242630
  6159      27482542.0063195378
  6160      27488491.5190397240
  6161      27494440.3192977905
  6162      27500388.4065067060
  6163      27506335.7800795212
  6164      27512282.4394293912
  6165      27518228.3839694783
  6166      27524173.6131131351
  6167      27530118.1262736470
  6168      27536061.9228644632
  6169      27542005.0022990443
  6170      27547947.3639909700
  6171      27553889.0073538832
  6172      27559829.9318014160
  6173      27565770.1367474645
  6174      27571709.6216057427
  6175      27577648.3857902475
  6176      27583586.4287149124
  6177      27589523.7497938275
  6178      27595460.3484410979
  6179      27601396.2240709327
  6180      27607331.3760976233
  6181      27613265.8039354421
  6182      27619199.5069988742
  6183      27625132.4847023897
  6184      27631064.7364605032
  6185      27636996.2616879046
  6186      27642927.0597992316
  6187      27648857.1302092858
  6188      27654786.4723328911
  6189      27660715.0855850056
  6190      27666642.9693805836
  6191      27672570.1231346615
  6192      27678496.5462624207
  6193      27684422.2381790355
  6194      27690347.1982997730
  6195      27696271.4260399975
  6196      27702194.9208151177
  6197      27708117.6820406355
  6198      27714039.7091320939
  6199      27719961.0015051216
  6200      27725881.5585754998
  6201      27731801.3797589429
  6202      27737720.4644712582
  6203      27743638.8121285215
  6204      27749556.4221465886
  6205      27755473.2939416058
  6206      27761389.4269297160
  6207      27767304.8205270991
  6208      27773219.4741500765
  6209      27779133.3872149959
  6210      27785046.5591383055
  6211      27790958.9893365018
  6212      27796870.6772261895
  6213      27802781.6222239956
  6214      27808691.8237467073
  6215      27814601.2812110446
  6216      27820509.9940339327
  6217      27826417.9616323262
  6218      27832325.1834232584
  6219      27838231.6588237658
  6220      27844137.3872511052
  6221      27850042.3681224324
  6222      27855946.6008551195
  6223      27861850.0848665908
  6224      27867752.8195742033
  6225      27873654.8043956235
  6226      27879556.0387483686
  6227      27885456.5220501684
  6228      27891356.2537187859
  6229      27897255.2331720516
  6230      27903153.4598278664
  6231      27909050.9331042357
  6232      27914947.6524192207
  6233      27920843.6171909198
  6234      27926738.8268375732
  6235      27932633.2807774544
  6236      27938526.9784288853
  6237      27944419.9192103706
  6238      27950312.1025403738
  6239      27956203.5278374664
  6240      27962094.1945203245
  6241      27967984.1020076759
  6242      27973873.2497182973
  6243      27979761.6370711252
  6244      27985649.2634850591
  6245      27991536.1283791959
  6246      27997422.2311725467
  6247      28003307.5712843947
  6248      28009192.1481339224
  6249      28015075.9611404911
  6250      28020959.0097234882
  6251      28026841.2933024578
  6252      28032722.8112968542
  6253      28038603.5631264038
  6254      28044483.5482107736
  6255      28050362.7659697682
  6256      28056241.2158232108
  6257      28062118.8971910626
  6258      28067995.8094933666
  6259      28073871.9521501586
  6260      28079747.3245816268
  6261      28085621.9262079932
  6262      28091495.7564496137
  6263      28097368.8147268184
  6264      28103241.1004601605
  6265      28109112.6130700931
  6266      28114983.3519773297
  6267      28120853.3166024834
  6268      28126722.5063663535
  6269      28132590.9206898026
  6270      28138458.5589937791
  6271      28144325.4206992574
  6272      28150191.5052273013
  6273      28156056.8119990975
  6274      28161921.3404358663
  6275      28167785.0899589062
  6276      28173648.0599896424
  6277      28179510.2499494851
  6278      28185371.6592600197
  6279      28191232.2873428762
  6280      28197092.1336196512
  6281      28202951.1975122392
  6282      28208809.4784424417
  6283      28214666.9758321606
  6284      28220523.6891034171
  6285      28226379.6176782884
  6286      28232234.7609789781
  6287      28238089.1184276417
  6288      28243942.6894466132
  6289      28249795.4734583870
  6290      28255647.4698853008
  6291      28261498.6781499572
  6292      28267349.0976749584
  6293      28273198.7278830297
  6294      28279047.5681969635
  6295      28284895.6180395707
  6296      28290742.8768338412
  6297      28296589.3440027274
  6298      28302435.0189694166
  6299      28308279.9011569433
  6300      28314123.9899887033
  6301      28319967.2848879173
  6302      28325809.7852780297
  6303      28331651.4905825146
  6304      28337492.4002249353
  6305      28343332.5136289597
  6306      28349171.8302182853
  6307      28355010.3494166806
  6308      28360848.0706480518
  6309      28366684.9933363721
  6310      28372521.1169056557
  6311      28378356.4407799952
  6312      28384190.9643836282
  6313      28390024.6871407665
  6314      28395857.6084758081
  6315      28401689.7278131843
  6316      28407521.0445773639
  6317      28413351.5581929944
  6318      28419181.2680846341
  6319      28425010.1736771576
  6320      28430838.2743953131
  6321      28436665.5696640313
  6322      28442492.0589082725
  6323      28448317.7415531389
  6324      28454142.6170237027
  6325      28459966.6847452745
  6326      28465789.9441431388
  6327      28471612.3946426101
  6328      28477434.0356692187
  6329      28483254.8666484691
  6330      28489074.8870060109
  6331      28494894.0961675458
  6332      28500712.4935588241
  6333      28506530.0786057301
  6334      28512346.8507341854
  6335      28518162.8093702719
  6336      28523977.9539400153
  6337      28529792.2838696577
  6338      28535605.7985854186
  6339      28541418.4975136556
  6340      28547230.3800808080
  6341      28553041.4457133748
  6342      28558851.6938379891
  6343      28564661.1238811687
  6344      28570469.7352698185
  6345      28576277.5274306834
  6346      28582084.4997907393
  6347      28587890.6517768577
  6348      28593695.9828162529
  6349      28599500.4923359565
  6350      28605304.1797632575
  6351      28611107.0445254855
  6352      28616909.0860500000
  6353      28622710.3037642688
  6354      28628510.6970958933
  6355      28634310.2654725052
  6356      28640109.0083217621
  6357      28645906.9250715263
  6358      28651704.0151496604
  6359      28657500.2779841647
  6360      28663295.7130030207
  6361      28669090.3196343705
  6362      28674884.0973065160
  6363      28680677.0454475917
  6364      28686469.1634861305
  6365      28692260.4508504532
  6366      28698050.9069691636
  6367      28703840.5312709212
  6368      28709629.3231843337
  6369      28715417.2821382396
  6370      28721204.4075615034
  6371      28726990.6988830566
  6372      28732776.1555319093
  6373      28738560.7769372538
  6374      28744344.5625282191
  6375      28750127.5117340684
  6376      28755909.6239842251
  6377      28761690.8987080716
  6378      28767471.3353351392
  6379      28773250.9332950972
  6380      28779029.6920175850
  6381      28784807.6109323464
  6382      28790584.6894693151
  6383      28796360.9270583987
  6384      28802136.3231295832
  6385      28807910.8771129996
  6386      28813684.5884388573
  6387      28819457.4565373883
  6388      28825229.4808389992
  6389      28831000.6607740596
  6390      28836770.9957731441
  6391      28842540.4852668718
  6392      28848309.1286858395
  6393      28854076.9254609384
  6394      28859843.8750229180
  6395      28865609.9768028036
  6396      28871375.2302315570
  6397      28877139.6347402968
  6398      28882903.1897602342
  6399      28888665.8947226368
  6400      28894427.7490588389
  6401      28900188.7522002980
  6402      28905948.9035785347
  6403      28911708.2026252002
  6404      28917466.6487719119
  6405      28923224.2414505146
  6406      28928980.9800928272
  6407      28934736.8641308062
  6408      28940491.8929965198
  6409      28946246.0661219880
  6410      28951999.3829395249
  6411      28957751.8428813815
  6412      28963503.4453798421
  6413      28969254.1898674853
  6414      28975004.0757767335
  6415      28980753.1025403291
  6416      28986501.2695908546
  6417      28992248.5763612129
  6418      28997995.0222841650
  6419      29003740.6067928225
  6420      29009485.3293200806
  6421      29015229.1892991550
  6422      29020972.1861632615
  6423      29026714.3193457052
  6424      29032455.5882798061
  6425      29038195.9923991226
  6426      29043935.5311371647
  6427      29049674.2039276138
  6428      29055412.0102041103
  6429      29061148.9494005777
  6430      29066885.0209508799
  6431      29072620.2242889553
  6432      29078354.5588489510
  6433      29084088.0240649469
  6434      29089820.6193712652
  6435      29095552.3442021608
  6436      29101283.1979921088
  6437      29107013.1801755577
  6438      29112742.2901871391
  6439      29118470.5274614766
  6440      29124197.8914333917
  6441      29129924.3815376684
  6442      29135649.9972092882
  6443      29141374.7378832363
  6444      29147098.6029945984
  6445      29152821.5919786394
  6446      29158543.7042705379
  6447      29164264.9393057339
  6448      29169985.2965196297
  6449      29175704.7753478512
  6450      29181423.3752258532
  6451      29187141.0955895148
  6452      29192857.9358745255
  6453      29198573.8955168016
  6454      29204288.9739523418
  6455      29210003.1706171446
  6456      29215716.4849474356
  6457      29221428.9163793698
  6458      29227140.4643492736
  6459      29232851.1282936223
  6460      29238560.9076488055
  6461      29244269.8018515147
  6462      29249977.8103382885
  6463      29255684.9325460270
  6464      29261391.1679114401
  6465      29267096.5158715434
  6466      29272800.9758633114
  6467      29278504.5473238826
  6468      29284207.2296904102
  6469      29289909.0224002153
  6470      29295609.9248906337
  6471      29301309.9365991317
  6472      29307009.0569632538
  6473      29312707.2854206525
  6474      29318404.6214090176
  6475      29324101.0643661693
  6476      29329796.6137299761
  6477      29335491.2689384706
  6478      29341185.0294297226
  6479      29346877.8946418501
  6480      29352569.8640131503
  6481      29358260.9369818904
  6482      29363951.1129865870
  6483      29369640.3914656676
  6484      29375328.7718578130
  6485      29381016.2536016442
  6486      29386702.8361360058
  6487      29392388.5188997276
  6488      29398073.3013317846
  6489      29403757.1828711890
  6490      29409440.1629571356
  6491      29415122.2410288230
  6492      29420803.4165255092
  6493      29426483.6888866611
  6494      29432163.0575517975
  6495      29437841.5219604000
  6496      29443519.0815522522
  6497      29449195.7357670031
  6498      29454871.4840446003
  6499      29460546.3258249015
  6500      29466220.2605479918
  6501      29471893.2876539715
  6502      29477565.4065830000
  6503      29483236.6167754419
  6504      29488906.9176716767
  6505      29494576.3087121397
  6506      29500244.7893374190
  6507      29505912.3589881547
  6508      29511579.0171051174
  6509      29517244.7631291337
  6510      29522909.5965011083
  6511      29528573.5166621022
  6512      29534236.5230531618
  6513      29539898.6151154935
  6514      29545559.7922904529
  6515      29551220.0540193208
  6516      29556879.3997436464
  6517      29562537.8289049305
  6518      29568195.3409448378
  6519      29573851.9353050701
  6520      29579507.6114275306
  6521      29585162.3687540889
  6522      29590816.2067267597
  6523      29596469.1247876398
  6524      29602121.1223789454
  6525      29607772.1989429444
  6526      29613422.3539219648
  6527      29619071.5867585354
  6528      29624719.8968951963
  6529      29630367.2837745547
  6530      29636013.7468393967
  6531      29641659.2855325229
  6532      29647303.8992968686
  6533      29652947.5875754170
  6534      29658590.3498112895
  6535      29664232.1854476780
  6536      29669873.0939278640
  6537      29675513.0746952295
  6538      29681152.1271932311
  6539      29686790.2508654371
  6540      29692427.4451555014
  6541      29698063.7095071450
  6542      29703699.0433642231
  6543      29709333.4461706541
  6544      29714966.9173704609
  6545      29720599.4564077370
  6546      29726231.0627267212
  6547      29731861.7357716672
  6548      29737491.4749869928
  6549      29743120.2798171453
  6550      29748748.1497067213
  6551      29754375.0841003545
  6552      29760001.0824428275
  6553      29765626.1441789791
  6554      29771250.2687537409
  6555      29776873.4556121640
  6556      29782495.7041993663
  6557      29788117.0139605552
  6558      29793737.3843410313
  6559      29799356.8147861920
  6560      29804975.3047416173
  6561      29810592.8536527865
  6562      29816209.4609654173
  6563      29821825.1261253282
  6564      29827439.8485782966
  6565      29833053.6277703606
  6566      29838666.4631475359
  6567      29844278.3541559801
  6568      29849889.3002419583
  6569      29855499.3008517548
  6570      29861108.3554318212
  6571      29866716.4634286799
  6572      29872323.6242889203
  6573      29877929.8374592587
  6574      29883535.1023865417
  6575      29889139.4185175858
  6576      29894742.7852993831
  6577      29900345.2021791041
  6578      29905946.6686038263
  6579      29911547.1840208843
  6580      29917146.7478775829
  6581      29922745.3596214317
  6582      29928343.0186999477
  6583      29933939.7245607749
  6584      29939535.4766516313
  6585      29945130.2744203918
  6586      29950724.1173149683
  6587      29956317.0047833882
  6588      29961908.9362737387
  6589      29967499.9112342484
  6590      29973089.9291132204
  6591      29978678.9893590286
  6592      29984267.0914202221
  6593      29989854.2347453125
  6594      29995440.4187830761
  6595      30001025.6429821774
  6596      30006609.9067915641
  6597      30012193.2096601911
  6598      30017775.5510370769
  6599      30023356.9303714149
  6600      30028937.3471125029
  6601      30034516.8007095754
  6602      30040095.2906121500
  6603      30045672.8162696995
  6604      30051249.3771319352
  6605      30056824.9726485275
  6606      30062399.6022693217
  6607      30067973.2654441968
  6608      30073545.9616232477
  6609      30079117.6902564913
  6610      30084688.4507941455
  6611      30090258.2426865436
  6612      30095827.0653840676
  6613      30101394.9183371961
  6614      30106961.8009965345
  6615      30112527.7128126882
  6616      30118092.6532365642
  6617      30123656.6217189394
  6618      30129219.6177108064
  6619      30134781.6406632289
  6620      30140342.6900273822
  6621      30145902.7652544565
  6622      30151461.8657958917
  6623      30157019.9911031127
  6624      30162577.1406276338
  6625      30168133.3138210997
  6626      30173688.5101352967
  6627      30179242.7290220000
  6628      30184795.9699331485
  6629      30190348.2323208265
  6630      30195899.5156370923
  6631      30201449.8193341568
  6632      30206999.1428644136
  6633      30212547.4856802262
  6634      30218094.8472340852
  6635      30223641.2269786187
  6636      30229186.6243665591
  6637      30234731.0388506576
  6638      30240274.4698838517
  6639      30245816.9169190973
  6640      30251358.3794095032
  6641      30256898.8568082936
  6642      30262438.3485687301
  6643      30267976.8541441597
  6644      30273514.3729880862
  6645      30279050.9045541249
  6646      30284586.4482959136
  6647      30290121.0036672242
  6648      30295654.5701219551
  6649      30301187.1471140422
  6650      30306718.7340975478
  6651      30312249.3305266574
  6652      30317778.9358556457
  6653      30323307.5495388545
  6654      30328835.1710307039
  6655      30334361.7997858152
  6656      30339887.4352587871
  6657      30345412.0769044198
  6658      30350935.7241775058
  6659      30356458.3765330315
  6660      30361980.0334260724
  6661      30367500.6943116672
  6662      30373020.3586451560
  6663      30378539.0258818381
  6664      30384056.6954771578
  6665      30389573.3668866381
  6666      30395089.0395659655
  6667      30400603.7129708119
  6668      30406117.3865570016
  6669      30411630.0597805344
  6670      30417141.7320974097
  6671      30422652.4029637352
  6672      30428162.0718357712
  6673      30433670.7381697744
  6674      30439178.4014222771
  6675      30444685.0610497147
  6676      30450190.7165087536
  6677      30455695.3672561087
  6678      30461199.0127485916
  6679      30466701.6524431445
  6680      30472203.2857967839
  6681      30477703.9122665711
  6682      30483203.5313098058
  6683      30488702.1423837617
  6684      30494199.7449458539
  6685      30499696.3384536244
  6686      30505191.9223646820
  6687      30510686.4961367212
  6688      30516180.0592275783
  6689      30521672.6110951751
  6690      30527164.1511974968
  6691      30532654.6789926998
  6692      30538144.1939389631
  6693      30543632.6954946034
  6694      30549120.1831180602
  6695      30554606.6562678479
  6696      30560092.1144025400
  6697      30565576.5569809005
  6698      30571059.9834617414
  6699      30576542.3933039270
  6700      30582023.7859665379
  6701      30587504.1609086655
  6702      30592983.5175894760
  6703      30598461.8554683737
  6704      30603939.1740047336
  6705      30609415.4726580679
  6706      30614890.7508880049
  6707      30620365.0081542768
  6708      30625838.2439166643
  6709      30631310.4576351382
  6710      30636781.6487696841
  6711      30642251.8167804591
  6712      30647720.9611276463
  6713      30653189.0812715739
  6714      30658656.1766727269
  6715      30664122.2467915975
  6716      30669587.2910887673
  6717      30675051.3090250380
  6718      30680514.3000611775
  6719      30685976.2636581957
  6720      30691437.1992770247
  6721      30696897.1063788794
  6722      30702355.9844249897
  6723      30707813.8328766488
  6724      30713270.6511953436
  6725      30718726.4388425611
  6726      30724181.1952800155
  6727      30729634.9199694358
  6728      30735087.6123725809
  6729      30740539.2719514929
  6730      30745989.8981682174
  6731      30751439.4904848635
  6732      30756888.0483636893
  6733      30762335.5712671056
  6734      30767782.0586574934
  6735      30773227.5099974982
  6736      30778671.9247497208
  6737      30784115.3023769483
  6738      30789557.6423420236
  6739      30794998.9441079423
  6740      30800439.2071377933
  6741      30805878.4308947250
  6742      30811316.6148419902
  6743      30816753.7584430352
  6744      30822189.8611612879
  6745      30827624.9224603437
  6746      30833058.9418039173
  6747      30838491.9186557606
  6748      30843923.8524797931
  6749      30849354.7427400276
  6750      30854784.5889005400
  6751      30860213.3904255219
  6752      30865641.1467792913
  6753      30871067.8574263006
  6754      30876493.5218309462
  6755      30881918.1394579858
  6756      30887341.7097720355
  6757      30892764.2322379537
  6758      30898185.7063206919
  6759      30903606.1314852200
  6760      30909025.5071967170
  6761      30914443.8329204060
  6762      30919861.1081215926
  6763      30925277.3322658129
  6764      30930692.5048185177
  6765      30936106.6252453998
  6766      30941519.6930122226
  6767      30946931.7075847983
  6768      30952342.6684291512
  6769      30957752.5750112869
  6770      30963161.4267974235
  6771      30968569.2232538089
  6772      30973975.9638468437
  6773      30979381.6480429918
  6774      30984786.2753088474
  6775      30990189.8451110944
  6776      30995592.3569165356
  6777      31000993.8101920746
  6778      31006394.2044047154
  6779      31011793.5390215628
  6780      31017191.8135098368
  6781      31022589.0273368247
  6782      31027985.1799699925
  6783      31033380.2708768472
  6784      31038774.2995250225
  6785      31044167.2653822564
  6786      31049559.1679163799
  6787      31054950.0065953769
  6788      31060339.7808872610
  6789      31065728.4902602099
  6790      31071116.1341824606
  6791      31076502.7121224180
  6792      31081888.2235485017
  6793      31087272.6679293141
  6794      31092656.0447336026
  6795      31098038.3534300737
  6796      31103419.5934876278
  6797      31108799.7643753178
  6798      31114178.8655621596
  6799      31119556.8965174630
  6800      31124933.8567104675
  6801      31130309.7456106469
  6802      31135684.5626874790
  6803      31141058.3074106574
  6804      31146430.9792498387
  6805      31151802.5776749328
  6806      31157173.1021559089
  6807      31162542.5521627776
  6808      31167910.9271656796
  6809      31173278.2266349457
  6810      31178644.4500408620
  6811      31184009.5968540534
  6812      31189373.6665449664
  6813      31194736.6585843414
  6814      31200098.5724430121
  6815      31205459.4075918533
  6816      31210819.1635018811
  6817      31216177.8396442048
  6818      31221535.4354900792
  6819      31226891.9505108036
  6820      31232247.3841778412
  6821      31237601.7359627001
  6822      31242955.0053371191
  6823      31248307.1917727552
  6824      31253658.2947415076
  6825      31259008.3137153871
  6826      31264357.2481664680
  6827      31269705.0975668579
  6828      31275051.8613889217
  6829      31280397.5391050689
  6830      31285742.1301877834
  6831      31291085.6341096833
  6832      31296428.0503434911
  6833      31301769.3783620372
  6834      31307109.6176382490
  6835      31312448.7676451653
  6836      31317786.8278559968
  6837      31323123.7977439500
  6838      31328459.6767823882
  6839      31333794.4644447975
  6840      31339128.1602047943
  6841      31344460.7635359988
  6842      31349792.2739122845
  6843      31355122.6908075139
  6844      31360452.0136957094
  6845      31365780.2420510054
  6846      31371107.3753476031
  6847      31376433.4130598754
  6848      31381758.3546622433
  6849      31387082.1996292695
  6850      31392404.9474356100
  6851      31397726.5975560546
  6852      31403047.1494654790
  6853      31408366.6026388593
  6854      31413684.9565512799
  6855      31419002.2106779404
  6856      31424318.3644942306
  6857      31429633.4174754769
  6858      31434947.3690972589
  6859      31440260.2188351825
  6860      31445571.9661650695
  6861      31450882.6105626822
  6862      31456192.1515040472
  6863      31461500.5884651802
  6864      31466807.9209223576
  6865      31472114.1483517811
  6866      31477419.2702298835
  6867      31482723.2860332057
  6868      31488026.1952383332
  6869      31493327.9973219782
  6870      31498628.6917610392
  6871      31503928.2780323885
  6872      31509226.7556131333
  6873      31514524.1239804216
  6874      31519820.3826115392
  6875      31525115.5309838802
  6876      31530409.5685749091
  6877      31535702.4948622473
  6878      31540994.3093235977
  6879      31546285.0114367865
  6880      31551574.6006797664
  6881      31556863.0765305683
  6882      31562150.4384673275
  6883      31567436.6859683171
  6884      31572721.8185119405
  6885      31578005.8355766274
  6886      31583288.7366410010
  6887      31588570.5211837701
  6888      31593851.1886837259
  6889      31599130.7386198007
  6890      31604409.1704710498
  6891      31609686.4837165810
  6892      31614962.6778356731
  6893      31620237.7523076870
  6894      31625511.7066120617
  6895      31630784.5402284600
  6896      31636056.2526364997
  6897      31641326.8433160372
  6898      31646596.3117469586
  6899      31651864.6574093439
  6900      31657131.8797832429
  6901      31662397.9783489965
  6902      31667662.9525869302
  6903      31672926.8019774780
  6904      31678189.5260012746
  6905      31683451.1241390146
  6906      31688711.5958714746
  6907      31693970.9406795539
  6908      31699229.1580443308
  6909      31704486.2474469468
  6910      31709742.2083685733
  6911      31714997.0402906761
  6912      31720250.7426946126
  6913      31725503.3150620796
  6914      31730754.7568746954
  6915      31736005.0676143169
  6916      31741254.2467628308
  6917      31746502.2938022763
  6918      31751749.2082147896
  6919      31756994.9894826300
  6920      31762239.6370881684
  6921      31767483.1505138949
  6922      31772725.5292423479
  6923      31777966.7727563046
  6924      31783206.8805384673
  6925      31788445.8520719260
  6926      31793683.6868395545
  6927      31798920.3843245804
  6928      31804155.9440102801
  6929      31809390.3653799929
  6930      31814623.6479172222
  6931      31819855.7911055423
  6932      31825086.7944286987
  6933      31830316.6573705040
  6934      31835545.3794148713
  6935      31840772.9600458965
  6936      31845999.3987477235
  6937      31851224.6950045563
  6938      31856448.8483008966
  6939      31861671.8581211865
  6940      31866893.7239500433
  6941      31872114.4452721737
  6942      31877334.0215724483
  6943      31882552.4523357973
  6944      31887769.7370472774
  6945      31892985.8751921318
  6946      31898200.8662555665
  6947      31903414.7097230330
  6948      31908627.4050800130
  6949      31913838.9518121779
  6950      31919049.3494052626
  6951      31924258.5973450914
  6952      31929466.6951176748
  6953      31934673.6422090866
  6954      31939879.4381055012
  6955      31945084.0822932683
  6956      31950287.5742587671
  6957      31955489.9134885818
  6958      31960691.0994693190
  6959      31965891.1316877976
  6960      31971090.0096308403
  6961      31976287.7327855118
  6962      31981484.3006388322
  6963      31986679.7126781046
  6964      31991873.9683906324
  6965      31997067.0672638416
  6966      32002259.0087853260
  6967      32007449.7924427539
  6968      32012639.4177239053
  6969      32017827.8841167279
  6970      32023015.1911092289
  6971      32028201.3381894976
  6972      32033386.3248458430
  6973      32038570.1505665928
  6974      32043752.8148402385
  6975      32048934.3171553798
  6976      32054114.6570007354
  6977      32059293.8338650912
  6978      32064471.8472374193
  6979      32069648.6966067664
  6980      32074824.3814622723
  6981      32079998.9012932256
  6982      32085172.2555890791
  6983      32090344.4438392781
  6984      32095515.4655335024
  6985      32100685.3201614544
  6986      32105854.0072130002
  6987      32111021.5261781551
  6988      32116187.8765469380
  6989      32121353.0578096174
  6990      32126517.0694564320
  6991      32131679.9109779075
  6992      32136841.5818645209
  6993      32142002.0816070102
  6994      32147161.4096960761
  6995      32152319.5656226724
  6996      32157476.5488778092
  6997      32162632.3589525633
  6998      32167786.9953382351
  6999      32172940.4575261436
  7000      32178092.7450078167
  7001      32183243.8572747707
  7002      32188393.7938187793
  7003      32193542.5541316420
  7004      32198690.1377052926
  7005      32203836.5440318063
  7006      32208981.7726032846
  7007      32214125.8229121380
  7008      32219268.6944506727
  7009      32224410.3867114261
  7010      32229550.8991870470
  7011      32234690.2313703224
  7012      32239828.3827540688
  7013      32244965.3528312817
  7014      32250101.1410950683
  7015      32255235.7470386922
  7016      32260369.1701554470
  7017      32265501.4099387527
  7018      32270632.4658822380
  7019      32275762.3374796025
  7020      32280891.0242245384
  7021      32286018.5256111212
  7022      32291144.8411332592
  7023      32296269.9702851623
  7024      32301393.9125611149
  7025      32306516.6674554646
  7026      32311638.2344627455
  7027      32316758.6130775623
  7028      32321877.8027946949
  7029      32326995.8031089567
  7030      32332112.6135153286
  7031      32337228.2335088961
  7032      32342342.6625849009
  7033      32347455.9002386592
  7034      32352567.9459656142
  7035      32357678.7992613055
  7036      32362788.4596214294
  7037      32367896.9265417829
  7038      32373004.1995183341
  7039      32378110.2780470029
  7040      32383215.1616240218
  7041      32388318.8497456275
  7042      32393421.3419082090
  7043      32398522.6376083530
  7044      32403622.7363425456
  7045      32408721.6376076043
  7046      32413819.3409004025
  7047      32418915.8457178921
  7048      32424011.1515571252
  7049      32429105.2579154074
  7050      32434198.1642900035
  7051      32439289.8701783791
  7052      32444380.3750781342
  7053      32449469.6784868985
  7054      32454557.7799025252
  7055      32459644.6788229421
  7056      32464730.3747461587
  7057      32469814.8671703525
  7058      32474898.1555938199
  7059      32479980.2395149395
  7060      32485061.1184322312
  7061      32490140.7918443531
  7062      32495219.2592500597
  7063      32500296.5201481842
  7064      32505372.5740377642
  7065      32510447.4204178937
  7066      32515521.0587878488
  7067      32520593.4886469021
  7068      32525664.7094945982
  7069      32530734.7208304890
  7070      32535803.5221542902
  7071      32540871.1129658297
  7072      32545937.4927650802
  7073      32551002.6610520706
  7074      32556066.6173270233
  7075      32561129.3610902354
  7076      32566190.8918421417
  7077      32571251.2090832628
  7078      32576310.3123142608
  7079      32581368.2010359541
  7080      32586424.8747492656
  7081      32591480.3329551443
  7082      32596534.5751548298
  7083      32601587.6008495279
  7084      32606639.4095406123
  7085      32611690.0007296614
  7086      32616739.3739182316
  7087      32621787.5286080986
  7088      32626834.4643011391
  7089      32631880.1804992892
  7090      32636924.6767047234
  7091      32641967.9524196461
  7092      32647010.0071463659
  7093      32652050.8403873891
  7094      32657090.4516453408
  7095      32662128.8404228687
  7096      32667166.0062228255
  7097      32672201.9485481568
  7098      32677236.6669019386
  7099      32682270.1607873328
  7100      32687302.4297077358
  7101      32692333.4731665030
  7102      32697363.2906672359
  7103      32702391.8817135654
  7104      32707419.2458093390
  7105      32712445.3824584223
  7106      32717470.2911649123
  7107      32722493.9714328945
  7108      32727516.4227667600
  7109      32732537.6446707845
  7110      32737557.6366496161
  7111      32742576.3982077874
  7112      32747593.9288501367
  7113      32752610.2280815542
  7114      32757625.2954070158
  7115      32762639.1303316541
  7116      32767651.7323607504
  7117      32772663.1009996906
  7118      32777673.2357539348
  7119      32782682.1361290477
  7120      32787689.8016309179
  7121      32792696.2317652777
  7122      32797701.4260381944
  7123      32802705.3839556798
  7124      32807708.1050240807
  7125      32812709.5887496285
  7126      32817709.8346389048
  7127      32822708.8421984240
  7128      32827706.6109349243
  7129      32832703.1403552480
  7130      32837698.4299663790
  7131      32842692.4792753719
  7132      32847685.2877894267
  7133      32852676.8550159000
  7134      32857667.1804622188
  7135      32862656.2636359632
  7136      32867644.1040448397
  7137      32872630.7011966296
  7138      32877616.0545993187
  7139      32882600.1637609787
  7140      32887583.0281897336
  7141      32892564.6473939717
  7142      32897545.0208820254
  7143      32902524.1481625549
  7144      32907502.0287441425
  7145      32912478.6621356905
  7146      32917454.0478460528
  7147      32922428.1853842698
  7148      32927401.0742595829
  7149      32932372.7139811851
  7150      32937343.1040585712
  7151      32942312.2440012805
  7152      32947280.1333189346
  7153      32952246.7715213224
  7154      32957212.1581184044
  7155      32962176.2926201671
  7156      32967139.1745367944
  7157      32972100.8033785298
  7158      32977061.1786558330
  7159      32982020.2998791859
  7160      32986978.1665592641
  7161      32991934.7782068513
  7162      32996890.1343328021
  7163      33001844.2344482020
  7164      33006797.0780641772
  7165      33011748.6646919437
  7166      33016698.9938429855
  7167      33021648.0650287792
  7168      33026595.8777609505
  7169      33031542.4315513261
  7170      33036487.7259117030
  7171      33041431.7603542097
  7172      33046374.5343909003
  7173      33051316.0475340970
  7174      33056256.2992961593
  7175      33061195.2891896069
  7176      33066133.0167270713
  7177      33071069.4814213216
  7178      33076004.6827852316
  7179      33080938.6203318760
  7180      33085871.2935742959
  7181      33090802.7020258345
  7182      33095732.8451998346
  7183      33100661.7226098403
  7184      33105589.3337694407
  7185      33110515.6781924330
  7186      33115440.7553927191
  7187      33120364.5648842528
  7188      33125287.1061812453
  7189      33130208.3787978888
  7190      33135128.3822486028
  7191      33140047.1160479076
  7192      33144964.5797104239
  7193      33149880.7727509215
  7194      33154795.6946842633
  7195      33159709.3450255059
  7196      33164621.7232897840
  7197      33169532.8289923444
  7198      33174442.6616485491
  7199      33179351.2207740024
  7200      33184258.5058842264
  7201      33189164.5164950937
  7202      33194069.2521224394
  7203      33198972.7122823074
  7204      33203874.8964908011
  7205      33208775.8042642809
  7206      33213675.4351190217
  7207      33218573.7885716483
  7208      33223470.8641387746
  7209      33228366.6613371633
  7210      33233261.1796837039
  7211      33238154.4186954536
  7212      33243046.3778895549
  7213      33247937.0567832775
  7214      33252826.4548940547
  7215      33257714.5717394128
  7216      33262601.4068369567
  7217      33267486.9597045332
  7218      33272371.2298600413
  7219      33277254.2168214954
  7220      33282135.9201071113
  7221      33287016.3392351009
  7222      33291895.4737239629
  7223      33296773.3230921999
  7224      33301649.8868584596
  7225      33306525.1645416133
  7226      33311399.1556605101
  7227      33316271.8597342782
  7228      33321143.2762820385
  7229      33326013.4048231021
  7230      33330882.2448769212
  7231      33335749.7959630601
  7232      33340616.0576011986
  7233      33345481.0293111540
  7234      33350344.7106128521
  7235      33355207.1010264121
  7236      33360068.2000719607
  7237      33364928.0072698593
  7238      33369786.5221405663
  7239      33374643.7442046665
  7240      33379499.6729828492
  7241      33384354.3079959527
  7242      33389207.6487649381
  7243      33394059.6948109120
  7244      33398910.4456550777
  7245      33403759.9008187763
  7246      33408608.0598234944
  7247      33413454.9221908189
  7248      33418300.4874424934
  7249      33423144.7551003620
  7250      33427987.7246864401
  7251      33432829.3957228065
  7252      33437669.7677316926
  7253      33442508.8402355388
  7254      33447346.6127567776
  7255      33452183.0848180465
  7256      33457018.2559420876
  7257      33461852.1256518289
  7258      33466684.6934702545
  7259      33471515.9589205123
  7260      33476345.9215258956
  7261      33481174.5808097348
  7262      33486001.9362955764
  7263      33490827.9875071384
  7264      33495652.7339681201
  7265      33500476.1752025038
  7266      33505298.3107342571
  7267      33510119.1400876120
  7268      33514938.6627868339
  7269      33519756.8783563599
  7270      33524573.7863207683
  7271      33529389.3862047009
  7272      33534203.6775329895
  7273      33539016.6598305777
  7274      33543828.3326225728
  7275      33548638.6954341270
  7276      33553447.7477905862
  7277      33558255.4892174080
  7278      33563061.9192401692
  7279      33567867.0373846740
  7280      33572670.8431766555
  7281      33577473.3361421973
  7282      33582274.5158073008
  7283      33587074.3816982880
  7284      33591872.9333414733
  7285      33596670.1702633500
  7286      33601466.0919905975
  7287      33606260.6980499625
  7288      33611053.9879682362
  7289      33615845.9612725675
  7290      33620636.6174900308
  7291      33625425.9561479017
  7292      33630213.9767736495
  7293      33635000.6788946763
  7294      33639786.0620388389
  7295      33644570.1257337481
  7296      33649352.8695074171
  7297      33654134.2928878888
  7298      33658914.3954033405
  7299      33663693.1765821800
  7300      33668470.6359526962
  7301      33673246.7730435804
  7302      33678021.5873834938
  7303      33682795.0785013363
  7304      33687567.2459259629
  7305      33692338.0891865715
  7306      33697107.6078123972
  7307      33701875.8013326898
  7308      33706642.6692771018
  7309      33711408.2111751512
  7310      33716172.4265565947
  7311      33720935.3149513379
  7312      33725696.8758894205
  7313      33730457.1089009717
  7314      33735216.0135162398
  7315      33739973.5892656222
  7316      33744729.8356797397
  7317      33749484.7522891983
  7318      33754238.3386247903
  7319      33758990.5942175761
  7320      33763741.5185984746
  7321      33768491.1112986580
  7322      33773239.3718496189
  7323      33777986.2997826785
  7324      33782731.8946294785
  7325      33787476.1559217423
  7326      33792219.0831912979
  7327      33796960.6759702042
  7328      33801700.9337904677
  7329      33806439.8561844379
  7330      33811177.4426844269
  7331      33815913.6928229779
  7332      33820648.6061326861
  7333      33825382.1821464375
  7334      33830114.4203970432
  7335      33834845.3204175830
  7336      33839574.8817411661
  7337      33844303.1039012074
  7338      33849029.9864310771
  7339      33853755.5288643166
  7340      33858479.7307347432
  7341      33863202.5915760249
  7342      33867924.1109222546
  7343      33872644.2883074507
  7344      33877363.1232659295
  7345      33882080.6153319925
  7346      33886796.7640401497
  7347      33891511.5689249709
  7348      33896225.0295213684
  7349      33900937.1453640833
  7350      33905647.9159882069
  7351      33910357.3409288377
  7352      33915065.4197214022
  7353      33919772.1519011781
  7354      33924477.5370038301
  7355      33929181.5745649710
  7356      33933884.2641204894
  7357      33938585.6052062586
  7358      33943285.5973584354
  7359      33947984.2401132509
  7360      33952681.5330069736
  7361      33957377.4755762219
  7362      33962072.0673574954
  7363      33966765.3078876361
  7364      33971457.1967034414
  7365      33976147.7333420366
  7366      33980836.9173405319
  7367      33985524.7482361794
  7368      33990211.2255664244
  7369      33994896.3488688841
  7370      33999580.1176811457
  7371      34004262.5315411165
  7372      34008943.5899867117
  7373      34013623.2925560027
  7374      34018301.6387872696
  7375      34022978.6282188594
  7376      34027654.2603891790
  7377      34032328.5348370001
  7378      34037001.4511009529
  7379      34041673.0087199509
  7380      34046343.2072331458
  7381      34051012.0461795479
  7382      34055679.5250985101
  7383      34060345.6435294673
  7384      34065010.4010120258
  7385      34069673.7970857546
  7386      34074335.8312906846
  7387      34078996.5031665787
  7388      34083655.8122536540
  7389      34088313.7580921650
  7390      34092970.3402223587
  7391      34097625.5581849366
  7392      34102279.4115203470
  7393      34106931.8997694701
  7394      34111583.0224732161
  7395      34116232.7791725546
  7396      34120881.1694087237
  7397      34125528.1927230656
  7398      34130173.8486570045
  7399      34134818.1367520094
  7400      34139461.0565499663
  7401      34144102.6075926870
  7402      34148742.7894221321
  7403      34153381.6015803888
  7404      34158019.0436097980
  7405      34162655.1150527000
  7406      34167289.8154516146
  7407      34171923.1443492845
  7408      34176555.1012884229
  7409      34181185.6858119890
  7410      34185814.8974631056
  7411      34190442.7357848436
  7412      34195069.2003207505
  7413      34199694.2906141281
  7414      34204318.0062086880
  7415      34208940.3466480896
  7416      34213561.3114763200
  7417      34218180.9002373517
  7418      34222799.1124753356
  7419      34227415.9477345198
  7420      34232031.4055594355
  7421      34236645.4854945615
  7422      34241258.1870846823
  7423      34245869.5098744929
  7424      34250479.4534091279
  7425      34255088.0172336027
  7426      34259695.2008931190
  7427      34264301.0039332062
  7428      34268905.4258991629
  7429      34273508.4663368985
  7430      34278110.1247920170
  7431      34282710.4008104801
  7432      34287309.2939383984
  7433      34291906.8037219495
  7434      34296502.9297074229
  7435      34301097.6714413315
  7436      34305691.0284703076
  7437      34310283.0003410056
  7438      34314873.5866004005
  7439      34319462.7867955118
  7440      34324050.6004733890
  7441      34328637.0271814540
  7442      34333222.0664670318
  7443      34337805.7178777456
  7444      34342387.9809612632
  7445      34346968.8552654609
  7446      34351548.3403382972
  7447      34356126.4357278496
  7448      34360703.1409824789
  7449      34365278.4556504115
  7450      34369852.3792802989
  7451      34374424.9114207625
  7452      34378996.0516206250
  7453      34383565.7994287536
  7454      34388134.1543943211
  7455      34392701.1160664037
  7456      34397266.6839945167
  7457      34401830.8577279747
  7458      34406393.6368165985
  7459      34410955.0208099559
  7460      34415515.0092580691
  7461      34420073.6017109379
  7462      34424630.7977187112
  7463      34429186.5968317613
  7464      34433740.9986005351
  7465      34438294.0025754943
  7466      34442845.6083075479
  7467      34447395.8153474331
  7468      34451944.6232462078
  7469      34456492.0315549821
  7470      34461038.0398250893
  7471      34465582.6476078629
  7472      34470125.8544549420
  7473      34474667.6599179804
  7474      34479208.0635487661
  7475      34483747.0648993626
  7476      34488284.6635217965
  7477      34492820.8589683250
  7478      34497355.6507913917
  7479      34501889.0385434553
  7480      34506421.0217772871
  7481      34510951.6000454947
  7482      34515480.7729012147
  7483      34520008.5398973525
  7484      34524534.9005872905
  7485      34529059.8545242697
  7486      34533583.4012618065
  7487      34538105.5403535441
  7488      34542626.2713532820
  7489      34547145.5938149020
  7490      34551663.5072924122
  7491      34556180.0113401115
  7492      34560695.1055122390
  7493      34565208.7893632874
  7494      34569721.0624478832
  7495      34574231.9243207499
  7496      34578741.3745367154
  7497      34583249.4126509055
  7498      34587756.0382184088
  7499      34592261.2507946119
  7500      34596765.0499348789
  7501      34601267.4351947829
  7502      34605768.4061301723
  7503      34610267.9622966945
  7504      34614766.1032505706
  7505      34619262.8285477906
  7506      34623758.1377446502
  7507      34628252.0303977281
  7508      34632744.5060633272
  7509      34637235.5642983839
  7510      34641725.2046595365
  7511      34646213.4267039075
  7512      34650700.2299885973
  7513      34655185.6140707508
  7514      34659669.5785079077
  7515      34664152.1228575185
  7516      34668633.2466773391
  7517      34673112.9495251030
  7518      34677591.2309588045
  7519      34682068.0905365869
  7520      34686543.5278166234
  7521      34691017.5423573405
  7522      34695490.1337172687
  7523      34699961.3014549688
  7524      34704431.0451293215
  7525      34708899.3642993048
  7526      34713366.2585239932
  7527      34717831.7273624614
  7528      34722295.7703742534
  7529      34726758.3871188685
  7530      34731219.5771557987
  7531      34735679.3400449753
  7532      34740137.6753462479
  7533      34744594.5826197267
  7534      34749050.0614255816
  7535      34753504.1113242209
  7536      34757956.7318761051
  7537      34762407.9226418212
  7538      34766857.6831821874
  7539      34771306.0130581483
  7540      34775752.9118307009
  7541      34780198.3790610209
  7542      34784642.4143105298
  7543      34789085.0171406418
  7544      34793526.1871131063
  7545      34797965.9237894043
  7546      34802404.2267317921
  7547      34806841.0955020264
  7548      34811276.5296624377
  7549      34815710.5287753120
  7550      34820143.0924031362
  7551      34824574.2201084495
  7552      34829003.9114541709
  7553      34833432.1660030261
  7554      34837858.9833181426
  7555      34842284.3629626185
  7556      34846708.3044998646
  7557      34851130.8074933439
  7558      34855551.8715065494
  7559      34859971.4961033016
  7560      34864389.6808475628
  7561      34868806.4253032207
  7562      34873221.7290345058
  7563      34877635.5916057825
  7564      34882048.0125814527
  7565      34886458.9915260822
  7566      34890868.5280045271
  7567      34895276.6215815321
  7568      34899683.2718222365
  7569      34904088.4782917425
  7570      34908492.2405553907
  7571      34912894.5581785664
  7572      34917295.4307269752
  7573      34921694.8577662855
  7574      34926092.8388623744
  7575      34930489.3735813573
  7576      34934884.4614892006
  7577      34939278.1021524891
  7578      34943670.2951374426
  7579      34948061.0400107279
  7580      34952450.3363391161
  7581      34956838.1836894602
  7582      34961224.5816287994
  7583      34965609.5297243074
  7584      34969993.0275432393
  7585      34974375.0746530518
  7586      34978755.6706214696
  7587      34983134.8150160536
  7588      34987512.5074048117
  7589      34991888.7473556995
  7590      34996263.5344369113
  7591      35000636.8682167903
  7592      35005008.7482637540
  7593      35009379.1741463766
  7594      35013748.1454334706
  7595      35018115.6616938710
  7596      35022481.7224965915
  7597      35026846.3274108320
  7598      35031209.4760059714
  7599      35035571.1678513661
  7600      35039931.4025167078
  7601      35044290.1795716509
  7602      35048647.4985861480
  7603      35053003.3591302559
  7604      35057357.7607740611
  7605      35061710.7030879855
  7606      35066062.1856425181
  7607      35070412.2080081105
  7608      35074760.7697556987
  7609      35079107.8704560846
  7610      35083453.5096803308
  7611      35087797.6869996414
  7612      35092140.4019852728
  7613      35096481.6542088464
  7614      35100821.4432418570
  7615      35105159.7686561495
  7616      35109496.6300235391
  7617      35113832.0269162580
  7618      35118165.9589062259
  7619      35122498.4255661219
  7620      35126829.4264681041
  7621      35131158.9611850828
  7622      35135487.0292896554
  7623      35139813.6303548068
  7624      35144138.7639536262
  7625      35148462.4296592399
  7626      35152784.6270451248
  7627      35157105.3556847274
  7628      35161424.6151516736
  7629      35165742.4050197601
  7630      35170058.7248629257
  7631      35174373.5742552876
  7632      35178686.9527710080
  7633      35182998.8599845469
  7634      35187309.2954703346
  7635      35191618.2588030696
  7636      35195925.7495575696
  7637      35200231.7673087567
  7638      35204536.3116317838
  7639      35208839.3821018264
  7640      35213140.9782943279
  7641      35217441.0997847915
  7642      35221739.7461488545
  7643      35226036.9169624820
  7644      35230332.6118015647
  7645      35234626.8302420899
  7646      35238919.5718605444
  7647      35243210.8362332061
  7648      35247500.6229366288
  7649      35251788.9315476045
  7650      35256075.7616428658
  7651      35260361.1127994657
  7652      35264644.9845945016
  7653      35268927.3766053319
  7654      35273208.2884093076
  7655      35277487.7195840105
  7656      35281765.6697072461
  7657      35286042.1383567825
  7658      35290317.1251106784
  7659      35294590.6295471191
  7660      35298862.6512443051
  7661      35303133.1897808313
  7662      35307402.2447351888
  7663      35311669.8156862110
  7664      35315935.9022126943
  7665      35320200.5038937703
  7666      35324463.6203085482
  7667      35328725.2510363832
  7668      35332985.3956567720
  7669      35337244.0537493303
  7670      35341501.2248938233
  7671      35345756.9086701795
  7672      35350011.1046584472
  7673      35354263.8124388680
  7674      35358515.0315917805
  7675      35362764.7616976202
  7676      35367013.0023371801
  7677      35371259.7530911565
  7678      35375505.0135405287
  7679      35379748.7832664475
  7680      35383991.0618500188
  7681      35388231.8488726988
  7682      35392471.1439160779
  7683      35396708.9465618059
  7684      35400945.2563916743
  7685      35405180.0729876384
  7686      35409413.3959319070
  7687      35413645.2248066962
  7688      35417875.5591944605
  7689      35422104.3986776844
  7690      35426331.7428391799
  7691      35430557.5912618190
  7692      35434781.9435284808
  7693      35439004.7992224246
  7694      35443226.1579269469
  7695      35447446.0192254931
  7696      35451664.3827016130
  7697      35455881.2479391694
  7698      35460096.6145219132
  7699      35464310.4820339754
  7700      35468522.8500595465
  7701      35472733.7181829140
  7702      35476943.0859886482
  7703      35481150.9530612975
  7704      35485357.3189857081
  7705      35489562.1833467409
  7706      35493765.5457295626
  7707      35497967.4057193920
  7708      35502167.7629015222
  7709      35506366.6168614849
  7710      35510563.9671850801
  7711      35514759.8134580255
  7712      35518954.1552662849
  7713      35523146.9921960011
  7714      35527338.3238334656
  7715      35531528.1497650370
  7716      35535716.4695773348
  7717      35539903.2828570232
  7718      35544088.5891910121
  7719      35548272.3881662935
  7720      35552454.6793699786
  7721      35556635.4623893872
  7722      35560814.7368120998
  7723      35564992.5022254884
  7724      35569168.7582175508
  7725      35573343.5043760464
  7726      35577516.7402890399
  7727      35581688.4655447751
  7728      35585858.6797315776
  7729      35590027.3824378550
  7730      35594194.5732524768
  7731      35598360.2517640293
  7732      35602524.4175615460
  7733      35606687.0702341199
  7734      35610848.2093710005
  7735      35615007.8345615864
  7736      35619165.9453953803
  7737      35623322.5414621085
  7738      35627477.6223515868
  7739      35631631.1876538694
  7740      35635783.2369590029
  7741      35639933.7698573694
  7742      35644082.7859393582
  7743      35648230.2847955227
  7744      35652376.2660167590
  7745      35656520.7291937619
  7746      35660663.6739177033
  7747      35664805.0997797176
  7748      35668945.0063711181
  7749      35673083.3932835236
  7750      35677220.2601083741
  7751      35681355.6064376533
  7752      35685489.4318631813
  7753      35689621.7359770462
  7754      35693752.5183715373
  7755      35697881.7786390632
  7756      35702009.5163720921
  7757      35706135.7311633602
  7758      35710260.4226057231
  7759      35714383.5902921036
  7760      35718505.2338157073
  7761      35722625.3527697846
  7762      35726743.9467478320
  7763      35730861.0153433979
  7764      35734976.5581502169
  7765      35739090.5747622252
  7766      35743203.0647733659
  7767      35747314.0277779922
  7768      35751423.4633703381
  7769      35755531.3711448982
  7770      35759637.7506963909
  7771      35763742.6016195416
  7772      35767845.9235093966
  7773      35771947.7159609124
  7774      35776047.9785694405
  7775      35780146.7109303474
  7776      35784243.9126392156
  7777      35788339.5832917020
  7778      35792433.7224836797
  7779      35796526.3298111409
  7780      35800617.4048703387
  7781      35804706.9472574145
  7782      35808794.9565690085
  7783      35812881.4324015751
  7784      35816966.3743519560
  7785      35821049.7820169926
  7786      35825131.6549938843
  7787      35829211.9928797707
  7788      35833290.7952719405
  7789      35837368.0617680997
  7790      35841443.7919656709
  7791      35845517.9854627252
  7792      35849590.6418570578
  7793      35853661.7607468665
  7794      35857731.3417304605
  7795      35861799.3844062313
  7796      35865865.8883726820
  7797      35869930.8532287031
  7798      35873994.2785730362
  7799      35878056.1640047729
  7800      35882116.5091231838
  7801      35886175.3135274574
  7802      35890232.5768171772
  7803      35894288.2985919788
  7804      35898342.4784516767
  7805      35902395.1159961224
  7806      35906446.2108255103
  7807      35910495.7625401095
  7808      35914543.7707402781
  7809      35918590.2350265309
  7810      35922635.1549996957
  7811      35926678.5302605182
  7812      35930720.3604100719
  7813      35934760.6450494826
  7814      35938799.3837801591
  7815      35942836.5762034804
  7816      35946872.2219211161
  7817      35950906.3205348477
  7818      35954938.8716465607
  7819      35958969.8748583719
  7820      35962999.3297725692
  7821      35967027.2359913439
  7822      35971053.5931175649
  7823      35975078.4007536173
  7824      35979101.6585024968
  7825      35983123.3659671620
  7826      35987143.5227508098
  7827      35991162.1284566969
  7828      35995179.1826882958
  7829      35999194.6850492656
  7830      36003208.6351432726
  7831      36007221.0325743556
  7832      36011231.8769464791
  7833      36015241.1678638756
  7834      36019248.9049310535
  7835      36023255.0877523571
  7836      36027259.7159326226
  7837      36031262.7890766189
  7838      36035264.3067893237
  7839      36039264.2686758935
  7840      36043262.6743417010
  7841      36047259.5233920887
  7842      36051254.8154327199
  7843      36055248.5500693545
  7844      36059240.7269078568
  7845      36063231.3455544189
  7846      36067220.4056150690
  7847      36071207.9066963419
  7848      36075193.8484047204
  7849      36079178.2303468212
  7850      36083161.0521296188
  7851      36087142.3133599535
  7852      36091122.0136450529
  7853      36095100.1525921896
  7854      36099076.7298088670
  7855      36103051.7449025810
  7856      36107025.1974812001
  7857      36110997.0871525705
  7858      36114967.4135248214
  7859      36118936.1762061119
  7860      36122903.3748048469
  7861      36126869.0089296177
  7862      36130833.0781889781
  7863      36134795.5821918771
  7864      36138756.5205472708
  7865      36142715.8928643093
  7866      36146673.6987522542
  7867      36150629.9378207326
  7868      36154584.6096791178
  7869      36158537.7139373496
  7870      36162489.2502052188
  7871      36166439.2180929929
  7872      36170387.6172107160
  7873      36174334.4471688420
  7874      36178279.7075779587
  7875      36182223.3980486840
  7876      36186165.5181919262
  7877      36190106.0676186532
  7878      36194045.0459400788
  7879      36197982.4527674690
  7880      36201918.2877122834
  7881      36205852.5503862202
  7882      36209785.2404009476
  7883      36213716.3573685288
  7884      36217645.9009009898
  7885      36221573.8706105947
  7886      36225500.2661097050
  7887      36229425.0870109275
  7888      36233348.3329269812
  7889      36237270.0034706742
  7890      36241190.0982551128
  7891      36245108.6168934107
  7892      36249025.5589988604
  7893      36252940.9241851047
  7894      36256854.7120656744
  7895      36260766.9222543761
  7896      36264677.5543652549
  7897      36268586.6080122665
  7898      36272494.0828098133
  7899      36276399.9783723056
  7900      36280304.2943143249
  7901      36284207.0302504823
  7902      36288108.1857957989
  7903      36292007.7605653405
  7904      36295905.7541742176
  7905      36299802.1662378460
  7906      36303696.9963717610
  7907      36307590.2441915646
  7908      36311481.9093131721
  7909      36315371.9913524836
  7910      36319260.4899256602
  7911      36323147.4046490714
  7912      36327032.7351391017
  7913      36330916.4810124263
  7914      36334798.6418856829
  7915      36338679.2173758969
  7916      36342558.2071001381
  7917      36346435.6106756181
  7918      36350311.4277197644
  7919      36354185.6578500867
  7920      36358058.3006842732
  7921      36361929.3558402658
  7922      36365798.8229360059
  7923      36369666.7015897185
  7924      36373532.9914196953
  7925      36377397.6920444816
  7926      36381260.8030826375
  7927      36385122.3241530657
  7928      36388982.2548746243
  7929      36392840.5948664919
  7930      36396697.3437479511
  7931      36400552.5011383966
  7932      36404406.0666574314
  7933      36408258.0399247929
  7934      36412108.4205603898
  7935      36415957.2081842571
  7936      36419804.4024166837
  7937      36423650.0028779283
  7938      36427494.0091886222
  7939      36431336.4209694713
  7940      36435177.2378411442
  7941      36439016.4594248310
  7942      36442854.0853416100
  7943      36446690.1152128428
  7944      36450524.5486599207
  7945      36454357.3853045776
  7946      36458188.6247685552
  7947      36462018.2666737065
  7948      36465846.3106423616
  7949      36469672.7562965825
  7950      36473497.6032588258
  7951      36477320.8511517867
  7952      36481142.4995980486
  7953      36484962.5482205972
  7954      36488780.9966424555
  7955      36492597.8444868922
  7956      36496413.0913771391
  7957      36500226.7369368523
  7958      36504038.7807896659
  7959      36507849.2225593925
  7960      36511658.0618701056
  7961      36515465.2983458862
  7962      36519270.9316110983
  7963      36523074.9612902030
  7964      36526877.3870078325
  7965      36530678.2083887607
  7966      36534477.4250579327
  7967      36538275.0366405621
  7968      36542071.0427617505
  7969      36545865.4430470094
  7970      36549658.2371219248
  7971      36553449.4246121868
  7972      36557239.0051437989
  7973      36561026.9783426970
  7974      36564813.3438351750
  7975      36568598.1012476012
  7976      36572381.2502064630
  7977      36576162.7903385013
  7978      36579942.7212705687
  7979      36583721.0426295996
  7980      36587497.7540429235
  7981      36591272.8551376686
  7982      36595046.3455414772
  7983      36598818.2248819247
  7984      36602588.4927868322
  7985      36606357.1488841176
  7986      36610124.1928020343
  7987      36613889.6241687238
  7988      36617653.4426126778
  7989      36621415.6477625221
  7990      36625176.2392469794
  7991      36628935.2166949809
  7992      36632692.5797355920
  7993      36636448.3279980943
  7994      36640202.4611118361
  7995      36643954.9787064195
  7996      36647705.8804115206
  7997      36651455.1658570245
  7998      36655202.8346729651
  7999      36658948.8864895031
  8000      36662693.3209370524
  8001      36666436.1376461312
  8002      36670177.3362473547
  8003      36673916.9163715988
  8004      36677654.8776497990
  8005      36681391.2197132111
  8006      36685125.9421929941
  8007      36688859.0447207987
  8008      36692590.5269281045
  8009      36696320.3884468079
  8010      36700048.6289087683
  8011      36703775.2479461506
  8012      36707500.2451912984
  8013      36711223.6202764511
  8014      36714945.3728343695
  8015      36718665.5024977326
  8016      36722384.0088995546
  8017      36726100.8916726783
  8018      36729816.1504505500
  8019      36733529.7848664820
  8020      36737241.7945540249
  8021      36740952.1791469008
  8022      36744660.9382789433
  8023      36748368.0715843290
  8024      36752073.5786970332
  8025      36755777.4592516050
  8026      36759479.7128824145
  8027      36763180.3392242193
  8028      36766879.3379118592
  8029      36770576.7085802853
  8030      36774272.4508646652
  8031      36777966.5644003674
  8032      36781659.0488227978
  8033      36785349.9037676379
  8034      36789039.1288706809
  8035      36792726.7237678692
  8036      36796412.6880953610
  8037      36800097.0214893818
  8038      36803779.7235864773
  8039      36807460.7940231189
  8040      36811140.2324361801
  8041      36814818.0384625793
  8042      36818494.2117392719
  8043      36822168.7519036829
  8044      36825841.6585931703
  8045      36829512.9314452037
  8046      36833182.5700976476
  8047      36836850.5741883442
  8048      36840516.9433552846
  8049      36844181.6772367954
  8050      36847844.7754712105
  8051      36851506.2376970649
  8052      36855166.0635530353
  8053      36858824.2526780367
  8054      36862480.8047109917
  8055      36866135.7192912474
  8056      36869788.9960580096
  8057      36873440.6346508041
  8058      36877090.6347093880
  8059      36880738.9958734661
  8060      36884385.7177831978
  8061      36888030.8000785708
  8062      36891674.2423999757
  8063      36895316.0443879142
  8064      36898956.2056829855
  8065      36902594.7259260491
  8066      36906231.6047579348
  8067      36909866.8418199345
  8068      36913500.4367532730
  8069      36917132.3891993240
  8070      36920762.6987998262
  8071      36924391.3651964739
  8072      36928018.3880311996
  8073      36931643.7669461742
  8074      36935267.5015835613
  8075      36938889.5915858820
  8076      36942510.0365956277
  8077      36946128.8362556621
  8078      36949745.9902087301
  8079      36953361.4980980605
  8080      36956975.3595668674
  8081      36960587.5742583871
  8082      36964198.1418164074
  8083      36967807.0618845001
  8084      36971414.3341066316
  8085      36975019.9581267685
  8086      36978623.9335892200
  8087      36982226.2601382285
  8088      36985826.9374184608
  8089      36989425.9650745466
  8090      36993023.3427513614
  8091      36996619.0700939149
  8092      37000213.1467474177
  8093      37003805.5723572224
  8094      37007396.3465688303
  8095      37010985.4690279141
  8096      37014572.9393802807
  8097      37018158.7572719529
  8098      37021742.9223491773
  8099      37025325.4342582002
  8100      37028906.2926454917
  8101      37032485.4971577376
  8102      37036063.0474417880
  8103      37039638.9431445524
  8104      37043213.1839132681
  8105      37046785.7693951279
  8106      37050356.6992376894
  8107      37053925.9730886072
  8108      37057493.5905955136
  8109      37061059.5514065549
  8110      37064623.8551698178
  8111      37068186.5015335307
  8112      37071747.4901461750
  8113      37075306.8206563517
  8114      37078864.4927128479
  8115      37082420.5059646443
  8116      37085974.8600607589
  8117      37089527.5546505898
  8118      37093078.5893834159
  8119      37096627.9639089406
  8120      37100175.6778769270
  8121      37103721.7309372127
  8122      37107266.1227399558
  8123      37110808.8529354483
  8124      37114349.9211739898
  8125      37117889.3271062523
  8126      37121427.0703829899
  8127      37124963.1506550461
  8128      37128497.5675734654
  8129      37132030.3207896277
  8130      37135561.4099547863
  8131      37139090.8347206041
  8132      37142618.5947387740
  8133      37146144.6896611452
  8134      37149669.1191398799
  8135      37153191.8828271031
  8136      37156712.9803752452
  8137      37160232.4114368558
  8138      37163750.1756646335
  8139      37167266.2727115005
  8140      37170780.7022304386
  8141      37174293.4638746902
  8142      37177804.5572976097
  8143      37181313.9821528345
  8144      37184821.7380939052
  8145      37188327.8247748166
  8146      37191832.2418495342
  8147      37195334.9889722839
  8148      37198836.0657974407
  8149      37202335.4719794616
  8150      37205833.2071731016
  8151      37209329.2710332200
  8152      37212823.6632148400
  8153      37216316.3833730817
  8154      37219807.4311633781
  8155      37223296.8062412143
  8156      37226784.5082622468
  8157      37230270.5368823186
  8158      37233754.8917575255
  8159      37237237.5725439340
  8160      37240718.5788979679
  8161      37244197.9104761034
  8162      37247675.5669350177
  8163      37251151.5479315072
  8164      37254625.8531226292
  8165      37258098.4821655527
  8166      37261569.4347175807
  8167      37265038.7104362175
  8168      37268506.3089791611
  8169      37271972.2300041690
  8170      37275436.4731693193
  8171      37278899.0381326973
  8172      37282359.9245527461
  8173      37285819.1320878193
  8174      37289276.6603966355
  8175      37292732.5091380477
  8176      37296186.6779710129
  8177      37299639.1665547118
  8178      37303089.9745484069
  8179      37306539.1016116366
  8180      37309986.5474040657
  8181      37313432.3115854487
  8182      37316876.3938158378
  8183      37320318.7937553525
  8184      37323759.5110643134
  8185      37327198.5454031751
  8186      37330635.8964326754
  8187      37334071.5638135448
  8188      37337505.5472067371
  8189      37340937.8462735265
  8190      37344368.4606750607
  8191      37347797.3900729939
  8192      37351224.6341288686
  8193      37354650.1925044954
  8194      37358074.0648618490
  8195      37361496.2508631498
  8196      37364916.7501706332
  8197      37368335.5624468029
  8198      37371752.6873543262
  8199      37375168.1245559379
  8200      37378581.8737146854
  8201      37381993.9344936833
  8202      37385404.3065562844
  8203      37388812.9895659313
  8204      37392219.9831862748
  8205      37395625.2870810628
  8206      37399028.9009144008
  8207      37402430.8243503198
  8208      37405831.0570532084
  8209      37409229.5986874774
  8210      37412626.4489177540
  8211      37416021.6074090153
  8212      37419415.0738260671
  8213      37422806.8478341028
  8214      37426196.9290984273
  8215      37429585.3172845244
  8216      37432972.0120581537
  8217      37436357.0130849108
  8218      37439740.3200309351
  8219      37443121.9325623065
  8220      37446501.8503453881
  8221      37449880.0730466545
  8222      37453256.6003327295
  8223      37456631.4318703935
  8224      37460004.5673267320
  8225      37463376.0063688010
  8226      37466745.7486639693
  8227      37470113.7938797399
  8228      37473480.1416837052
  8229      37476844.7917437255
  8230      37480207.7437277883
  8231      37483568.9973040447
  8232      37486928.5521408245
  8233      37490286.4079066813
  8234      37493642.5642701015
  8235      37496997.0209000558
  8236      37500349.7774655074
  8237      37503700.8336356059
  8238      37507050.1890796572
  8239      37510397.8434672654
  8240      37513743.7964679748
  8241      37517088.0477516577
  8242      37520430.5969883576
  8243      37523771.4438482076
  8244      37527110.5880014971
  8245      37530448.0291188285
  8246      37533783.7668708265
  8247      37537117.8009283096
  8248      37540450.1309623495
  8249      37543780.7566440403
  8250      37547109.6776447743
  8251      37550436.8936361745
  8252      37553762.4042896703
  8253      37557086.2092773393
  8254      37560408.3082711324
  8255      37563728.7009431943
  8256      37567047.3869659156
  8257      37570364.3660117909
  8258      37573679.6377535984
  8259      37576993.2018641010
  8260      37580305.0580163375
  8261      37583615.2058836147
  8262      37586923.6451391578
  8263      37590230.3754566088
  8264      37593535.3965095952
  8265      37596838.7079719901
  8266      37600140.3095179349
  8267      37603440.2008215711
  8268      37606738.3815572262
  8269      37610034.8513995409
  8270      37613329.6100231633
  8271      37616622.6571030021
  8272      37619913.9923141301
  8273      37623203.6153318211
  8274      37626491.5258312896
  8275      37629777.7234882936
  8276      37633062.2079784200
  8277      37636344.9789776877
  8278      37639626.0361620635
  8279      37642905.3792078346
  8280      37646183.0077913925
  8281      37649458.9215893298
  8282      37652733.1202783808
  8283      37656005.6035354808
  8284      37659276.3710376546
  8285      37662545.4224622026
  8286      37665812.7574865371
  8287      37669078.3757882640
  8288      37672342.2770451009
  8289      37675604.4609350339
  8290      37678864.9271361083
  8291      37682123.6753266677
  8292      37685380.7051850632
  8293      37688636.0163899511
  8294      37691889.6086200997
  8295      37695141.4815544933
  8296      37698391.6348721609
  8297      37701640.0682524592
  8298      37704886.7813748494
  8299      37708131.7739188969
  8300      37711375.0455644876
  8301      37714616.5959915295
  8302      37717856.4248801321
  8303      37721094.5319106579
  8304      37724330.9167635813
  8305      37727565.5791194886
  8306      37730798.5186592340
  8307      37734029.7350638285
  8308      37737259.2280144021
  8309      37740486.9971922487
  8310      37743713.0422789007
  8311      37746937.3629560843
  8312      37750159.9589054510
  8313      37753380.8298092410
  8314      37756599.9753494859
  8315      37759817.3952084780
  8316      37763033.0890689194
  8317      37766247.0566133484
  8318      37769459.2975246459
  8319      37772669.8114859313
  8320      37775878.5981802866
  8321      37779085.6572911069
  8322      37782290.9885020033
  8323      37785494.5914966166
  8324      37788696.4659588411
  8325      37791896.6115727201
  8326      37795095.0280225575
  8327      37798291.7149926051
  8328      37801486.6721674874
  8329      37804679.8992320150
  8330      37807871.3958709762
  8331      37811061.1617695093
  8332      37814249.1966128722
  8333      37817435.5000863597
  8334      37820620.0718756989
  8335      37823802.9116666242
  8336      37826984.0191450417
  8337      37830163.3939970359
  8338      37833341.0359089226
  8339      37836516.9445670620
  8340      37839691.1196581498
  8341      37842863.5608689710
  8342      37846034.2678863853
  8343      37849203.2403976545
  8344      37852370.4780899286
  8345      37855535.9806508198
  8346      37858699.7477678657
  8347      37861861.7791289166
  8348      37865022.0744219795
  8349      37868180.6333351731
  8350      37871337.4555567950
  8351      37874492.5407754034
  8352      37877645.8886796311
  8353      37880797.4989583418
  8354      37883947.3713005111
  8355      37887095.5053953156
  8356      37890241.9009322152
  8357      37893386.5576005727
  8358      37896529.4750902057
  8359      37899670.6530909315
  8360      37902810.0912927836
  8361      37905947.7893860564
  8362      37909083.7470609844
  8363      37912217.9640082568
  8364      37915350.4399185851
  8365      37918481.1744827405
  8366      37921610.1673919335
  8367      37924737.4183373675
  8368      37927862.9270104915
  8369      37930986.6931027398
  8370      37934108.7163060457
  8371      37937228.9963123500
  8372      37940347.5328135788
  8373      37943464.3255021498
  8374      37946579.3740703985
  8375      37949692.6782111004
  8376      37952804.2376169264
  8377      37955914.0519808605
  8378      37959022.1209960580
  8379      37962128.4443558156
  8380      37965233.0217536241
  8381      37968335.8528831080
  8382      37971436.9374381304
  8383      37974536.2751125917
  8384      37977633.8656008244
  8385      37980729.7085970491
  8386      37983823.8037957773
  8387      37986916.1508917287
  8388      37990006.7495798469
  8389      37993095.5995549709
  8390      37996182.7005124688
  8391      37999268.0521476716
  8392      38002351.6541560665
  8393      38005433.5062334687
  8394      38008513.6080756858
  8395      38011591.9593788311
  8396      38014668.5598391518
  8397      38017743.4091530666
  8398      38020816.5070171133
  8399      38023887.8531281129
  8400      38026957.4471829534
  8401      38030025.2888787091
  8402      38033091.3779127598
  8403      38036155.7139824331
  8404      38039218.2967854440
  8405      38042279.1260194927
  8406      38045338.2013826817
  8407      38048395.5225730315
  8408      38051451.0892889276
  8409      38054504.9012288153
  8410      38057556.9580914155
  8411      38060607.2595755234
  8412      38063655.8053801134
  8413      38066702.5952043757
  8414      38069747.6287477240
  8415      38072790.9057096615
  8416      38075832.4257897884
  8417      38078872.1886882037
  8418      38081910.1941047013
  8419      38084946.4417396858
  8420      38087980.9312934652
  8421      38091013.6624666303
  8422      38094044.6349598840
  8423      38097073.8484742194
  8424      38100101.3027106300
  8425      38103126.9973705336
  8426      38106150.9321551099
  8427      38109173.1067662239
  8428      38112193.5209055319
  8429      38115212.1742750183
  8430      38118229.0665767863
  8431      38121244.1975131929
  8432      38124257.5667866617
  8433      38127269.1740998998
  8434      38130279.0191556066
  8435      38133287.1016570106
  8436      38136293.4213070497
  8437      38139297.9778092280
  8438      38142300.7708669081
  8439      38145301.8001840115
  8440      38148301.0654642284
  8441      38151298.5664117113
  8442      38154294.3027305380
  8443      38157288.2741252407
  8444      38160280.4803003073
  8445      38163270.9209605828
  8446      38166259.5958107859
  8447      38169246.5045562014
  8448      38172231.6469020098
  8449      38175215.0225535706
  8450      38178196.6312166378
  8451      38181176.4725969806
  8452      38184154.5464003906
  8453      38187130.8523332253
  8454      38190105.3901016563
  8455      38193078.1594122127
  8456      38196049.1599715427
  8457      38199018.3914864659
  8458      38201985.8536640331
  8459      38204951.5462113917
  8460      38207915.4688358530
  8461      38210877.6212450564
  8462      38213838.0031466186
  8463      38216796.6142484695
  8464      38219753.4542586580
  8465      38222708.5228853598
  8466      38225661.8198370710
  8467      38228613.3448223099
  8468      38231563.0975497887
  8469      38234511.0777285248
  8470      38237457.2850676179
  8471      38240401.7192762941
  8472      38243344.3800640330
  8473      38246285.2671404928
  8474      38249224.3802154064
  8475      38252161.7189987376
  8476      38255097.2832008228
  8477      38258031.0725318193
  8478      38260963.0867022276
  8479      38263893.3254228458
  8480      38266821.7884044051
  8481      38269748.4753580093
  8482      38272673.3859948516
  8483      38275596.5200262964
  8484      38278517.8771639392
  8485      38281437.4571194202
  8486      38284355.2596047744
  8487      38287271.2843319252
  8488      38290185.5310133323
  8489      38293097.9993612543
  8490      38296008.6890883893
  8491      38298917.5999074504
  8492      38301824.7315315083
  8493      38304730.0836735815
  8494      38307633.6560470536
  8495      38310535.4483653829
  8496      38313435.4603421912
  8497      38316333.6916914284
  8498      38319230.1421270147
  8499      38322124.8113631532
  8500      38325017.6991142258
  8501      38327908.8050947785
  8502      38330798.1290195137
  8503      38333685.6706033275
  8504      38336571.4295612499
  8505      38339455.4056086242
  8506      38342337.5984607190
  8507      38345218.0078333095
  8508      38348096.6334420294
  8509      38350973.4750028774
  8510      38353848.5322319940
  8511      38356721.8048456386
  8512      38359593.2925603464
  8513      38362462.9950926378
  8514      38365330.9121595398
  8515      38368197.0434778705
  8516      38371061.3887649775
  8517      38373923.9477380738
  8518      38376784.7201147527
  8519      38379643.7056127042
  8520      38382500.9039499015
  8521      38385356.3148442656
  8522      38388209.9380141348
  8523      38391061.7731778771
  8524      38393911.8200541511
  8525      38396760.0783616602
  8526      38399606.5478193238
  8527      38402451.2281463221
  8528      38405294.1190619245
  8529      38408135.2202856690
  8530      38410974.5315371081
  8531      38413812.0525361449
  8532      38416647.7830026969
  8533      38419481.7226570025
  8534      38422313.8712194785
  8535      38425144.2284105420
  8536      38427972.7939510122
  8537      38430799.5675616935
  8538      38433624.5489636287
  8539      38436447.7378781512
  8540      38439269.1340266317
  8541      38442088.7371306866
  8542      38444906.5469120517
  8543      38447722.5630927309
  8544      38450536.7853947952
  8545      38453349.2135405540
  8546      38456159.8472525328
  8547      38458968.6862533316
  8548      38461775.7302658111
  8549      38464580.9790129960
  8550      38467384.4322180450
  8551      38470186.0896043703
  8552      38472985.9508954361
  8553      38475784.0158150420
  8554      38478580.2840870544
  8555      38481374.7554355264
  8556      38484167.4295847341
  8557      38486958.3062591031
  8558      38489747.3851832747
  8559      38492534.6660819426
  8560      38495320.1486801654
  8561      38498103.8327030540
  8562      38500885.7178758457
  8563      38503665.8039241210
  8564      38506444.0905735791
  8565      38509220.5775499642
  8566      38511995.2645793557
  8567      38514768.1513879970
  8568      38517539.2377022281
  8569      38520308.5232486129
  8570      38523076.0077538788
  8571      38525841.6909449026
  8572      38528605.5725489259
  8573      38531367.6522930488
  8574      38534127.9299047887
  8575      38536886.4051118195
  8576      38539643.0776418373
  8577      38542397.9472229257
  8578      38545151.0135831982
  8579      38547902.2764509916
  8580      38550651.7355547994
  8581      38553399.3906234056
  8582      38556145.2413855717
  8583      38558889.2875703797
  8584      38561631.5289071202
  8585      38564371.9651251286
  8586      38567110.5959539860
  8587      38569847.4211235344
  8588      38572582.4403636158
  8589      38575315.6534043774
  8590      38578047.0599761903
  8591      38580776.6598094106
  8592      38583504.4526347667
  8593      38586230.4381830841
  8594      38588954.6161853373
  8595      38591676.9863727465
  8596      38594397.5484767407
  8597      38597116.3022286892
  8598      38599833.2473604530
  8599      38602548.3836039528
  8600      38605261.7106911689
  8601      38607973.2283544242
  8602      38610682.9363261163
  8603      38613390.8343389183
  8604      38616096.9221255928
  8605      38618801.1994190887
  8606      38621503.6659525856
  8607      38624204.3214594573
  8608      38626903.1656731218
  8609      38629600.1983272731
  8610      38632295.4191559106
  8611      38634988.8278929517
  8612      38637680.4242725894
  8613      38640370.2080293894
  8614      38643058.1788977832
  8615      38645744.3366125971
  8616      38648428.6809087470
  8617      38651111.2115214244
  8618      38653791.9281857759
  8619      38656470.8306374177
  8620      38659147.9186119810
  8621      38661823.1918451861
  8622      38664496.6500732228
  8623      38667168.2930321693
  8624      38669838.1204584315
  8625      38672506.1320885643
  8626      38675172.3276593015
  8627      38677836.7069075033
  8628      38680499.2695703208
  8629      38683160.0153849944
  8630      38685818.9440889955
  8631      38688476.0554198921
  8632      38691131.3491155952
  8633      38693784.8249139190
  8634      38696436.4825532213
  8635      38699086.3217717111
  8636      38701734.3423080072
  8637      38704380.5439007208
  8638      38707024.9262887985
  8639      38709667.4892112315
  8640      38712308.2324074283
  8641      38714947.1556165665
  8642      38717584.2585784569
  8643      38720219.5410327688
  8644      38722853.0027194992
  8645      38725484.6433787718
  8646      38728114.4627509043
  8647      38730742.4605764151
  8648      38733368.6365959793
  8649      38735992.9905504361
  8650      38738615.5221808404
  8651      38741236.2312284559
  8652      38743855.1174345762
  8653      38746472.1805408373
  8654      38749087.4202890247
  8655      38751700.8364210203
  8656      38754312.4286789596
  8657      38756922.1968051940
  8658      38759530.1405421197
  8659      38762136.2596324310
  8660      38764740.5538189635
  8661      38767343.0228447914
  8662      38769943.6664529815
  8663      38772542.4843870923
  8664      38775139.4763904139
  8665      38777734.6422069669
  8666      38780327.9815805703
  8667      38782919.4942552447
  8668      38785509.1799753383
  8669      38788097.0384853184
  8670      38790683.0695298091
  8671      38793267.2728536427
  8672      38795849.6482017562
  8673      38798430.1953194216
  8674      38801008.9139519632
  8675      38803585.8038449287
  8676      38806160.8647439703
  8677      38808734.0963950902
  8678      38811305.4985443205
  8679      38813875.0709379464
  8680      38816442.8133224025
  8681      38819008.7254442945
  8682      38821572.8070504367
  8683      38824135.0578878447
  8684      38826695.4777036756
  8685      38829254.0662452206
  8686      38831810.8232601210
  8687      38834365.7484959289
  8688      38836918.8417007253
  8689      38839470.1026223674
  8690      38842019.5310092419
  8691      38844567.1266098395
  8692      38847112.8891726136
  8693      38849656.8184464201
  8694      38852198.9141802415
  8695      38854739.1761233062
  8696      38857277.6040247753
  8697      38859814.1976343691
  8698      38862348.9567016438
  8699      38864881.8809765428
  8700      38867412.9702090621
  8701      38869942.2241495326
  8702      38872469.6425483301
  8703      38874995.2251560166
  8704      38877518.9717234746
  8705      38880040.8820015714
  8706      38882560.9557415470
  8707      38885079.1926946491
  8708      38887595.5926124081
  8709      38890110.1552465633
  8710      38892622.8803489134
  8711      38895133.7676715627
  8712      38897642.8169667348
  8713      38900150.0279868618
  8714      38902655.4004845172
  8715      38905158.9342124388
  8716      38907660.6289236695
  8717      38910160.4843713418
  8718      38912658.5003087372
  8719      38915154.6764893681
  8720      38917649.0126668960
  8721      38920141.5085953027
  8722      38922632.1640284806
  8723      38925120.9787207991
  8724      38927607.9524265751
  8725      38930093.0849004164
  8726      38932576.3758971915
  8727      38935057.8251717538
  8728      38937537.4324792698
  8729      38940015.1975750551
  8730      38942491.1202146560
  8731      38944965.2001537085
  8732      38947437.4371481091
  8733      38949907.8309539407
  8734      38952376.3813272789
  8735      38954843.0880247653
  8736      38957307.9508028328
  8737      38959770.9694182277
  8738      38962232.1436281204
  8739      38964691.4731894210
  8740      38967148.9578595757
  8741      38969604.5973960236
  8742      38972058.3915565461
  8743      38974510.3400988877
  8744      38976960.4427812174
  8745      38979408.6993616819
  8746      38981855.1095987111
  8747      38984299.6732509360
  8748      38986742.3900771663
  8749      38989183.2598362640
  8750      38991622.2822873965
  8751      38994059.4571900070
  8752      38996494.7843034640
  8753      38998928.2633875087
  8754      39001359.8942020237
  8755      39003789.6765070260
  8756      39006217.6100628525
  8757      39008643.6946298108
  8758      39011067.9299685434
  8759      39013490.3158398345
  8760      39015910.8520047069
  8761      39018329.5382242352
  8762      39020746.3742597848
  8763      39023161.3598728478
  8764      39025574.4948251694
  8765      39027985.7788785622
  8766      39030395.2117951885
  8767      39032802.7933371812
  8768      39035208.5232670084
  8769      39037612.4013473839
  8770      39040014.4273409769
  8771      39042414.6010107547
  8772      39044812.9221199602
  8773      39047209.3904319108
  8774      39049604.0057100579
  8775      39051996.7677182406
  8776      39054387.6762202680
  8777      39056776.7309802771
  8778      39059163.9317623824
  8779      39061549.2783311605
  8780      39063932.7704511955
  8781      39066314.4078872874
  8782      39068694.1904044002
  8783      39071072.1177677363
  8784      39073448.1897426695
  8785      39075822.4060947299
  8786      39078194.7665895820
  8787      39080565.2709932104
  8788      39082933.9190716222
  8789      39085300.7105911821
  8790      39087665.6453182176
  8791      39090028.7230194733
  8792      39092389.9434617236
  8793      39094749.3064120561
  8794      39097106.8116375208
  8795      39099462.4589055404
  8796      39101816.2479837313
  8797      39104168.1786397249
  8798      39106518.2506415397
  8799      39108866.4637571946
  8800      39111212.8177549988
  8801      39113557.3124035075
  8802      39115899.9474712461
  8803      39118240.7227271870
  8804      39120579.6379401907
  8805      39122916.6928796247
  8806      39125251.8873147741
  8807      39127585.2210152298
  8808      39129916.6937507540
  8809      39132246.3052912802
  8810      39134574.0554069504
  8811      39136899.9438680559
  8812      39139223.9704451188
  8813      39141546.1349087209
  8814      39143866.4370298311
  8815      39146184.8765793964
  8816      39148501.4533286914
  8817      39150816.1670491472
  8818      39153129.0175123438
  8819      39155440.0044899732
  8820      39157749.1277541369
  8821      39160056.3870768845
  8822      39162361.7822305858
  8823      39164665.3129877001
  8824      39166966.9791209251
  8825      39169266.7804032788
  8826      39171564.7166076154
  8827      39173860.7875073105
  8828      39176154.9928757921
  8829      39178447.3324866965
  8830      39180737.8061136976
  8831      39183026.4135309309
  8832      39185313.1545125395
  8833      39187598.0288327485
  8834      39189881.0362662226
  8835      39192162.1765875891
  8836      39194441.4495718926
  8837      39196718.8549940959
  8838      39198994.3926295638
  8839      39201268.0622536615
  8840      39203539.8636420816
  8841      39205809.7965706438
  8842      39208077.8608154058
  8843      39210344.0561524406
  8844      39212608.3823582903
  8845      39214870.8392094076
  8846      39217131.4264825657
  8847      39219390.1439546794
  8848      39221646.9914029613
  8849      39223901.9686046019
  8850      39226155.0753371343
  8851      39228406.3113782331
  8852      39230655.6765057296
  8853      39232903.1704977155
  8854      39235148.7931323573
  8855      39237392.5441881046
  8856      39239634.4234435260
  8857      39241874.4306774065
  8858      39244112.5656687468
  8859      39246348.8281966820
  8860      39248583.2180405259
  8861      39250815.7349797711
  8862      39253046.3787941262
  8863      39255275.1492635831
  8864      39257502.0461681038
  8865      39259727.0692879856
  8866      39261950.2184036821
  8867      39264171.4932957813
  8868      39266390.8937451243
  8869      39268608.4195327386
  8870      39270824.0704397112
  8871      39273037.8462475240
  8872      39275249.7467376441
  8873      39277459.7716918960
  8874      39279667.9208921120
  8875      39281874.1941204220
  8876      39284078.5911591798
  8877      39286281.1117907763
  8878      39288481.7557979226
  8879      39290680.5229635388
  8880      39292877.4130704701
  8881      39295072.4259021059
  8882      39297265.5612417608
  8883      39299456.8188731223
  8884      39301646.1985798106
  8885      39303833.7001459673
  8886      39306019.3233555630
  8887      39308203.0679930523
  8888      39310384.9338428602
  8889      39312564.9206898138
  8890      39314743.0283186734
  8891      39316919.2565145791
  8892      39319093.6050627679
  8893      39321266.0737486929
  8894      39323436.6623579413
  8895      39325605.3706763834
  8896      39327772.1984900236
  8897      39329937.1455849707
  8898      39332100.2117476836
  8899      39334261.3967646882
  8900      39336420.7004226819
  8901      39338578.1225086972
  8902      39340733.6628097147
  8903      39342887.3211131245
  8904      39345039.0972063988
  8905      39347188.9908772036
  8906      39349337.0019133687
  8907      39351483.1301029399
  8908      39353627.3752341717
  8909      39355769.7370955050
  8910      39357910.2154754698
  8911      39360048.8101628944
  8912      39362185.5209467188
  8913      39364320.3476161435
  8914      39366453.2899604887
  8915      39368584.3477692679
  8916      39370713.5208322182
  8917      39372840.8089392781
  8918      39374966.2118804157
  8919      39377089.7294460237
  8920      39379211.3614265621
  8921      39381331.1076125130
  8922      39383448.9677949399
  8923      39385564.9417646825
  8924      39387679.0293130130
  8925      39389791.2302313820
  8926      39391901.5443111882
  8927      39394009.9713444188
  8928      39396116.5111228228
  8929      39398221.1634387001
  8930      39400323.9280842170
  8931      39402424.8048519716
  8932      39404523.7935346738
  8933      39406620.8939251229
  8934      39408716.1058164611
  8935      39410809.4290019199
  8936      39412900.8632749096
  8937      39414990.4084291011
  8938      39417078.0642582253
  8939      39419163.8305563703
  8940      39421247.7071176767
  8941      39423329.6937365234
  8942      39425409.7902074903
  8943      39427487.9963252768
  8944      39429564.3118848354
  8945      39431638.7366813049
  8946      39433711.2705099657
  8947      39435781.9131662846
  8948      39437850.6644459143
  8949      39439917.5241448730
  8950      39441982.4920590296
  8951      39444045.5679847002
  8952      39446106.7517183125
  8953      39448166.0430564508
  8954      39450223.4417959377
  8955      39452278.9477337599
  8956      39454332.5606670603
  8957      39456384.2803932428
  8958      39458434.1067097485
  8959      39460482.0394144207
  8960      39462528.0783051401
  8961      39464572.2231799737
  8962      39466614.4738372937
  8963      39468654.8300754726
  8964      39470693.2916932553
  8965      39472729.8584894612
  8966      39474764.5302631706
  8967      39476797.3068135604
  8968      39478828.1879400387
  8969      39480857.1734422445
  8970      39482884.2631199807
  8971      39484909.4567731246
  8972      39486932.7542019710
  8973      39488954.1552067101
  8974      39490973.6595880613
  8975      39492991.2671466023
  8976      39495006.9776832908
  8977      39497020.7909992486
  8978      39499032.7068957090
  8979      39501042.7251741737
  8980      39503050.8456363454
  8981      39505057.0680839866
  8982      39507061.3923191875
  8983      39509063.8181441352
  8984      39511064.3453612849
  8985      39513062.9737731665
  8986      39515059.7031825930
  8987      39517054.5333925635
  8988      39519047.4642061964
  8989      39521038.4954268634
  8990      39523027.6268580556
  8991      39525014.8583035469
  8992      39527000.1895672083
  8993      39528983.6204531640
  8994      39530965.1507656574
  8995      39532944.7803091332
  8996      39534922.5088883862
  8997      39536898.3363081068
  8998      39538872.2623734102
  8999      39540844.2868894711
  9000      39542814.4096617997
  9001      39544782.6304958239
  9002      39546748.9491974264
  9003      39548713.3655726463
  9004      39550675.8794275075
  9005      39552636.4905684292
  9006      39554595.1988019198
  9007      39556552.0039347187
  9008      39558506.9057737216
  9009      39560459.9041260630
  9010      39562410.9987989590
  9011      39564360.1895999387
  9012      39566307.4763366207
  9013      39568252.8588169366
  9014      39570196.3368488252
  9015      39572137.9102405980
  9016      39574077.5788005739
  9017      39576015.3423374072
  9018      39577951.2006598860
  9019      39579885.1535770223
  9020      39581817.2008978724
  9021      39583747.3424319327
  9022      39585675.5779886171
  9023      39587601.9073777273
  9024      39589526.3304091245
  9025      39591448.8468929902
  9026      39593369.4566395432
  9027      39595288.1594593152
  9028      39597204.9551629573
  9029      39599119.8435613364
  9030      39601032.8244655132
  9031      39602943.8976866528
  9032      39604853.0630362034
  9033      39606760.3203258514
  9034      39608665.6693672910
  9035      39610569.1099726185
  9036      39612470.6419538632
  9037      39614370.2651235759
  9038      39616267.9792941585
  9039      39618163.7842783704
  9040      39620057.6798891947
  9041      39621949.6659397483
  9042      39623839.7422432825
  9043      39625727.9086133242
  9044      39627614.1648636013
  9045      39629498.5108078867
  9046      39631380.9462602809
  9047      39633261.4710351005
  9048      39635140.0849466845
  9049      39637016.7878097072
  9050      39638891.5794389695
  9051      39640764.4596494809
  9052      39642635.4282564372
  9053      39644504.4850751832
  9054      39646371.6299213842
  9055      39648236.8626106232
  9056      39650100.1829590201
  9057      39651961.5907826573
  9058      39653821.0858977661
  9059      39655678.6681209728
  9060      39657534.3372689933
  9061      39659388.0931585580
  9062      39661239.9356069043
  9063      39663089.8644312546
  9064      39664937.8794490173
  9065      39666783.9804779366
  9066      39668628.1673356742
  9067      39670470.4398404956
  9068      39672310.7978103757
  9069      39674149.2410638556
  9070      39675985.7694194838
  9071      39677820.3826960325
  9072      39679653.0807124823
  9073      39681483.8632879779
  9074      39683312.7302418947
  9075      39685139.6813937128
  9076      39686964.7165631875
  9077      39688787.8355702311
  9078      39690609.0382349491
  9079      39692428.3243776262
  9080      39694245.6938187331
  9081      39696061.1463789642
  9082      39697874.6818791479
  9083      39699686.3001403436
  9084      39701496.0009838194
  9085      39703303.7842308655
  9086      39705109.6497033089
  9087      39706913.5972228199
  9088      39708715.6266113669
  9089      39710515.7376912683
  9090      39712313.9302847013
  9091      39714110.2042144239
  9092      39715904.5593030527
  9093      39717696.9953736067
  9094      39719487.5122490972
  9095      39721276.1097530425
  9096      39723062.7877087221
  9097      39724847.5459400192
  9098      39726630.3842706829
  9099      39728411.3025248870
  9100      39730190.3005268946
  9101      39731967.3781010807
  9102      39733742.5350721255
  9103      39735515.7712649330
  9104      39737287.0865044445
  9105      39739056.4806158543
  9106      39740823.9534246475
  9107      39742589.5047563612
  9108      39744353.1344368160
  9109      39746114.8422919735
  9110      39747874.6281479001
  9111      39749632.4918311313
  9112      39751388.4331680238
  9113      39753142.4519854188
  9114      39754894.5481102243
  9115      39756644.7213694900
  9116      39758392.9715905860
  9117      39760139.2986009791
  9118      39761883.7022283003
  9119      39763626.1823005378
  9120      39765366.7386455983
  9121      39767105.3710918054
  9122      39768842.0794676393
  9123      39770576.8636016622
  9124      39772309.7233226746
  9125      39774040.6584597826
  9126      39775769.6688421294
  9127      39777496.7542990297
  9128      39779221.9146601856
  9129      39780945.1497552991
  9130      39782666.4594142884
  9131      39784385.8434674665
  9132      39786103.3017449453
  9133      39787818.8340774104
  9134      39789532.4402955100
  9135      39791244.1202301756
  9136      39792953.8737125024
  9137      39794661.7005737796
  9138      39796367.6006454900
  9139      39798071.5737592950
  9140      39799773.6197470576
  9141      39801473.7384407744
  9142      39803171.9296727702
  9143      39804868.1932754368
  9144      39806562.5290813446
  9145      39808254.9369233921
  9146      39809945.4166345522
  9147      39811633.9680479467
  9148      39813320.5909970701
  9149      39815005.2853153720
  9150      39816688.0508366674
  9151      39818368.8873949647
  9152      39820047.7948242724
  9153      39821724.7729590610
  9154      39823399.8216337934
  9155      39825072.9406831637
  9156      39826744.1299420893
  9157      39828413.3892456591
  9158      39830080.7184291407
  9159      39831746.1173280850
  9160      39833409.5857780948
  9161      39835071.1236150190
  9162      39836730.7306748703
  9163      39838388.4067939892
  9164      39840044.1518087089
  9165      39841697.9655557051
  9166      39843349.8478717506
  9167      39844999.7985938787
  9168      39846647.8175592273
  9169      39848293.9046052247
  9170      39849938.0595694184
  9171      39851580.2822895125
  9172      39853220.5726036206
  9173      39854858.9303497002
  9174      39856495.3553661406
  9175      39858129.8474916220
  9176      39859762.4065645933
  9177      39861393.0324242041
  9178      39863021.7249093056
  9179      39864648.4838594198
  9180      39866273.3091139123
  9181      39867896.2005124316
  9182      39869517.1578948647
  9183      39871136.1811013147
  9184      39872753.2699718997
  9185      39874368.4243472070
  9186      39875981.6440677121
  9187      39877592.9289742932
  9188      39879202.2789079621
  9189      39880809.6937099099
  9190      39882415.1732214987
  9191      39884018.7172843963
  9192      39885620.3257401809
  9193      39887219.9984310418
  9194      39888817.7351989448
  9195      39890413.5358863547
  9196      39892007.4003357068
  9197      39893599.3283897862
  9198      39895189.3198915571
  9199      39896777.3746839389
  9200      39898363.4926104099
  9201      39899947.6735144481
  9202      39901529.9172395989
  9203      39903110.2236298546
  9204      39904688.5925292373
  9205      39906265.0237819999
  9206      39907839.5172325373
  9207      39909412.0727255717
  9208      39910982.6901058853
  9209      39912551.3692185059
  9210      39914118.1099086180
  9211      39915682.9120216444
  9212      39917245.7754032016
  9213      39918806.6998990178
  9214      39920365.6853550598
  9215      39921922.7316175699
  9216      39923477.8385328427
  9217      39925031.0059474185
  9218      39926582.2337081134
  9219      39928131.5216616839
  9220      39929678.8696554899
  9221      39931224.2775366604
  9222      39932767.7451528162
  9223      39934309.2723515928
  9224      39935848.8589808345
  9225      39937386.5048887655
  9226      39938922.2099234909
  9227      39940455.9739335850
  9228      39941987.7967676595
  9229      39943517.6782745272
  9230      39945045.6183033437
  9231      39946571.6167031303
  9232      39948095.6733235642
  9233      39949617.7880140468
  9234      39951137.9606245011
  9235      39952656.1910048425
  9236      39954172.4790053442
  9237      39955686.8244762868
  9238      39957199.2272683531
  9239      39958709.6872321963
  9240      39960218.2042188197
  9241      39961724.7780793607
  9242      39963229.4086651802
  9243      39964732.0958277807
  9244      39966232.8394188732
  9245      39967731.6392904222
  9246      39969228.4952944517
  9247      39970723.4072833210
  9248      39972216.3751095086
  9249      39973707.3986256570
  9250      39975196.4776846468
  9251      39976683.6121395677
  9252      39978168.8018437177
  9253      39979652.0466504097
  9254      39981133.3464134336
  9255      39982612.7009865344
  9256      39984090.1102237254
  9257      39985565.5739792585
  9258      39987039.0921075493
  9259      39988510.6644631252
  9260      39989980.2909008712
  9261      39991447.9712757245
  9262      39992913.7054428160
  9263      39994377.4932576120
  9264      39995839.3345756009
  9265      39997299.2292525396
  9266      39998757.1771443784
  9267      40000213.1781072691
  9268      40001667.2319975048
  9269      40003119.3386716172
  9270      40004569.4979863763
  9271      40006017.7097986042
  9272      40007463.9739654362
  9273      40008908.2903441340
  9274      40010350.6587921977
  9275      40011791.0791673213
  9276      40013229.5513273403
  9277      40014666.0751302615
  9278      40016100.6504344344
  9279      40017533.2770982757
  9280      40018963.9549803659
  9281      40020392.6839395836
  9282      40021819.4638349339
  9283      40023244.2945255712
  9284      40024667.1758710071
  9285      40026088.1077307314
  9286      40027507.0899646208
  9287      40028924.1224325821
  9288      40030339.2049947828
  9289      40031752.3375116885
  9290      40033163.5198437944
  9291      40034572.7518518046
  9292      40035980.0333967134
  9293      40037385.3643396795
  9294      40038788.7445419505
  9295      40040190.1738651320
  9296      40041589.6521708891
  9297      40042987.1793211177
  9298      40044382.7551779673
  9299      40045776.3796036392
  9300      40047168.0524606779
  9301      40048557.7736117542
  9302      40049945.5429197103
  9303      40051331.3602476791
  9304      40052715.2254588455
  9305      40054097.1384166554
  9306      40055477.0989847183
  9307      40056855.1070269942
  9308      40058231.1624073535
  9309      40059605.2649900913
  9310      40060977.4146396145
  9311      40062347.6112205088
  9312      40063715.8545975462
  9313      40065082.1446357593
  9314      40066446.4812003076
  9315      40067808.8641565666
  9316      40069169.2933700755
  9317      40070527.7687066793
  9318      40071884.2900322005
  9319      40073238.8572128639
  9320      40074591.4701149836
  9321      40075942.1286050677
  9322      40077290.8325499296
  9323      40078637.5818163455
  9324      40079982.3762715608
  9325      40081325.2157827765
  9326      40082666.1002174988
  9327      40084005.0294434950
  9328      40085342.0033285767
  9329      40086677.0217407867
  9330      40088010.0845484585
  9331      40089341.1916199774
  9332      40090670.3428240716
  9333      40091997.5380295590
  9334      40093322.7771054655
  9335      40094646.0599210039
  9336      40095967.3863456100
  9337      40097286.7562489808
  9338      40098604.1695007980
  9339      40099919.6259711459
  9340      40101233.1255301684
  9341      40102544.6680482998
  9342      40103854.2533960491
  9343      40105161.8814443499
  9344      40106467.5520639941
  9345      40107771.2651262283
  9346      40109073.0205023810
  9347      40110372.8180640340
  9348      40111670.6576828510
  9349      40112966.5392308757
  9350      40114260.4625801966
  9351      40115552.4276030585
  9352      40116842.4341721013
  9353      40118130.4821598828
  9354      40119416.5714394152
  9355      40120700.7018838301
  9356      40121982.8733662367
  9357      40123263.0857603028
  9358      40124541.3389395848
  9359      40125817.6327780411
  9360      40127091.9671496153
  9361      40128364.3419286311
  9362      40129634.7569895983
  9363      40130903.2122069821
  9364      40132169.7074557915
  9365      40133434.2426109836
  9366      40134696.8175477460
  9367      40135957.4321415573
  9368      40137216.0862679556
  9369      40138472.7798027620
  9370      40139727.5126220733
  9371      40140980.2846018970
  9372      40142231.0956187621
  9373      40143479.9455491751
  9374      40144726.8342699483
  9375      40145971.7616579533
  9376      40147214.7275904194
  9377      40148455.7319446951
  9378      40149694.7745983303
  9379      40150931.8554289863
  9380      40152166.9743146971
  9381      40153400.1311334893
  9382      40154631.3257637247
  9383      40155860.5580839366
  9384      40157087.8279727697
  9385      40158313.1353092194
  9386      40159536.4799722582
  9387      40160757.8618412688
  9388      40161977.2807956412
  9389      40163194.7367151454
  9390      40164410.2294795513
  9391      40165623.7589689866
  9392      40166835.3250636607
  9393      40168044.9276440889
  9394      40169252.5665908232
  9395      40170458.2417847440
  9396      40171661.9531068876
  9397      40172863.7004384622
  9398      40174063.4836608917
  9399      40175261.3026557639
  9400      40176457.1573048830
  9401      40177651.0474903062
  9402      40178842.9730941802
  9403      40180032.9339988232
  9404      40181220.9300869629
  9405      40182406.9612412080
  9406      40183591.0273447037
  9407      40184773.1282804534
  9408      40185953.2639318630
  9409      40187131.4341825470
  9410      40188307.6389161423
  9411      40189481.8780166730
  9412      40190654.1513681933
  9413      40191824.4588550851
  9414      40192992.8003618717
  9415      40194159.1757731885
  9416      40195323.5849740356
  9417      40196486.0278494731
  9418      40197646.5042847842
  9419      40198805.0141654313
  9420      40199961.5573772043
  9421      40201116.1338059008
  9422      40202268.7433375791
  9423      40203419.3858584836
  9424      40204568.0612551868
  9425      40205714.7694142237
  9426      40206859.5102225021
  9427      40208002.2835670263
  9428      40209143.0893351138
  9429      40210281.9274140671
  9430      40211418.7976916656
  9431      40212553.7000555545
  9432      40213686.6343938336
  9433      40214817.6005947366
  9434      40215946.5985466093
  9435      40217073.6281380653
  9436      40218198.6892579421
  9437      40219321.7817951590
  9438      40220442.9056388587
  9439      40221562.0606785566
  9440      40222679.2468036711
  9441      40223794.4639040083
  9442      40224907.7118695676
  9443      40226018.9905904680
  9444      40227128.2999570370
  9445      40228235.6398598477
  9446      40229341.0101895556
  9447      40230444.4108371735
  9448      40231545.8416937590
  9449      40232645.3026506901
  9450      40233742.7935994118
  9451      40234838.3144316822
  9452      40235931.8650394157
  9453      40237023.4453146085
  9454      40238113.0551496372
  9455      40239200.6944369152
  9456      40240286.3630691320
  9457      40241370.0609392449
  9458      40242451.7879402041
  9459      40243531.5439653322
  9460      40244609.3289080560
  9461      40245685.1426620409
  9462      40246758.9851211533
  9463      40247830.8561793789
  9464      40248900.7557309419
  9465      40249968.6836703122
  9466      40251034.6398921460
  9467      40252098.6242911220
  9468      40253160.6367623955
  9469      40254220.6772011071
  9470      40255278.7455026731
  9471      40256334.8415626213
  9472      40257388.9652768523
  9473      40258441.1165412813
  9474      40259491.2952520773
  9475      40260539.5013056323
  9476      40261585.7345984951
  9477      40262629.9950274751
  9478      40263672.2824894935
  9479      40264712.5968816951
  9480      40265750.9381014332
  9481      40266787.3060462698
  9482      40267821.7006139159
  9483      40268854.1217022762
  9484      40269884.5692095309
  9485      40270913.0430339649
  9486      40271939.5430740863
  9487      40272964.0692286566
  9488      40273986.6213964820
  9489      40275007.1994767711
  9490      40276025.8033687547
  9491      40277042.4329719245
  9492      40278057.0881859735
  9493      40279069.7689108029
  9494      40280080.4750463739
  9495      40281089.2064930871
  9496      40282095.9631513953
  9497      40283100.7449218556
  9498      40284103.5517054498
  9499      40285104.3834030554
  9500      40286103.2399161011
  9501      40287100.1211458966
  9502      40288095.0269941315
  9503      40289087.9573625848
  9504      40290078.9121533483
  9505      40291067.8912685663
  9506      40292054.8946106657
  9507      40293039.9220822901
  9508      40294022.9735862017
  9509      40295004.0490254387
  9510      40295983.1483030990
  9511      40296960.2713227198
  9512      40297935.4179877564
  9513      40298908.5882020444
  9514      40299879.7818695009
  9515      40300848.9988943711
  9516      40301816.2391809523
  9517      40302781.5026338249
  9518      40303744.7891576961
  9519      40304706.0986576378
  9520      40305665.4310386032
  9521      40306622.7862061188
  9522      40307578.1640655920
  9523      40308531.5645227879
  9524      40309482.9874836504
  9525      40310432.4328542501
  9526      40311379.9005409405
  9527      40312325.3904502094
  9528      40313268.9024887457
  9529      40314210.4365634769
  9530      40315149.9925814569
  9531      40316087.5704500377
  9532      40317023.1700766534
  9533      40317956.7913690060
  9534      40318888.4342349172
  9535      40319818.0985824764
  9536      40320745.7843200341
  9537      40321671.4913559258
  9538      40322595.2195989415
  9539      40323516.9689577818
  9540      40324436.7393415868
  9541      40325354.5306595415
  9542      40326270.3428211957
  9543      40327184.1757359877
  9544      40328096.0293138772
  9545      40329005.9034649208
  9546      40329913.7980991974
  9547      40330819.7131272927
  9548      40331723.6484596804
  9549      40332625.6040071398
  9550      40333525.5796808228
  9551      40334423.5753917694
  9552      40335319.5910514891
  9553      40336213.6265714839
  9554      40337105.6818635091
  9555      40337995.7568396628
  9556      40338883.8514119983
  9557      40339769.9654929265
  9558      40340654.0989950597
  9559      40341536.2518310398
  9560      40342416.4239139557
  9561      40343294.6151568219
  9562      40344170.8254730552
  9563      40345045.0547761470
  9564      40345917.3029799163
  9565      40346787.5699982643
  9566      40347655.8557452038
  9567      40348522.1601352394
  9568      40349386.4830827788
  9569      40350248.8245024756
  9570      40351109.1843094379
  9571      40351967.5624185801
  9572      40352823.9587451965
  9573      40353678.3732048646
  9574      40354530.8057133257
  9575      40355381.2561863735
  9576      40356229.7245401070
  9577      40357076.2106907964
  9578      40357920.7145548910
  9579      40358763.2360491753
  9580      40359603.7750903443
  9581      40360442.3315955773
  9582      40361278.9054820985
  9583      40362113.4966673255
  9584      40362946.1050689593
  9585      40363776.7306047827
  9586      40364605.3731928468
  9587      40365432.0327514485
  9588      40366256.7091989145
  9589      40367079.4024539441
  9590      40367900.1124353781
  9591      40368718.8390621021
  9592      40369535.5822534710
  9593      40370350.3419287726
  9594      40371163.1180077046
  9595      40371973.9104100466
  9596      40372782.7190557644
  9597      40373589.5438650548
  9598      40374394.3847583234
  9599      40375197.2416560948
  9600      40375998.1144792661
  9601      40376797.0031486154
  9602      40377593.9075855017
  9603      40378388.8277111575
  9604      40379181.7634472623
  9605      40379972.7147154883
  9606      40380761.6814378425
  9607      40381548.6635363773
  9608      40382333.6609335244
  9609      40383116.6735517904
  9610      40383897.7013139278
  9611      40384676.7441428676
  9612      40385453.8019616902
  9613      40386228.8746937737
  9614      40387001.9622626305
  9615      40387773.0645919293
  9616      40388542.1816056296
  9617      40389309.3132278025
  9618      40390074.4593827724
  9619      40390837.6199950650
  9620      40391598.7949893177
  9621      40392357.9842904508
  9622      40393115.1878235415
  9623      40393870.4055138603
  9624      40394623.6372869089
  9625      40395374.8830683529
  9626      40396124.1427841187
  9627      40396871.4163601622
  9628      40397616.7037227452
  9629      40398360.0047984719
  9630      40399101.3195138425
  9631      40399840.6477958262
  9632      40400577.9895713106
  9633      40401313.3447677493
  9634      40402046.7133124024
  9635      40402778.0951329470
  9636      40403507.4901572838
  9637      40404234.8983133882
  9638      40404960.3195294216
  9639      40405683.7537339106
  9640      40406405.2008554414
  9641      40407124.6608227342
  9642      40407842.1335649714
  9643      40408557.6190111712
  9644      40409271.1170908213
  9645      40409982.6277335435
  9646      40410692.1508690342
  9647      40411399.6864273548
  9648      40412105.2343387082
  9649      40412808.7945333794
  9650      40413510.3669420481
  9651      40414209.9514954388
  9652      40414907.5481244624
  9653      40415603.1567603871
  9654      40416296.7773345038
  9655      40416988.4097784385
  9656      40417678.0540238321
  9657      40418365.7100026757
  9658      40419051.3776471689
  9659      40419735.0568896383
  9660      40420416.7476625815
  9661      40421096.4498987943
  9662      40421774.1635310426
  9663      40422449.8884926662
  9664      40423123.6247168481
  9665      40423795.3721371815
  9666      40424465.1306873187
  9667      40425132.9003012180
  9668      40425798.6809129640
  9669      40426462.4724568501
  9670      40427124.2748674080
  9671      40427784.0880793333
  9672      40428441.9120274931
  9673      40429097.7466469407
  9674      40429751.5918730423
  9675      40430403.4476411939
  9676      40431053.3138871714
  9677      40431701.1905467957
  9678      40432347.0775560737
  9679      40432990.9748513922
  9680      40433632.8823691607
  9681      40434272.8000460193
  9682      40434910.7278188094
  9683      40435546.6656246185
  9684      40436180.6134006828
  9685      40436812.5710844770
  9686      40437442.5386136174
  9687      40438070.5159259290
  9688      40438696.5029594302
  9689      40439320.4996523634
  9690      40439942.5059432164
  9691      40440562.5217705369
  9692      40441180.5470731929
  9693      40441796.5817901194
  9694      40442410.6258606240
  9695      40443022.6792240813
  9696      40443632.7418200895
  9697      40444240.8135884404
  9698      40444846.8944691122
  9699      40445450.9844023734
  9700      40446053.0833285823
  9701      40446653.1911882609
  9702      40447251.3079222664
  9703      40447847.4334715232
  9704      40448441.5677773282
  9705      40449033.7107809037
  9706      40449623.8624239117
  9707      40450212.0226480812
  9708      40450798.1913953796
  9709      40451382.3686079830
  9710      40451964.5542282164
  9711      40452544.7481986582
  9712      40453122.9504620209
  9713      40453699.1609612927
  9714      40454273.3796396330
  9715      40454845.6064402908
  9716      40455415.8413068727
  9717      40455984.0841830894
  9718      40456550.3350129351
  9719      40457114.5937403813
  9720      40457676.8603099063
  9721      40458237.1346658990
  9722      40458795.4167531729
  9723      40459351.7065166235
  9724      40459906.0039012730
  9725      40460458.3088525534
  9726      40461008.6213158146
  9727      40461556.9412369058
  9728      40462103.2685616091
  9729      40462647.6032360867
  9730      40463189.9452066049
  9731      40463730.2944196165
  9732      40464268.6508218274
  9733      40464805.0143601075
  9734      40465339.3849815577
  9735      40465871.7626333907
  9736      40466402.1472631469
  9737      40466930.5388184115
  9738      40467456.9372470677
  9739      40467981.3424972296
  9740      40468503.7545171231
  9741      40469024.1732551679
  9742      40469542.5986599922
  9743      40470059.0306804553
  9744      40470573.4692656994
  9745      40471085.9143648148
  9746      40471596.3659273311
  9747      40472104.8239028230
  9748      40472611.2882411405
  9749      40473115.7588923350
  9750      40473618.2358065695
  9751      40474118.7189342827
  9752      40474617.2082261443
  9753      40475113.7036328912
  9754      40475608.2051055282
  9755      40476100.7125952840
  9756      40476591.2260536700
  9757      40477079.7454320341
  9758      40477566.2706823945
  9759      40478050.8017566353
  9760      40478533.3386069462
  9761      40479013.8811858445
  9762      40479492.4294456765
  9763      40479968.9833394289
  9764      40480443.5428199917
  9765      40480916.1078404784
  9766      40481386.6783543974
  9767      40481855.2543151677
  9768      40482321.8356766775
  9769      40482786.4223927930
  9770      40483249.0144177079
  9771      40483709.6117058098
  9772      40484168.2142115459
  9773      40484624.8218897879
  9774      40485079.4346953481
  9775      40485532.0525835454
  9776      40485982.6755095273
  9777      40486431.3034289330
  9778      40486877.9362974912
  9779      40487322.5740710646
  9780      40487765.2167058289
  9781      40488205.8641581386
  9782      40488644.5163844079
  9783      40489081.1733414829
  9784      40489515.8349861652
  9785      40489948.5012756214
  9786      40490379.1721671224
  9787      40490807.8476181999
  9788      40491234.5275865868
  9789      40491659.2120300457
  9790      40492081.9009068385
  9791      40492502.5941751078
  9792      40492921.2917934209
  9793      40493337.9937204868
  9794      40493752.6999150887
  9795      40494165.4103364572
  9796      40494576.1249436885
  9797      40494984.8436963931
  9798      40495391.5665541366
  9799      40495796.2934768796
  9800      40496199.0244246051
  9801      40496599.7593576238
  9802      40496998.4982363805
  9803      40497395.2410214841
  9804      40497789.9876738563
  9805      40498182.7381544933
  9806      40498573.4924246520
  9807      40498962.2504457980
  9808      40499349.0121795461
  9809      40499733.7775877118
  9810      40500116.5466323420
  9811      40500497.3192757368
  9812      40500876.0954801887
  9813      40501252.8752083778
  9814      40501627.6584231853
  9815      40502000.4450875521
  9816      40502371.2351647392
  9817      40502740.0286180750
  9818      40503106.8254113123
  9819      40503471.6255081221
  9820      40503834.4288725629
  9821      40504195.2354688048
  9822      40504554.0452612787
  9823      40504910.8582145497
  9824      40505265.6742934436
  9825      40505618.4934629276
  9826      40505969.3156881481
  9827      40506318.1409345195
  9828      40506664.9691676199
  9829      40507009.8003532663
  9830      40507352.6344573721
  9831      40507693.4714460522
  9832      40508032.3112858236
  9833      40508369.1539430991
  9834      40508703.9993847460
  9835      40509036.8475776985
  9836      40509367.6984890401
  9837      40509696.5520862415
  9838      40510023.4083366990
  9839      40510348.2672082856
  9840      40510671.1286688969
  9841      40510991.9926866442
  9842      40511310.8592299297
  9843      40511627.7282672003
  9844      40511942.5997673050
  9845      40512255.4736990780
  9846      40512566.3500316590
  9847      40512875.2287343666
  9848      40513182.1097767502
  9849      40513486.9931284413
  9850      40513789.8787595034
  9851      40514090.7666399255
  9852      40514389.6567400172
  9853      40514686.5490303114
  9854      40514981.4434815571
  9855      40515274.3400645256
  9856      40515565.2387504280
  9857      40515854.1395104975
  9858      40516141.0423162580
  9859      40516425.9471393675
  9860      40516708.8539517447
  9861      40516989.7627253905
  9862      40517268.6734326556
  9863      40517545.5860459805
  9864      40517820.5005380735
  9865      40518093.4168817475
  9866      40518364.3350500613
  9867      40518633.2550163493
  9868      40518900.1767540202
  9869      40519165.1002367064
  9870      40519428.0254383385
  9871      40519688.9523328692
  9872      40519947.8808946237
  9873      40520204.8110979795
  9874      40520459.7429176718
  9875      40520712.6763284132
  9876      40520963.6113053039
  9877      40521212.5478235930
  9878      40521459.4858587086
  9879      40521704.4253861979
  9880      40521947.3663819656
  9881      40522188.3088219836
  9882      40522427.2526824847
  9883      40522664.1979399025
  9884      40522899.1445707828
  9885      40523132.0925520137
  9886      40523363.0418605059
  9887      40523591.9924735278
  9888      40523818.9443684295
  9889      40524043.8975228444
  9890      40524266.8519145250
  9891      40524487.8075214550
  9892      40524706.7643218935
  9893      40524923.7222941145
  9894      40525138.6814167202
  9895      40525351.6416685581
  9896      40525562.6030284539
  9897      40525771.5654756799
  9898      40525978.5289895684
  9899      40526183.4935497046
  9900      40526386.4591357931
  9901      40526587.4257277921
  9902      40526786.3933058456
  9903      40526983.3618503064
  9904      40527178.3313416913
  9905      40527371.3017607927
  9906      40527562.2730884850
  9907      40527751.2453058958
  9908      40527938.2183942944
  9909      40528123.1923353076
  9910      40528306.1671105772
  9911      40528487.1427020431
  9912      40528666.1190917566
  9913      40528843.0962620378
  9914      40529018.0741953924
  9915      40529191.0528744459
  9916      40529362.0322821736
  9917      40529531.0124015808
  9918      40529697.9932159558
  9919      40529862.9747087285
  9920      40530025.9568635672
  9921      40530186.9396643564
  9922      40530345.9230951220
  9923      40530502.9071400166
  9924      40530657.8917836323
  9925      40530810.8770103976
  9926      40530961.8628052101
  9927      40531110.8491531014
  9928      40531257.8360391781
  9929      40531402.8234489113
  9930      40531545.8113677800
  9931      40531686.7997815832
  9932      40531825.7886762843
  9933      40531962.7780379131
  9934      40532097.7678529248
  9935      40532230.7581077144
  9936      40532361.7487889975
  9937      40532490.7398836613
  9938      40532617.7313787267
  9939      40532742.7232613862
  9940      40532865.7155191079
  9941      40532986.7081394345
  9942      40533105.7011101171
  9943      40533222.6944190562
  9944      40533337.6880543828
  9945      40533450.6820042729
  9946      40533561.6762572229
  9947      40533670.6708017513
  9948      40533777.6656266004
  9949      40533882.6607206017
  9950      40533985.6560728177
  9951      40534086.6516723409
  9952      40534185.6475084722
  9953      40534282.6435705870
  9954      40534377.6398481578
  9955      40534470.6363307983
  9956      40534561.6330081448
  9957      40534650.6298699304
  9958      40534737.6269060075
  9959      40534822.6241060421
  9960      40534905.6214599609
  9961      40534986.6189574674
  9962      40535065.6165883243
  9963      40535142.6143420786
  9964      40535217.6122082323
  9965      40535290.6101759970
  9966      40535361.6082343012
  9967      40535430.6063717082
  9968      40535497.6045763344
  9969      40535562.6028357297
  9970      40535625.6011365354
  9971      40535686.5994646251
  9972      40535745.5978045836
  9973      40535802.5961395502
  9974      40535857.5944507718
  9975      40535910.5927172229
  9976      40535961.5909149125
  9977      40536010.5890161321
  9978      40536057.5869884714
  9979      40536102.5847934559
  9980      40536145.5823847130
  9981      40536186.5797056779
  9982      40536225.5766862258
  9983      40536262.5732382014
  9984      40536297.5692490041
  9985      40536330.5645726174
  9986      40536361.5590161905
  9987      40536390.5523203462
  9988      40536417.5441293865
  9989      40536442.5339440554
  9990      40536465.5210461020
  9991      40536486.5043720156
  9992      40536505.4822938964
  9993      40536522.4522192180
  9994      40536537.4098167345
  9995      40536550.3473995849
  9996      40536561.2501928583
  9997      40536570.0864393413
  9998      40536576.7770900652
  9999      40536581.4567272142
 10000      40536587.7593477294
