=== FINITE DIFFERENCE METHOD (Coffey-Evans) ===
N                    = 10001
beta                 = 30
Interval             = [-π/2, π/2]
q(x)                 = -2β cos(2x) + β² sin²(2x)
Boundary conditions  = y(-π/2) = y(π/2) = 0
Number of eigenvalues = 10001

     k                   lambda
------     --------------------
     1            -0.0000216977
     2           117.9462041535
     3           231.6646750485
     4           231.6648334039
     5           231.6648334407
     6           340.8878420055
     7           445.2824529390
     8           445.2827544253
     9           445.2827771241
    10           544.4174337740
    11           637.6812277086
    12           637.7035170809
    13           637.7254804114
    14           724.2562733775
    15           800.8300268020
    16           802.4776362066
    17           804.2778944170
    18           868.9587798169
    19           909.4799435540
    20           925.9759070163
    21           951.8767966320
    22           992.5350845906
    23          1032.2999206185
    24          1073.4469730330
    25          1118.1411521171
    26          1165.6639022954
    27          1215.5543492119
    28          1267.8032907741
    29          1322.3786878166
    30          1379.2209739977
    31          1438.2872549105
    32          1499.5461891208
    33          1562.9718058700
    34          1628.5424407840
    35          1696.2400543572
    36          1766.0494717464
    37          1837.9578107624
    38          1911.9540591167
    39          1988.0287441815
    40          2066.1736711521
    41          2146.3817139723
    42          2228.6466466118
    43          2312.9630058069
    44          2399.3259783410
    45          2487.7313079007
    46          2578.1752175467
    47          2670.6543448326
    48          2765.1656871768
    49          2861.7065555981
    50          2960.2745354495
    51          3060.8674528134
    52          3163.4833457178
    53          3268.1204393271
    54          3374.7771245332
    55          3483.4519393528
    56          3594.1435527944
    57          3706.8507507161
    58          3821.5724234968
    59          3938.3075551933
    60          4057.0552139899
    61          4177.8145437796
    62          4300.5847567605
    63          4425.3651267782
    64          4552.1549834904
    65          4680.9537071727
    66          4811.7607240084
    67          4944.5755019682
    68          5079.3975470561
    69          5216.2263999644
    70          5355.0616330893
    71          5495.9028477968
    72          5638.7496720014
    73          5783.6017579352
    74          5930.4587801812
    75          6079.3204338506
    76          6230.1864329342
    77          6383.0565088387
    78          6537.9304090002
    79          6694.8078956713
    80          6853.6887447844
    81          7014.5727449256
    82          7177.4596963992
    83          7342.3494103523
    84          7509.2417079927
    85          7678.1364198856
    86          7849.0333852537
    87          8021.9324513886
    88          8196.8334730839
    89          8373.7363121095
    90          8552.6408367339
    91          8733.5469213079
    92          8916.4544458154
    93          9101.3632955265
    94          9288.2733606540
    95          9477.1845359993
    96          9668.0967206739
    97          9861.0098178179
    98         10055.9237343387
    99         10252.8383806846
   100         10451.7536706089
   101         10652.6695209532
   102         10855.5858514742
   103         11060.5025846536
   104         11267.4196455350
   105         11476.3369615510
   106         11687.2544623926
   107         11900.1720798761
   108         12115.0897477963
   109         12332.0074018144
   110         12550.9249793655
   111         12771.8424195155
   112         12994.7596628886
   113         13219.6766515725
   114         13446.5933290308
   115         13675.5096400099
   116         13906.4255304640
   117         14139.3409475187
   118         14374.2558393439
   119         14611.1701551365
   120         14850.0838450262
   121         15090.9968600542
   122         15333.9091520905
   123         15578.8206738039
   124         15825.7313785889
   125         16074.6412205657
   126         16325.5501544683
   127         16578.4581356864
   128         16833.3651201622
   129         17090.2710643789
   130         17349.1759253471
   131         17610.0796605173
   132         17872.9822278137
   133         18137.8835855574
   134         18404.7836924747
   135         18673.6825076399
   136         18944.5799904689
   137         19217.4761006947
   138         19492.3707983328
   139         19769.2640436738
   140         20048.1557972740
   141         20329.0460199014
   142         20611.9346725453
   143         20896.8217163951
   144         21183.7071128208
   145         21472.5908233429
   146         21763.4728096548
   147         22056.3530335604
   148         22351.2314570015
   149         22648.1080420276
   150         22946.9827507962
   151         23247.8555455219
   152         23550.7263885190
   153         23855.5952421532
   154         24162.4620688577
   155         24471.3268310847
   156         24782.1894913548
   157         25095.0500121736
   158         25409.9083561022
   159         25726.7644856939
   160         26045.6183635011
   161         26366.4699520755
   162         26689.3192139634
   163         27014.1661116750
   164         27341.0106077147
   165         27669.8526645303
   166         28000.6922445490
   167         28333.5293101508
   168         28668.3638236716
   169         29005.1957473691
   170         29344.0250434761
   171         29684.8516741392
   172         30027.6756014429
   173         30372.4967873907
   174         30719.3151939183
   175         31068.1307828759
   176         31418.9435160305
   177         31771.7533550523
   178         32126.5602615213
   179         32483.3641969296
   180         32842.1651226594
   181         33202.9629999958
   182         33565.7577901087
   183         33930.5494540802
   184         34297.3379528520
   185         34666.1232472698
   186         35036.9052980672
   187         35409.6840658284
   188         35784.4595110486
   189         36161.2315940845
   190         36540.0002751642
   191         36920.7655143883
   192         37303.5272717197
   193         37688.2855070105
   194         38075.0401799490
   195         38463.7912501069
   196         38854.5386769069
   197         39247.2824196309
   198         39642.0224374228
   199         40038.7586892724
   200         40437.4911340471
   201         40838.2197304468
   202         41240.9444370211
   203         41645.6652121832
   204         42052.3820141916
   205         42461.0948011370
   206         42871.8035309808
   207         43284.5081615059
   208         43699.2086503559
   209         44115.9049550056
   210         44534.5970327825
   211         44955.2848408397
   212         45377.9683361823
   213         45802.6474756430
   214         46229.3222158991
   215         46657.9925134611
   216         47088.6583246819
   217         47521.3196057310
   218         47955.9763126345
   219         48392.6284012321
   220         48831.2758272056
   221         49271.9185460731
   222         49714.5565131644
   223         50159.1896836562
   224         50605.8180125453
   225         51054.4414546620
   226         51505.0599646612
   227         51957.6734970293
   228         52412.2820060645
   229         52868.8854459190
   230         53327.4837705361
   231         53788.0769337068
   232         54250.6648890438
   233         54715.2475899687
   234         55181.8249897581
   235         55650.3970414703
   236         56120.9636980045
   237         56593.5249120939
   238         57068.0806362730
   239         57544.6308229094
   240         58023.1754241908
   241         58503.7143921127
   242         58986.2476784949
   243         59470.7752349933
   244         59957.2970130498
   245         60445.8129639661
   246         60936.3230388195
   247         61428.8271885307
   248         61923.3253638338
   249         62419.8175152785
   250         62918.3035932277
   251         63418.7835478554
   252         63921.2573291654
   253         64425.7248869699
   254         64932.1861709005
   255         65440.6411303930
   256         65951.0897147115
   257         66463.5318729306
   258         66977.9675539301
   259         67494.3967064157
   260         68012.8192789023
   261         68533.2352197170
   262         69055.6444770046
   263         69580.0469987175
   264         70106.4427326244
   265         70634.8316263000
   266         71165.2136271433
   267         71697.5886823643
   268         72231.9567389730
   269         72768.3177438026
   270         73306.6716434958
   271         73847.0183845011
   272         74389.3579130781
   273         74933.6901753092
   274         75480.0151170813
   275         76028.3326840867
   276         76578.6428218372
   277         77130.9454756500
   278         77685.2405906579
   279         78241.5281117895
   280         78799.8079838032
   281         79360.0801512591
   282         79922.3445585247
   283         80486.6011497780
   284         81052.8498690026
   285         81621.0906600038
   286         82191.3234663876
   287         82763.5482315650
   288         83337.7648987640
   289         83913.9734110289
   290         84492.1737111993
   291         85072.3657419128
   292         85654.5494456454
   293         86238.7247646672
   294         86824.8916410470
   295         87413.0500166843
   296         88003.1998332647
   297         88595.3410322896
   298         89189.4735550775
   299         89785.5973427435
   300         90383.7123362175
   301         90983.8184762344
   302         91585.9157033404
   303         92190.0039578833
   304         92796.0831800070
   305         93404.1533097040
   306         94014.2142867315
   307         94626.2660506714
   308         95240.3085409136
   309         95856.3416966558
   310         96474.3654569022
   311         97094.3797604596
   312         97716.3845459437
   313         98340.3797517872
   314         98966.3653162089
   315         99594.3411772520
   316        100224.3072727653
   317        100856.2635403985
   318        101490.2099176045
   319        102126.1463416561
   320        102764.0727496217
   321        103403.9890783833
   322        104045.8952646187
   323        104689.7912448245
   324        105335.6769552985
   325        105983.5523321454
   326        106633.4173112744
   327        107285.2718284080
   328        107939.1158190603
   329        108594.9492185714
   330        109252.7719620647
   331        109912.5839844961
   332        110574.3852206027
   333        111238.1756049468
   334        111903.9550718795
   335        112571.7235555796
   336        113241.4809900144
   337        113913.2273089536
   338        114586.9624459922
   339        115262.6863345187
   340        115940.3989077308
   341        116620.1000986207
   342        117301.7898400116
   343        117985.4680645042
   344        118671.1347045226
   345        119358.7896922928
   346        120048.4329598377
   347        120740.0644390072
   348        121433.6840614411
   349        122129.2917585733
   350        122826.8874616701
   351        123526.4711017871
   352        124228.0426097923
   353        124931.6019163424
   354        125637.1489519245
   355        126344.6836468245
   356        127054.2059311203
   357        127765.7157347029
   358        128479.2129872710
   359        129194.6976183286
   360        129912.1695571860
   361        130631.6287329554
   362        131353.0750745532
   363        132076.5085107042
   364        132801.9289699410
   365        133529.3363806028
   366        134258.7306708155
   367        134990.1117685378
   368        135723.4796015173
   369        136458.8340973030
   370        137196.1751832629
   371        137935.5027865679
   372        138676.8168341807
   373        139420.1172528837
   374        140165.4039692537
   375        140912.6769096924
   376        141661.9360003774
   377        142413.1811673096
   378        143166.4123362901
   379        143921.6294329368
   380        144678.8323826524
   381        145438.0211106616
   382        146199.1955419864
   383        146962.3556014457
   384        147727.5012136958
   385        148494.6323031517
   386        149263.7487940686
   387        150034.8506104936
   388        150807.9376762832
   389        151583.0099150901
   390        152360.0672503864
   391        153139.1096054329
   392        153920.1369033105
   393        154703.1490668921
   394        155488.1460188723
   395        156275.1276817292
   396        157064.0939777669
   397        157855.0448290750
   398        158647.9801575654
   399        159442.8998849447
   400        160239.8039327233
   401        161038.6922222249
   402        161839.5646745736
   403        162642.4212107000
   404        163447.2617513306
   405        164254.0862170201
   406        165062.8945280992
   407        165873.6866047214
   408        166686.4623668381
   409        167501.2217342160
   410        168317.9646264122
   411        169136.6909628006
   412        169957.4006625466
   413        170780.0936446429
   414        171604.7698278688
   415        172431.4291308047
   416        173260.0714718513
   417        174090.6967692123
   418        174923.3049408764
   419        175757.8959046676
   420        176594.4695781982
   421        177433.0258788858
   422        178273.5647239495
   423        179116.0860304189
   424        179960.5897151302
   425        180807.0756947153
   426        181655.5438856334
   427        182505.9942041193
   428        183358.4265662384
   429        184212.8408878320
   430        185069.2370845796
   431        185927.6150719387
   432        186787.9747651910
   433        187650.3160794175
   434        188514.6389294917
   435        189380.9432300984
   436        190249.2288957502
   437        191119.4958407308
   438        191991.7439791457
   439        192865.9732249042
   440        193742.1834917212
   441        194620.3746931079
   442        195500.5467423950
   443        196382.6995527135
   444        197266.8330369907
   445        198152.9471079669
   446        199041.0416781845
   447        199931.1166599943
   448        200823.1719655447
   449        201717.2075068013
   450        202613.2231955233
   451        203511.2189432771
   452        204411.1946614401
   453        205313.1502611860
   454        206217.0856535019
   455        207123.0007491798
   456        208030.8954588055
   457        208940.7696927800
   458        209852.6233613131
   459        210766.4563744049
   460        211682.2686418754
   461        212600.0600733403
   462        213519.8305782252
   463        214441.5800657574
   464        215365.3084449682
   465        216291.0156247025
   466        217218.7015136059
   467        218148.3660201227
   468        219080.0090525084
   469        220013.6305188293
   470        220949.2303269354
   471        221886.8083845093
   472        222826.3645990218
   473        223767.8988777481
   474        224711.4111277749
   475        225656.9012560049
   476        226604.3691691211
   477        227553.8147736307
   478        228505.2379758280
   479        229458.6386818336
   480        230414.0167975613
   481        231371.3722287393
   482        232330.7048808779
   483        233292.0146593233
   484        234255.3014692081
   485        235220.5652154762
   486        236187.8058028663
   487        237157.0231359329
   488        238128.2171190455
   489        239101.3876563554
   490        240076.5346518299
   491        241053.6580092540
   492        242032.7576321923
   493        243013.8334240383
   494        243996.8852879711
   495        244981.9131270029
   496        245968.9168439088
   497        246957.8963413133
   498        247948.8515216188
   499        248941.7822870453
   500        249936.6885396055
   501        250933.5701811353
   502        251932.4271132571
   503        252933.2592374115
   504        253936.0664548419
   505        254940.8486665905
   506        255947.6057735131
   507        256956.3376762670
   508        257967.0442753206
   509        258979.7254709335
   510        259994.3811631923
   511        261011.0112519613
   512        262029.6156369415
   513        263050.1942176103
   514        264072.7468932669
   515        265097.2735630079
   516        266123.7741257514
   517        267152.2484802022
   518        268182.6965248786
   519        269215.1181581051
   520        270249.5132780063
   521        271285.8817825165
   522        272324.2235693837
   523        273364.5385361415
   524        274406.8265801451
   525        275451.0875985512
   526        276497.3214883123
   527        277545.5281462113
   528        278595.7074688021
   529        279647.8593524719
   530        280701.9836934037
   531        281758.0803875902
   532        282816.1493308137
   533        283876.1904186881
   534        284938.2035466098
   535        286002.1886097930
   536        287068.1455032513
   537        288136.0741218120
   538        289205.9743601010
   539        290277.8461125533
   540        291351.6892733973
   541        292427.5037366969
   542        293505.2893962893
   543        294585.0461458305
   544        295666.7738787897
   545        296750.4724884257
   546        297836.1418678168
   547        298923.7819098401
   548        300013.3925071787
   549        301104.9735523275
   550        302198.5249375748
   551        303294.0465550354
   552        304391.5382966039
   553        305491.0000539927
   554        306592.4317187272
   555        307695.8331821301
   556        308801.2043353360
   557        309908.5450692748
   558        311017.8552746950
   559        312129.1348421363
   560        313242.3836619515
   561        314357.6016243066
   562        315474.7886191663
   563        316593.9445362944
   564        317715.0692652765
   565        318838.1626954956
   566        319963.2247161352
   567        321090.2552161900
   568        322219.2540844628
   569        323350.2212095580
   570        324483.1564798923
   571        325618.0597836758
   572        326754.9310089410
   573        327893.7700435108
   574        329034.5767750195
   575        330177.3510909228
   576        331322.0928784548
   577        332468.8020246773
   578        333617.4784164402
   579        334768.1219404224
   580        335920.7324830873
   581        337075.3099307131
   582        338231.8541693875
   583        339390.3650850039
   584        340550.8425632454
   585        341713.2864896299
   586        342877.6967494489
   587        344044.0732278324
   588        345212.4158096890
   589        346382.7243797525
   590        347554.9988225565
   591        348729.2390224290
   592        349905.4448635296
   593        351083.6162297931
   594        352263.7530049846
   595        353445.8550726731
   596        354629.9223162219
   597        355815.9546188046
   598        357003.9518634139
   599        358193.9139328253
   600        359385.8407096338
   601        360579.7320762473
   602        361775.5879148698
   603        362973.4081075116
   604        364173.1925360005
   605        365374.9410819565
   606        366578.6536268123
   607        367784.3300518045
   608        368991.9702379708
   609        370201.5740661732
   610        371413.1414170678
   611        372626.6721711138
   612        373842.1662085813
   613        375059.6234095517
   614        376279.0436539032
   615        377500.4268213257
   616        378723.7727913087
   617        379949.0814431621
   618        381176.3526559977
   619        382405.5863087233
   620        383636.7822800589
   621        384869.9404485386
   622        386105.0606924889
   623        387342.1428900499
   624        388581.1869191770
   625        389822.1926576195
   626        391065.1599829398
   627        392310.0887724943
   628        393556.9789034727
   629        394805.8302528401
   630        396056.6426973944
   631        397309.4161137174
   632        398564.1503782202
   633        399820.8453670958
   634        401079.5009563671
   635        402340.1170218439
   636        403602.6934391657
   637        404867.2300837548
   638        406133.7268308555
   639        407402.1835555094
   640        408672.6001325695
   641        409944.9764366914
   642        411219.3123423537
   643        412495.6077238199
   644        413773.8624551684
   645        415054.0764102934
   646        416336.2494628785
   647        417620.3814864262
   648        418906.4723542466
   649        420194.5219394426
   650        421484.5301149479
   651        422776.4967534882
   652        424070.4217275850
   653        425366.3049095869
   654        426664.1461716431
   655        427963.9453857011
   656        429265.7024235286
   657        430569.4171566955
   658        431875.0894565650
   659        433182.7191943270
   660        434492.3062409717
   661        435803.8504672978
   662        437117.3517438940
   663        438432.8099411771
   664        439750.2249293678
   665        441069.5965784891
   666        442390.9247583640
   667        443714.2093386357
   668        445039.4501887463
   669        446366.6471779559
   670        447695.8001753133
   671        449026.9090496887
   672        450359.9736697568
   673        451694.9939039942
   674        453031.9696206798
   675        454370.9006879196
   676        455711.7869736090
   677        457054.6283454604
   678        458399.4246709865
   679        459746.1758175109
   680        461094.8816521646
   681        462445.5420418771
   682        463798.1568534034
   683        465152.7259532964
   684        466509.2492079027
   685        467867.7264833914
   686        469228.1576457421
   687        470590.5425607302
   688        471954.8810939439
   689        473321.1731107779
   690        474689.4184764410
   691        476059.6170559283
   692        477431.7687140685
   693        478805.8733154877
   694        480181.9307246125
   695        481559.9408056819
   696        482939.9034227358
   697        484321.8184396440
   698        485705.6857200539
   699        487091.5051274410
   700        488479.2765250801
   701        489868.9997760521
   702        491260.6747432461
   703        492654.3012893737
   704        494049.8792769238
   705        495447.4085682197
   706        496846.8890253821
   707        498248.3205103339
   708        499651.7028848188
   709        501057.0360103771
   710        502464.3197483529
   711        503873.5539599157
   712        505284.7385060290
   713        506697.8732474598
   714        508112.9580447993
   715        509529.9927584326
   716        510948.9772485590
   717        512369.9113751722
   718        513792.7949981005
   719        515217.6279769530
   720        516644.4101711610
   721        518073.1414399604
   722        519503.8216423866
   723        520936.4506372982
   724        522371.0282833578
   725        523807.5544390253
   726        525246.0289625727
   727        526686.4517120845
   728        528128.8225454570
   729        529573.1413203774
   730        531019.4078943598
   731        532467.6221247107
   732        533917.7838685535
   733        535369.8929828219
   734        536823.9493242414
   735        538279.9527493680
   736        539737.9031145482
   737        541197.8002759458
   738        542659.6440895320
   739        544123.4344110759
   740        545589.1710961673
   741        547056.8540001988
   742        548526.4829783709
   743        549998.0578856894
   744        551471.5785769762
   745        552947.0449068480
   746        554424.4567297453
   747        555903.8138999060
   748        557385.1162713796
   749        558868.3636980199
   750        560353.5560335005
   751        561840.6931312928
   752        563329.7748446706
   753        564820.8010267293
   754        566313.7715303598
   755        567808.6862082781
   756        569305.5449129912
   757        570804.3474968320
   758        572305.0938119201
   759        573807.7837101934
   760        575312.4170434143
   761        576818.9936631229
   762        578327.5134206883
   763        579837.9761672831
   764        581350.3817538883
   765        582864.7300312927
   766        584381.0208500894
   767        585899.2540606904
   768        587419.4295133064
   769        588941.5470579594
   770        590465.6065444830
   771        591991.6078225082
   772        593519.5507414922
   773        595049.4351506896
   774        596581.2608991601
   775        598115.0278357839
   776        599650.7358092332
   777        601188.3846680055
   778        602727.9742603924
   779        604269.5044345101
   780        605812.9750382755
   781        607358.3859194035
   782        608905.7369254243
   783        610455.0279036955
   784        612006.2587013554
   785        613559.4291653589
   786        615114.5391424822
   787        616671.5884792996
   788        618230.5770221980
   789        619791.5046173686
   790        621354.3711108082
   791        622919.1763483363
   792        624485.9201755669
   793        626054.6024379289
   794        627625.2229806653
   795        629197.7816488191
   796        630772.2782872368
   797        632348.7127405922
   798        633927.0848533529
   799        635507.3944698051
   800        637089.6414340297
   801        638673.8255899344
   802        640259.9467812192
   803        641848.0048514126
   804        643437.9996438348
   805        645029.9310016179
   806        646623.7987677049
   807        648219.6027848518
   808        649817.3428956219
   809        651417.0189423816
   810        653018.6307673126
   811        654622.1782124018
   812        656227.6611194462
   813        657835.0793300575
   814        659444.4326856480
   815        661055.7210274413
   816        662668.9441964761
   817        664284.1020335908
   818        665901.1943794396
   819        667520.2210744835
   820        669141.1819589968
   821        670764.0768730536
   822        672388.9056565484
   823        674015.6681491772
   824        675644.3641904426
   825        677274.9936196711
   826        678907.5562759816
   827        680542.0519983064
   828        682178.4806254022
   829        683816.8419958083
   830        685457.1359479050
   831        687099.3623198519
   832        688743.5209496348
   833        690389.6116750437
   834        692037.6343336836
   835        693687.5887629602
   836        695339.4748000958
   837        696993.2922821158
   838        698649.0410458654
   839        700306.7209279825
   840        701966.3317649297
   841        703627.8733929775
   842        705291.3456482014
   843        706956.7483664784
   844        708624.0813835207
   845        710293.3445348179
   846        711964.5376556927
   847        713637.6605812698
   848        715312.7131464829
   849        716989.6951860718
   850        718668.6065345943
   851        720349.4470264080
   852        722032.2164956856
   853        723716.9147764166
   854        725403.5417023812
   855        727092.0971072007
   856        728782.5808242635
   857        730474.9926868087
   858        732169.3325278612
   859        733865.6001802622
   860        735563.7954766571
   861        737263.9182495135
   862        738965.9683310968
   863        740669.9455534944
   864        742375.8497485836
   865        744083.6807480839
   866        745793.4383834827
   867        747505.1224861178
   868        749218.7328871140
   869        750934.2694174073
   870        752651.7319077476
   871        754371.1201886957
   872        756092.4340906242
   873        757815.6734437186
   874        759540.8380779524
   875        761267.9278231353
   876        762996.9425088810
   877        764727.8819646027
   878        766460.7460195335
   879        768195.5345027153
   880        769932.2472429904
   881        771670.8840690338
   882        773411.4448093018
   883        775153.9292920866
   884        776898.3373454666
   885        778644.6687973593
   886        780392.9234754650
   887        782143.1012073098
   888        783895.2018202284
   889        785649.2251413624
   890        787405.1709976572
   891        789163.0392158842
   892        790922.8296226133
   893        792684.5420442335
   894        794448.1763069313
   895        796213.7322367213
   896        797981.2096594106
   897        799750.6084006303
   898        801521.9282858099
   899        803295.1691401992
   900        805070.3307888565
   901        806847.4130566503
   902        808626.4157682521
   903        810407.3387481595
   904        812190.1818206658
   905        813974.9448098859
   906        815761.6275397380
   907        817550.2298339483
   908        819340.7515160646
   909        821133.1924094369
   910        822927.5523372256
   911        824723.8311224070
   912        826522.0285877662
   913        828322.1445558935
   914        830124.1788492013
   915        831928.1312899025
   916        833734.0017000237
   917        835541.7899014073
   918        837351.4957156967
   919        839163.1189643501
   920        840976.6594686494
   921        842792.1170496624
   922        844609.4915282906
   923        846428.7827252309
   924        848249.9904610023
   925        850073.1145559240
   926        851898.1548301391
   927        853725.1111035878
   928        855553.9831960314
   929        857384.7709270406
   930        859217.4741159927
   931        861052.0925820784
   932        862888.6261442994
   933        864727.0746214685
   934        866567.4378322100
   935        868409.7155949648
   936        870253.9077279676
   937        872100.0140492878
   938        873948.0343767859
   939        875797.9685281428
   940        877649.8163208526
   941        879503.5775722128
   942        881359.2520993424
   943        883216.8397191670
   944        885076.3402484143
   945        886937.7535036382
   946        888801.0793011874
   947        890666.3174572487
   948        892533.4677877922
   949        894402.5301086125
   950        896273.5042353132
   951        898146.3899833095
   952        900021.1871678319
   953        901897.8956039110
   954        903776.5151064034
   955        905657.0454899628
   956        907539.4865690676
   957        909423.8381579999
   958        911310.1000708566
   959        913198.2721215442
   960        915088.3541237821
   961        916980.3458910964
   962        918874.2472368326
   963        920770.0579741390
   964        922667.7779159956
   965        924567.4068751623
   966        926468.9446642341
   967        928372.3910956082
   968        930277.7459815008
   969        932185.0091339325
   970        934094.1803647409
   971        936005.2594855708
   972        937918.2463078860
   973        939833.1406429495
   974        941749.9423018427
   975        943668.6510954669
   976        945589.2668345295
   977        947511.7893295387
   978        949436.2183908344
   979        951362.5538285513
   980        953290.7954526498
   981        955220.9430728833
   982        957152.9964988404
   983        959086.9555399050
   984        961022.8200052816
   985        962960.5897039875
   986        964900.2644448414
   987        966841.8440364824
   988        968785.3282873605
   989        970730.7170057396
   990        972678.0099996942
   991        974627.2070771061
   992        976578.3080456784
   993        978531.3127129178
   994        980486.2208861489
   995        982443.0323725042
   996        984401.7469789344
   997        986362.3645121962
   998        988324.8847788629
   999        990289.3075853188
  1000        992255.6327377568
  1001        994223.8600421837
  1002        996193.9893044228
  1003        998166.0203301156
  1004       1000139.9529246920
  1005       1002115.7868934179
  1006       1004093.5220413691
  1007       1006073.1581734213
  1008       1008054.6950942753
  1009       1010038.1326084345
  1010       1012023.4705202167
  1011       1014010.7086337518
  1012       1015999.8467529996
  1013       1017990.8846817106
  1014       1019983.8222234485
  1015       1021978.6591816040
  1016       1023975.3953593702
  1017       1025974.0305597547
  1018       1027974.5645855819
  1019       1029976.9972394827
  1020       1031981.3283239031
  1021       1033987.5576411036
  1022       1035995.6849931584
  1023       1038005.7101819431
  1024       1040017.6330091606
  1025       1042031.4532763282
  1026       1044047.1707847521
  1027       1046064.7853355788
  1028       1048084.2967297527
  1029       1050105.7047680481
  1030       1052129.0092510206
  1031       1054154.2099790678
  1032       1056181.3067523867
  1033       1058210.2993709941
  1034       1060241.1876347102
  1035       1062273.9713431760
  1036       1064308.6502958443
  1037       1066345.2242919810
  1038       1068383.6931306676
  1039       1070424.0566107868
  1040       1072466.3145310450
  1041       1074510.4666899620
  1042       1076556.5128858744
  1043       1078604.4529169155
  1044       1080654.2865810422
  1045       1082706.0136760266
  1046       1084759.6339994585
  1047       1086815.1473487285
  1048       1088872.5535210413
  1049       1090931.8523134287
  1050       1092993.0435227246
  1051       1095056.1269455799
  1052       1097121.1023784492
  1053       1099187.9696176127
  1054       1101256.7284591575
  1055       1103327.3786989979
  1056       1105399.9201328401
  1057       1107474.3525562182
  1058       1109550.6757644673
  1059       1111628.8895527495
  1060       1113708.9937160418
  1061       1115790.9880491134
  1062       1117874.8723465730
  1063       1119960.6464028310
  1064       1122048.3100121077
  1065       1124137.8629684369
  1066       1126229.3050656796
  1067       1128322.6360974864
  1068       1130417.8558573490
  1069       1132514.9641385588
  1070       1134613.9607342186
  1071       1136714.8454372396
  1072       1138817.6180403712
  1073       1140922.2783361545
  1074       1143028.8261169484
  1075       1145137.2611749270
  1076       1147247.5833020841
  1077       1149359.7922902138
  1078       1151473.8879309364
  1079       1153589.8700156885
  1080       1155707.7383357044
  1081       1157827.4926820435
  1082       1159949.1328455887
  1083       1162072.6586170085
  1084       1164198.0697868133
  1085       1166325.3661453191
  1086       1168454.5474826498
  1087       1170585.6135887420
  1088       1172718.5642533610
  1089       1174853.3992660732
  1090       1176990.1184162598
  1091       1179128.7214931226
  1092       1181269.2082856705
  1093       1183411.5785827318
  1094       1185555.8321729545
  1095       1187701.9688447760
  1096       1189849.9883864813
  1097       1191999.8905861452
  1098       1194151.6752316728
  1099       1196305.3421107677
  1100       1198460.8910109638
  1101       1200618.3217195906
  1102       1202777.6340238135
  1103       1204938.8277105996
  1104       1207101.9025667328
  1105       1209266.8583788057
  1106       1211433.6949332356
  1107       1213602.4120162504
  1108       1215773.0094138936
  1109       1217945.4869120112
  1110       1220119.8442962843
  1111       1222296.0813521915
  1112       1224474.1978650349
  1113       1226654.1936199241
  1114       1228836.0684017946
  1115       1231019.8219953862
  1116       1233205.4541852593
  1117       1235392.9647557829
  1118       1237582.3534911445
  1119       1239773.6201753514
  1120       1241966.7645922108
  1121       1244161.7865253685
  1122       1246358.6857582559
  1123       1248557.4620741403
  1124       1250758.1152561011
  1125       1252960.6450870258
  1126       1255165.0513496145
  1127       1257371.3338264036
  1128       1259579.4922997099
  1129       1261789.5265516976
  1130       1264001.4363643241
  1131       1266215.2215193715
  1132       1268430.8817984352
  1133       1270648.4169829246
  1134       1272867.8268540655
  1135       1275089.1111928967
  1136       1277312.2697802796
  1137       1279537.3023968795
  1138       1281764.2088231831
  1139       1283992.9888394871
  1140       1286223.6422259146
  1141       1288456.1687623910
  1142       1290690.5682286655
  1143       1292926.8404042989
  1144       1295164.9850686686
  1145       1297405.0020009649
  1146       1299646.8909801941
  1147       1301890.6517851858
  1148       1304136.2841945684
  1149       1306383.7879868031
  1150       1308633.1629401543
  1151       1310884.4088327063
  1152       1313137.5254423565
  1153       1315392.5125468234
  1154       1317649.3699236403
  1155       1319908.0973501469
  1156       1322168.6946035062
  1157       1324431.1614606972
  1158       1326695.4976985126
  1159       1328961.7030935560
  1160       1331229.7774222502
  1161       1333499.7204608412
  1162       1335771.5319853865
  1163       1338045.2117717436
  1164       1340320.7595956107
  1165       1342598.1752324821
  1166       1344877.4584576760
  1167       1347158.6090463323
  1168       1349441.6267733970
  1169       1351726.5114136324
  1170       1354013.2627416230
  1171       1356301.8805317653
  1172       1358592.3645582639
  1173       1360884.7145951570
  1174       1363178.9304162825
  1175       1365475.0117953101
  1176       1367772.9585057069
  1177       1370072.7703207626
  1178       1372374.4470136007
  1179       1374677.9883571253
  1180       1376983.3941240890
  1181       1379290.6640870469
  1182       1381599.7980183652
  1183       1383910.7956902422
  1184       1386223.6568746765
  1185       1388538.3813434883
  1186       1390854.9688683175
  1187       1393173.4192206138
  1188       1395493.7321716514
  1189       1397815.9074925110
  1190       1400139.9449540987
  1191       1402465.8443271285
  1192       1404793.6053821347
  1193       1407123.2278894742
  1194       1409454.7116193108
  1195       1411788.0563416253
  1196       1414123.2618262160
  1197       1416460.3278427050
  1198       1418799.2541605243
  1199       1421140.0405489248
  1200       1423482.6867769670
  1201       1425827.1926135358
  1202       1428173.5578273302
  1203       1430521.7821868660
  1204       1432871.8654604726
  1205       1435223.8074163017
  1206       1437577.6078223190
  1207       1439933.2664463024
  1208       1442290.7830558533
  1209       1444650.1574183863
  1210       1447011.3893011326
  1211       1449374.4784711422
  1212       1451739.4246952799
  1213       1454106.2277402326
  1214       1456474.8873724889
  1215       1458845.4033583754
  1216       1461217.7754640111
  1217       1463592.0034553632
  1218       1465968.0870981861
  1219       1468346.0261580672
  1220       1470725.8204004078
  1221       1473107.4695904278
  1222       1475490.9734931553
  1223       1477876.3318734432
  1224       1480263.5444959644
  1225       1482652.6111251996
  1226       1485043.5315254529
  1227       1487436.3054608433
  1228       1489830.9326953075
  1229       1492227.4129926041
  1230       1494625.7461162976
  1231       1497025.9318297810
  1232       1499427.9698962609
  1233       1501831.8600787562
  1234       1504237.6021401100
  1235       1506645.1958429776
  1236       1509054.6409498376
  1237       1511465.9372229716
  1238       1513879.0844245057
  1239       1516294.0823163555
  1240       1518710.9306602704
  1241       1521129.6292178060
  1242       1523550.1777503479
  1243       1525972.5760190906
  1244       1528396.8237850466
  1245       1530822.9208090522
  1246       1533250.8668517515
  1247       1535680.6616736134
  1248       1538112.3050349234
  1249       1540545.7966957851
  1250       1542981.1364161163
  1251       1545418.3239556539
  1252       1547857.3590739518
  1253       1550298.2415303905
  1254       1552740.9710841498
  1255       1555185.5474942441
  1256       1557631.9705195013
  1257       1560080.2399185621
  1258       1562530.3554498923
  1259       1564982.3168717623
  1260       1567436.1239422818
  1261       1569891.7764193618
  1262       1572349.2740607338
  1263       1574808.6166239469
  1264       1577269.8038663815
  1265       1579732.8355452127
  1266       1582197.7114174555
  1267       1584664.4312399197
  1268       1587132.9947692666
  1269       1589603.4017619430
  1270       1592075.6519742319
  1271       1594549.7451622228
  1272       1597025.6810818380
  1273       1599503.4594888028
  1274       1601983.0801386724
  1275       1604464.5427868103
  1276       1606947.8471884143
  1277       1609432.9930984876
  1278       1611919.9802718421
  1279       1614408.8084631267
  1280       1616899.4774268121
  1281       1619391.9869171598
  1282       1621886.3366882810
  1283       1624382.5264940900
  1284       1626880.5560883086
  1285       1629380.4252245019
  1286       1631882.1336560368
  1287       1634385.6811361057
  1288       1636891.0674177126
  1289       1639398.2922536908
  1290       1641907.3553966787
  1291       1644418.2565991490
  1292       1646930.9956133782
  1293       1649445.5721914652
  1294       1651961.9860853364
  1295       1654480.2370467328
  1296       1657000.3248272084
  1297       1659522.2491781290
  1298       1662046.0098507081
  1299       1664571.6065959537
  1300       1667099.0391646952
  1301       1669628.3073075861
  1302       1672159.4107751006
  1303       1674692.3493175278
  1304       1677227.1226849745
  1305       1679763.7306273698
  1306       1682302.1728944553
  1307       1684842.4492358016
  1308       1687384.5594007962
  1309       1689928.5031386402
  1310       1692474.2801983587
  1311       1695021.8903287833
  1312       1697571.3332785913
  1313       1700122.6087962503
  1314       1702675.7166300691
  1315       1705230.6565281581
  1316       1707787.4282384610
  1317       1710346.0315087391
  1318       1712906.4660865632
  1319       1715468.7317193304
  1320       1718032.8281542559
  1321       1720598.7551383758
  1322       1723166.5124185442
  1323       1725736.0997414347
  1324       1728307.5168535358
  1325       1730880.7635011713
  1326       1733455.8394304689
  1327       1736032.7443873705
  1328       1738611.4781176595
  1329       1741192.0403669206
  1330       1743774.4308805685
  1331       1746358.6494038247
  1332       1748944.6956817477
  1333       1751532.5694592025
  1334       1754122.2704808793
  1335       1756713.7984912901
  1336       1759307.1532347577
  1337       1761902.3344554356
  1338       1764499.3418972883
  1339       1767098.1753041034
  1340       1769698.8344194931
  1341       1772301.3189868825
  1342       1774905.6287495133
  1343       1777511.7634504654
  1344       1780119.7228326225
  1345       1782729.5066386792
  1346       1785341.1146111793
  1347       1787954.5464924630
  1348       1790569.8020247002
  1349       1793186.8809498828
  1350       1795805.7830098066
  1351       1798426.5079461050
  1352       1801049.0555002345
  1353       1803673.4254134530
  1354       1806299.6174268513
  1355       1808927.6312813396
  1356       1811557.4667176495
  1357       1814189.1234763267
  1358       1816822.6012977362
  1359       1819457.8999220848
  1360       1822095.0190893591
  1361       1824733.9585394072
  1362       1827374.7180118773
  1363       1830017.2972462359
  1364       1832661.6959817791
  1365       1835307.9139576140
  1366       1837955.9509126833
  1367       1840605.8065857294
  1368       1843257.4807153377
  1369       1845910.9730398958
  1370       1848566.2832976182
  1371       1851223.4112265473
  1372       1853882.3565645306
  1373       1856543.1190492541
  1374       1859205.6984182184
  1375       1861870.0944087347
  1376       1864536.3067579423
  1377       1867204.3352028064
  1378       1869874.1794800996
  1379       1872545.8393264371
  1380       1875219.3144782365
  1381       1877894.6046717369
  1382       1880571.7096430112
  1383       1883250.6291279355
  1384       1885931.3628622293
  1385       1888613.9105814074
  1386       1891298.2720208254
  1387       1893984.4469156559
  1388       1896672.4350008857
  1389       1899362.2360113282
  1390       1902053.8496816137
  1391       1904747.2757462037
  1392       1907442.5139393646
  1393       1910139.5639952018
  1394       1912838.4256476306
  1395       1915539.0986303904
  1396       1918241.5826770368
  1397       1920945.8775209638
  1398       1923651.9828953620
  1399       1926359.8985332644
  1400       1929069.6241675147
  1401       1931781.1595307768
  1402       1934494.5043555489
  1403       1937209.6583741307
  1404       1939926.6213186581
  1405       1942645.3929210904
  1406       1945365.9729131958
  1407       1948088.3610265735
  1408       1950812.5569926451
  1409       1953538.5605426466
  1410       1956266.3714076388
  1411       1958995.9893185105
  1412       1961727.4140059648
  1413       1964460.6452005175
  1414       1967195.6826325371
  1415       1969932.5260321833
  1416       1972671.1751294453
  1417       1975411.6296541388
  1418       1978153.8893359068
  1419       1980897.9539042034
  1420       1983643.8230883020
  1421       1986391.4966173151
  1422       1989140.9742201604
  1423       1991892.2556255879
  1424       1994645.3405621564
  1425       1997400.2287582636
  1426       2000156.9199421185
  1427       2002915.4138417563
  1428       2005675.7101850375
  1429       2008437.8086996339
  1430       2011201.7091130498
  1431       2013967.4111526057
  1432       2016734.9145454518
  1433       2019504.2190185520
  1434       2022275.3242986945
  1435       2025048.2301124907
  1436       2027822.9361863774
  1437       2030599.4422466196
  1438       2033377.7480192825
  1439       2036157.8532302736
  1440       2038939.7576053198
  1441       2041723.4608699623
  1442       2044508.9627495767
  1443       2047296.2629693560
  1444       2050085.3612543046
  1445       2052876.2573292656
  1446       2055668.9509189012
  1447       2058463.4417476910
  1448       2061259.7295399357
  1449       2064057.8140197727
  1450       2066857.6949111440
  1451       2069659.3719378249
  1452       2072462.8448234133
  1453       2075268.1132913297
  1454       2078075.1770648113
  1455       2080884.0358669262
  1456       2083694.6894205597
  1457       2086507.1374484191
  1458       2089321.3796730442
  1459       2092137.4158167888
  1460       2094955.2456018375
  1461       2097774.8687501834
  1462       2100596.2849836494
  1463       2103419.4940238963
  1464       2106244.4955923981
  1465       2109071.2894104333
  1466       2111899.8751991303
  1467       2114730.2526794369
  1468       2117562.4215720999
  1469       2120396.3815977178
  1470       2123232.1324767070
  1471       2126069.6739292876
  1472       2128909.0056755356
  1473       2131750.1274353182
  1474       2134593.0389283421
  1475       2137437.7398741366
  1476       2140284.2299920572
  1477       2143132.5090012746
  1478       2145982.5766207785
  1479       2148834.4325694134
  1480       2151688.0765658035
  1481       2154543.5083284336
  1482       2157400.7275755852
  1483       2160259.7340253792
  1484       2163120.5273957569
  1485       2165983.1074044756
  1486       2168847.4737691339
  1487       2171713.6262071319
  1488       2174581.5644357116
  1489       2177451.2881719321
  1490       2180322.7971326718
  1491       2183196.0910346420
  1492       2186071.1695943666
  1493       2188948.0325282081
  1494       2191826.6795523432
  1495       2194707.1103827674
  1496       2197589.3247353160
  1497       2200473.3223256348
  1498       2203359.1028692019
  1499       2206246.6660813112
  1500       2209136.0116770859
  1501       2212027.1393714831
  1502       2214920.0488792551
  1503       2217814.7399150142
  1504       2220711.2121931724
  1505       2223609.4654279798
  1506       2226509.4993334925
  1507       2229411.3136236137
  1508       2232314.9080120595
  1509       2235220.2822123659
  1510       2238127.4359378978
  1511       2241036.3689018525
  1512       2243947.0808172417
  1513       2246859.5713968994
  1514       2249773.8403534945
  1515       2252689.8873995184
  1516       2255607.7122472720
  1517       2258527.3146088999
  1518       2261448.6941963667
  1519       2264371.8507214580
  1520       2267296.7838957817
  1521       2270223.4934307798
  1522       2273151.9790376998
  1523       2276082.2404276398
  1524       2279014.2773115123
  1525       2281948.0894000418
  1526       2284883.6764037940
  1527       2287821.0380331515
  1528       2290760.1739983303
  1529       2293701.0840093582
  1530       2296643.7677760967
  1531       2299588.2250082311
  1532       2302534.4554152736
  1533       2305482.4587065550
  1534       2308432.2345912401
  1535       2311383.7827783162
  1536       2314337.1029765815
  1537       2317292.1948946794
  1538       2320249.0582410702
  1539       2323207.6927240426
  1540       2326168.0980517035
  1541       2329130.2739319894
  1542       2332094.2200726648
  1543       2335059.9361813143
  1544       2338027.4219653560
  1545       2340996.6771320202
  1546       2343967.7013883707
  1547       2346940.4944413025
  1548       2349915.0559975244
  1549       2352891.3857635781
  1550       2355869.4834458311
  1551       2358849.3487504730
  1552       2361830.9813835179
  1553       2364814.3810508102
  1554       2367799.5474580214
  1555       2370786.4803106426
  1556       2373775.1793139847
  1557       2376765.6441732068
  1558       2379757.8745932728
  1559       2382751.8702789778
  1560       2385747.6309349462
  1561       2388745.1562656327
  1562       2391744.4459752990
  1563       2394745.4997680513
  1564       2397748.3173478213
  1565       2400752.8984183539
  1566       2403759.2426832318
  1567       2406767.3498458541
  1568       2409777.2196094561
  1569       2412788.8516770960
  1570       2415802.2457516482
  1571       2418817.4015358323
  1572       2421834.3187321723
  1573       2424852.9970430392
  1574       2427873.4361706111
  1575       2430895.6358169056
  1576       2433919.5956837665
  1577       2436945.3154728566
  1578       2439972.7948856745
  1579       2443002.0336235235
  1580       2446033.0313875689
  1581       2449065.7878787704
  1582       2452100.3027979312
  1583       2455136.5758456709
  1584       2458174.6067224466
  1585       2461214.3951285402
  1586       2464255.9407640491
  1587       2467299.2433289029
  1588       2470344.3025228726
  1589       2473391.1180455261
  1590       2476439.6895962893
  1591       2479490.0168743907
  1592       2482542.0995789045
  1593       2485595.9374087155
  1594       2488651.5300625437
  1595       2491708.8772389344
  1596       2494767.9786362611
  1597       2497828.8339527263
  1598       2500891.4428863460
  1599       2503955.8051349884
  1600       2507021.9203963303
  1601       2510089.7883678689
  1602       2513159.4087469433
  1603       2516230.7812307202
  1604       2519303.9055161858
  1605       2522378.7813001531
  1606       2525455.4082792737
  1607       2528533.7861500070
  1608       2531613.9146086611
  1609       2534695.7933513517
  1610       2537779.4220740399
  1611       2540864.8004724979
  1612       2543951.9282423411
  1613       2547040.8050789931
  1614       2550131.4306777199
  1615       2553223.8047336158
  1616       2556317.9269415960
  1617       2559413.7969963974
  1618       2562511.4145926014
  1619       2565610.7794246031
  1620       2568711.8911866369
  1621       2571814.7495727418
  1622       2574919.3542768192
  1623       2578025.7049925686
  1624       2581133.8014135258
  1625       2584243.6432330660
  1626       2587355.2301443690
  1627       2590468.5618404695
  1628       2593583.6380142104
  1629       2596700.4583582692
  1630       2599819.0225651572
  1631       2602939.3303272007
  1632       2606061.3813365591
  1633       2609185.1752852276
  1634       2612310.7118650214
  1635       2615437.9907675795
  1636       2618567.0116843870
  1637       2621697.7743067336
  1638       2624830.2783257579
  1639       2627964.5234324145
  1640       2631100.5093174847
  1641       2634238.2356715896
  1642       2637377.7021851717
  1643       2640518.9085484985
  1644       2643661.8544516684
  1645       2646806.5395846162
  1646       2649952.9636370870
  1647       2653101.1262986702
  1648       2656251.0272587831
  1649       2659402.6662066616
  1650       2662556.0428313795
  1651       2665711.1568218321
  1652       2668868.0078667495
  1653       2672026.5956546920
  1654       2675186.9198740325
  1655       2678348.9802129907
  1656       2681512.7763596051
  1657       2684678.3080017548
  1658       2687845.5748271300
  1659       2691014.5765232709
  1660       2694185.3127775164
  1661       2697357.7832770650
  1662       2700531.9877089257
  1663       2703707.9257599479
  1664       2706885.5971168024
  1665       2710065.0014659953
  1666       2713246.1384938457
  1667       2716429.0078865262
  1668       2719613.6093300176
  1669       2722799.9425101387
  1670       2725988.0071125375
  1671       2729177.8028226979
  1672       2732369.3293259162
  1673       2735562.5863073282
  1674       2738757.5734519018
  1675       2741954.2904444230
  1676       2745152.7369695245
  1677       2748352.9127116557
  1678       2751554.8173550912
  1679       2754758.4505839502
  1680       2757963.8120821738
  1681       2761170.9015335236
  1682       2764379.7186216065
  1683       2767590.2630298454
  1684       2770802.5344415070
  1685       2774016.5325396727
  1686       2777232.2570072617
  1687       2780449.7075270270
  1688       2783668.8837815407
  1689       2786889.7854532101
  1690       2790112.4122242685
  1691       2793336.7637767931
  1692       2796562.8397926716
  1693       2799790.6399536338
  1694       2803020.1639412302
  1695       2806251.4114368530
  1696       2809484.3821217236
  1697       2812719.0756768701
  1698       2815955.4917831835
  1699       2819193.6301213726
  1700       2822433.4903719663
  1701       2825675.0722153289
  1702       2828918.3753316668
  1703       2832163.3994009923
  1704       2835410.1441031746
  1705       2838658.6091178954
  1706       2841908.7941246759
  1707       2845160.6988028605
  1708       2848414.3228316270
  1709       2851669.6658899877
  1710       2854926.7276567756
  1711       2858185.5078106681
  1712       2861446.0060301577
  1713       2864708.2219935819
  1714       2867972.1553791016
  1715       2871237.8058646927
  1716       2874505.1731281932
  1717       2877774.2568472535
  1718       2881045.0566993575
  1719       2884317.5723618120
  1720       2887591.8035117700
  1721       2890867.7498261998
  1722       2894145.4109819140
  1723       2897424.7866555471
  1724       2900705.8765235655
  1725       2903988.6802622732
  1726       2907273.1975477911
  1727       2910559.4280560869
  1728       2913847.3714629551
  1729       2917137.0274440083
  1730       2920428.3956747060
  1731       2923721.4758303356
  1732       2927016.2675860086
  1733       2930312.7706166785
  1734       2933610.9845971130
  1735       2936910.9092019275
  1736       2940212.5441055656
  1737       2943515.8889823016
  1738       2946820.9435062241
  1739       2950127.7073512804
  1740       2953436.1801912342
  1741       2956746.3616996808
  1742       2960058.2515500486
  1743       2963371.8494156040
  1744       2966687.1549694259
  1745       2970004.1678844518
  1746       2973322.8878334258
  1747       2976643.3144889455
  1748       2979965.4475234160
  1749       2983289.2866090946
  1750       2986614.8314180644
  1751       2989942.0816222378
  1752       2993271.0368933543
  1753       2996601.6969029889
  1754       2999934.0613225587
  1755       3003268.1298232982
  1756       3006603.9020762853
  1757       3009941.3777524168
  1758       3013280.5565224341
  1759       3016621.4380569062
  1760       3019964.0220262241
  1761       3023308.3081006305
  1762       3026654.2959501790
  1763       3030001.9852447789
  1764       3033351.3756541503
  1765       3036702.4668478528
  1766       3040055.2584952815
  1767       3043409.7502656667
  1768       3046765.9418280497
  1769       3050123.8328513326
  1770       3053483.4230042389
  1771       3056844.7119553215
  1772       3060207.6993729635
  1773       3063572.3849253808
  1774       3066938.7682806384
  1775       3070306.8491066047
  1776       3073676.6270710067
  1777       3077048.1018413878
  1778       3080421.2730851313
  1779       3083796.1404694561
  1780       3087172.7036614055
  1781       3090550.9623278584
  1782       3093930.9161355351
  1783       3097312.5647509657
  1784       3100695.9078405369
  1785       3104080.9450704651
  1786       3107467.6761067873
  1787       3110856.1006153729
  1788       3114246.2182619497
  1789       3117638.0287120473
  1790       3121031.5316310488
  1791       3124426.7266841563
  1792       3127823.6135364138
  1793       3131222.1918527018
  1794       3134622.4612977072
  1795       3138024.4215359990
  1796       3141428.0722319316
  1797       3144833.4130497240
  1798       3148240.4436534103
  1799       3151649.1637068721
  1800       3155059.5728738005
  1801       3158471.6708177552
  1802       3161885.4572020997
  1803       3165300.9316900382
  1804       3168718.0939446241
  1805       3172136.9436287242
  1806       3175557.4804050429
  1807       3178979.7039361312
  1808       3182403.6138843563
  1809       3185829.2099119304
  1810       3189256.4916808959
  1811       3192685.4588531326
  1812       3196116.1110903355
  1813       3199548.4480540673
  1814       3202982.4694056879
  1815       3206418.1748064258
  1816       3209855.5639173109
  1817       3213294.6363992277
  1818       3216735.3919128934
  1819       3220177.8301188457
  1820       3223621.9506774796
  1821       3227067.7532489994
  1822       3230515.2374934522
  1823       3233964.4030707288
  1824       3237415.2496405388
  1825       3240867.7768624406
  1826       3244321.9843958123
  1827       3247777.8718998735
  1828       3251235.4390336894
  1829       3254694.6854561348
  1830       3258155.6108259396
  1831       3261618.2148016603
  1832       3265082.4970416897
  1833       3268548.4572042506
  1834       3272016.0949474028
  1835       3275485.4099290422
  1836       3278956.4018068886
  1837       3282429.0702385292
  1838       3285903.4148813365
  1839       3289379.4353925586
  1840       3292857.1314292606
  1841       3296336.5026483480
  1842       3299817.5487065432
  1843       3303300.2692604354
  1844       3306784.6639664271
  1845       3310270.7324807532
  1846       3313758.4744594935
  1847       3317247.8895585625
  1848       3320738.9774337080
  1849       3324231.7377404990
  1850       3327726.1701343614
  1851       3331222.2742705466
  1852       3334720.0498041376
  1853       3338219.4963900554
  1854       3341720.6136830607
  1855       3345223.4013377414
  1856       3348727.8590085311
  1857       3352233.9863496814
  1858       3355741.7830153024
  1859       3359251.2486593127
  1860       3362762.3829354928
  1861       3366275.1854974353
  1862       3369789.6559985913
  1863       3373305.7940922230
  1864       3376823.5994314426
  1865       3380343.0716692051
  1866       3383864.2104582787
  1867       3387387.0154512930
  1868       3390911.4863006882
  1869       3394437.6226587575
  1870       3397965.4241776238
  1871       3401494.8905092445
  1872       3405026.0213054228
  1873       3408558.8162177764
  1874       3412093.2748977863
  1875       3415629.3969967365
  1876       3419167.1821657810
  1877       3422706.6300558895
  1878       3426247.7403178681
  1879       3429790.5126023646
  1880       3433334.9465598674
  1881       3436881.0418406841
  1882       3440428.7980949804
  1883       3443978.2149727368
  1884       3447529.2921237927
  1885       3451082.0291977935
  1886       3454636.4258442498
  1887       3458192.4817125020
  1888       3461750.1964517087
  1889       3465309.5697108777
  1890       3468870.6011388684
  1891       3472433.2903843480
  1892       3475997.6370958425
  1893       3479563.6409216914
  1894       3483131.3015101044
  1895       3486700.6185090989
  1896       3490271.5915665329
  1897       3493844.2203301163
  1898       3497418.5044473768
  1899       3500994.4435656965
  1900       3504572.0373322796
  1901       3508151.2853941806
  1902       3511732.1873982716
  1903       3515314.7429912747
  1904       3518898.9518197570
  1905       3522484.8135301038
  1906       3526072.3277685507
  1907       3529661.4941811631
  1908       3533252.3124138475
  1909       3536844.7821123442
  1910       3540438.9029222345
  1911       3544034.6744889328
  1912       3547632.0964577007
  1913       3551231.1684736158
  1914       3554831.8901816118
  1915       3558434.2612264547
  1916       3562038.2812527483
  1917       3565643.9499049266
  1918       3569251.2668272690
  1919       3572860.2316638976
  1920       3576470.8440587539
  1921       3580083.1036556368
  1922       3583697.0100981598
  1923       3587312.5630297996
  1924       3590929.7620938499
  1925       3594548.6069334610
  1926       3598169.0971915992
  1927       3601791.2325110924
  1928       3605415.0125345709
  1929       3609040.4369045394
  1930       3612667.5052633281
  1931       3616296.2172530964
  1932       3619926.5725158509
  1933       3623558.5706934347
  1934       3627192.2114275252
  1935       3630827.4943596330
  1936       3634464.4191311277
  1937       3638102.9853831953
  1938       3641743.1927568684
  1939       3645385.0408930141
  1940       3649028.5294323391
  1941       3652673.6580153941
  1942       3656320.4262825618
  1943       3659968.8338740617
  1944       3663618.8804299575
  1945       3667270.5655901465
  1946       3670923.8889943678
  1947       3674578.8502821946
  1948       3678235.4490930354
  1949       3681893.6850661631
  1950       3685553.5578406425
  1951       3689215.0670554247
  1952       3692878.2123492644
  1953       3696542.9933607695
  1954       3700209.4097283860
  1955       3703877.4610904003
  1956       3707547.1470849407
  1957       3711218.4673499586
  1958       3714891.4215232586
  1959       3718566.0092424764
  1960       3722242.2301450931
  1961       3725920.0838684207
  1962       3729599.5700496244
  1963       3733280.6883256901
  1964       3736963.4383334499
  1965       3740647.8197095818
  1966       3744333.8320905957
  1967       3748021.4751128457
  1968       3751710.7484125090
  1969       3755401.6516256281
  1970       3759094.1843880718
  1971       3762788.3463355280
  1972       3766484.1371035720
  1973       3770181.5563275642
  1974       3773880.6036427431
  1975       3777581.2786841705
  1976       3781283.5810867571
  1977       3784987.5104852347
  1978       3788693.0665141917
  1979       3792400.2488080561
  1980       3796109.0570010748
  1981       3799819.4907273683
  1982       3803531.5496208668
  1983       3807245.2333153547
  1984       3810960.5414444441
  1985       3814677.4736416042
  1986       3818396.0295401355
  1987       3822116.2087731720
  1988       3825838.0109737022
  1989       3829561.4357745433
  1990       3833286.4828083455
  1991       3837013.1517076222
  1992       3840741.4421047010
  1993       3844471.3536317651
  1994       3848202.8859208403
  1995       3851936.0386037841
  1996       3855670.8113122936
  1997       3859407.2036779043
  1998       3863145.2153320042
  1999       3866884.8459058139
  2000       3870626.0950303874
  2001       3874368.9623366361
  2002       3878113.4474552879
  2003       3881859.5500169368
  2004       3885607.2696520039
  2005       3889356.6059907456
  2006       3893107.5586632700
  2007       3896860.1272995109
  2008       3900614.3115292690
  2009       3904370.1109821564
  2010       3908127.5252876552
  2011       3911886.5540750511
  2012       3915647.1969735012
  2013       3919409.4536119942
  2014       3923173.3236193587
  2015       3926938.8066242584
  2016       3930705.9022552087
  2017       3934474.6101405607
  2018       3938244.9299085131
  2019       3942016.8611870818
  2020       3945790.4036041535
  2021       3949565.5567874415
  2022       3953342.3203644967
  2023       3957120.6939627277
  2024       3960900.6772093624
  2025       3964682.2697314839
  2026       3968465.4711560202
  2027       3972250.2811097195
  2028       3976036.6992191998
  2029       3979824.7251109001
  2030       3983614.3584111026
  2031       3987405.5987459421
  2032       3991198.4457413815
  2033       3994992.8990232353
  2034       3998788.9582171491
  2035       4002586.6229486237
  2036       4006385.8928430015
  2037       4010186.7675254396
  2038       4013989.2466209764
  2039       4017793.3297544597
  2040       4021599.0165506010
  2041       4025406.3066339344
  2042       4029215.1996288495
  2043       4033025.6951595754
  2044       4036837.7928501815
  2045       4040651.4923245879
  2046       4044466.7932065311
  2047       4048283.6951196152
  2048       4052102.1976872738
  2049       4055922.3005327955
  2050       4059744.0032792930
  2051       4063567.3055497347
  2052       4067392.2069669249
  2053       4071218.7071535154
  2054       4075046.8057319880
  2055       4078876.5023246873
  2056       4082707.7965537757
  2057       4086540.6880412833
  2058       4090375.1764090648
  2059       4094211.2612788193
  2060       4098048.9422720964
  2061       4101888.2190102832
  2062       4105729.0911146123
  2063       4109571.5582061457
  2064       4113415.6199058075
  2065       4117261.2758343522
  2066       4121108.5256123859
  2067       4124957.3688603467
  2068       4128807.8051985260
  2069       4132659.8342470471
  2070       4136513.4556258847
  2071       4140368.6689548530
  2072       4144225.4738536114
  2073       4148083.8699416616
  2074       4151943.8568383432
  2075       4155805.4341628435
  2076       4159668.6015341976
  2077       4163533.3585712737
  2078       4167399.7048927890
  2079       4171267.6401173091
  2080       4175137.1638632268
  2081       4179008.2757487935
  2082       4182880.9753920957
  2083       4186755.2624110673
  2084       4190631.1364234849
  2085       4194508.5970469732
  2086       4198387.6438989900
  2087       4202268.2765968442
  2088       4206150.4947576812
  2089       4210034.2979984963
  2090       4213919.6859361241
  2091       4217806.6581872553
  2092       4221695.2143684030
  2093       4225585.3540959489
  2094       4229477.0769860866
  2095       4233370.3826548904
  2096       4237265.2707182532
  2097       4241161.7407919103
  2098       4245059.7924914612
  2099       4248959.4254323319
  2100       4252860.6392297959
  2101       4256763.4334989851
  2102       4260667.8078548461
  2103       4264573.7619121959
  2104       4268481.2952856859
  2105       4272390.4075898053
  2106       4276301.0984389139
  2107       4280213.3674471723
  2108       4284127.2142286245
  2109       4288042.6383971404
  2110       4291959.6395664392
  2111       4295878.2173500676
  2112       4299798.3713614522
  2113       4303720.1012138352
  2114       4307643.4065203173
  2115       4311568.2868938334
  2116       4315494.7419471703
  2117       4319422.7712929491
  2118       4323352.3745436491
  2119       4327283.5513116112
  2120       4331216.3012089692
  2121       4335150.6238477388
  2122       4339086.5188397765
  2123       4343023.9857967785
  2124       4346963.0243302919
  2125       4350903.6340516992
  2126       4354845.8145722440
  2127       4358789.5655029844
  2128       4362734.8864548542
  2129       4366681.7770386357
  2130       4370630.2368649142
  2131       4374580.2655441808
  2132       4378531.8626867011
  2133       4382485.0279026572
  2134       4386439.7608020315
  2135       4390396.0609946586
  2136       4394353.9280902212
  2137       4398313.3616982596
  2138       4402274.3614281509
  2139       4406236.9268891020
  2140       4410201.0576901939
  2141       4414166.7534403354
  2142       4418134.0137482788
  2143       4422102.8382226350
  2144       4426073.2264718553
  2145       4430045.1781042218
  2146       4434018.6927278880
  2147       4437993.7699508388
  2148       4441970.4093809016
  2149       4445948.6106257513
  2150       4449928.3732929239
  2151       4453909.6969897877
  2152       4457892.5813235464
  2153       4461877.0259012738
  2154       4465863.0303298691
  2155       4469850.5942161074
  2156       4473839.7171665635
  2157       4477830.3987876978
  2158       4481822.6386857955
  2159       4485816.4364670105
  2160       4489811.7917373115
  2161       4493808.7041025432
  2162       4497807.1731683798
  2163       4501807.1985403392
  2164       4505808.7798238043
  2165       4509811.9166239798
  2166       4513816.6085459478
  2167       4517822.8551945966
  2168       4521830.6561747072
  2169       4525840.0110908616
  2170       4529850.9195475280
  2171       4533863.3811489893
  2172       4537877.3954994008
  2173       4541892.9622027446
  2174       4545910.0808628732
  2175       4549928.7510834476
  2176       4553948.9724680316
  2177       4557970.7446199739
  2178       4561994.0671425164
  2179       4566018.9396387283
  2180       4570045.3617115282
  2181       4574073.3329636808
  2182       4578102.8529978115
  2183       4582133.9214163665
  2184       4586166.5378216701
  2185       4590200.7018158585
  2186       4594236.4130009450
  2187       4598273.6709787939
  2188       4602312.4753510775
  2189       4606352.8257193677
  2190       4610394.7216850314
  2191       4614438.1628493275
  2192       4618483.1488133352
  2193       4622529.6791779939
  2194       4626577.7535440791
  2195       4630627.3715122342
  2196       4634678.5326829264
  2197       4638731.2366564944
  2198       4642785.4830331001
  2199       4646841.2714127665
  2200       4650898.6013953714
  2201       4654957.4725806322
  2202       4659017.8845681064
  2203       4663079.8369572163
  2204       4667143.3293472091
  2205       4671208.3613372054
  2206       4675274.9325261675
  2207       4679343.0425128955
  2208       4683412.6908960463
  2209       4687483.8772741128
  2210       4691556.6012454573
  2211       4695630.8624082804
  2212       4699706.6603606064
  2213       4703783.9947003676
  2214       4707862.8650252735
  2215       4711943.2709329426
  2216       4716025.2120207930
  2217       4720108.6878861394
  2218       4724193.6981261019
  2219       4728280.2423376786
  2220       4732368.3201176934
  2221       4736457.9310628343
  2222       4740549.0747696329
  2223       4744641.7508344837
  2224       4748735.9588535950
  2225       4752831.6984230690
  2226       4756928.9691388281
  2227       4761027.7705966365
  2228       4765128.1023921352
  2229       4769229.9641207913
  2230       4773333.3553779284
  2231       4777438.2757587349
  2232       4781544.7248582095
  2233       4785652.7022712352
  2234       4789762.2075925432
  2235       4793873.2404166972
  2236       4797985.8003381016
  2237       4802099.8869510498
  2238       4806215.4998496445
  2239       4810332.6386278551
  2240       4814451.3028795021
  2241       4818571.4921982447
  2242       4822693.2061776072
  2243       4826816.4444109639
  2244       4830941.2064915067
  2245       4835067.4920123210
  2246       4839195.3005663091
  2247       4843324.6317462437
  2248       4847455.4851447381
  2249       4851587.8603542512
  2250       4855721.7569671040
  2251       4859857.1745754583
  2252       4863994.1127713174
  2253       4868132.5711465580
  2254       4872272.5492928904
  2255       4876414.0468018809
  2256       4880557.0632649418
  2257       4884701.5982733360
  2258       4888847.6514181718
  2259       4892995.2222904209
  2260       4897144.3104809057
  2261       4901294.9155802764
  2262       4905447.0371790510
  2263       4909600.6748676086
  2264       4913755.8282361552
  2265       4917912.4968747552
  2266       4922070.6803733250
  2267       4926230.3783216421
  2268       4930391.5903093182
  2269       4934554.3159258282
  2270       4938718.5547604905
  2271       4942884.3064024579
  2272       4947051.5704407739
  2273       4951220.3464643108
  2274       4955390.6340617742
  2275       4959562.4328217441
  2276       4963735.7423326559
  2277       4967910.5621827692
  2278       4972086.8919602232
  2279       4976264.7312529916
  2280       4980444.0796489026
  2281       4984624.9367356328
  2282       4988807.3021007180
  2283       4992991.1753315413
  2284       4997176.5560153378
  2285       5001363.4437391758
  2286       5005551.8380900091
  2287       5009741.7386546191
  2288       5013933.1450196384
  2289       5018126.0567715671
  2290       5022320.4734967472
  2291       5026516.3947813585
  2292       5030713.8202114673
  2293       5034912.7493729508
  2294       5039113.1818515677
  2295       5043315.1172329094
  2296       5047518.5551024312
  2297       5051723.4950454365
  2298       5055929.9366470799
  2299       5060137.8794923704
  2300       5064347.3231661739
  2301       5068558.2672531828
  2302       5072770.7113379799
  2303       5076984.6550049623
  2304       5081200.0978384009
  2305       5085417.0394224161
  2306       5089635.4793409891
  2307       5093855.4171779212
  2308       5098076.8525169156
  2309       5102299.7849414768
  2310       5106524.2140349988
  2311       5110750.1393807000
  2312       5114977.5605616737
  2313       5119206.4771608654
  2314       5123436.8887610473
  2315       5127668.7949448796
  2316       5131902.1952948375
  2317       5136137.0893932860
  2318       5140373.4768224107
  2319       5144611.3571642758
  2320       5148850.7300007781
  2321       5153091.5949136782
  2322       5157333.9514845880
  2323       5161577.7992949672
  2324       5165823.1379261464
  2325       5170069.9669592660
  2326       5174318.2859753761
  2327       5178568.0945553500
  2328       5182819.3922799025
  2329       5187072.1787296189
  2330       5191326.4534849329
  2331       5195582.2161261449
  2332       5199839.4662333829
  2333       5204098.2033866411
  2334       5208358.4271657700
  2335       5212620.1371504739
  2336       5216883.3329203045
  2337       5221148.0140546663
  2338       5225414.1801328333
  2339       5229681.8307339055
  2340       5233950.9654368525
  2341       5238221.5838205013
  2342       5242493.6854635272
  2343       5246767.2699444573
  2344       5251042.3368416708
  2345       5255318.8857334098
  2346       5259596.9161977619
  2347       5263876.4278126797
  2348       5268157.4201559471
  2349       5272439.8928052252
  2350       5276723.8453380149
  2351       5281009.2773316838
  2352       5285296.1883634320
  2353       5289584.5780103495
  2354       5293874.4458493320
  2355       5298165.7914571781
  2356       5302458.6144105028
  2357       5306752.9142858032
  2358       5311048.6906594094
  2359       5315345.9431075165
  2360       5319644.6712061670
  2361       5323944.8745312812
  2362       5328246.5526586035
  2363       5332549.7051637433
  2364       5336854.3316221675
  2365       5341160.4316091994
  2366       5345468.0047000088
  2367       5349777.0504696267
  2368       5354087.5684929499
  2369       5358399.5583447004
  2370       5362713.0195994815
  2371       5367027.9518317375
  2372       5371344.3546157768
  2373       5375662.2275257548
  2374       5379981.5701356726
  2375       5384302.3820194174
  2376       5388624.6627507107
  2377       5392948.4119031252
  2378       5397273.6290500928
  2379       5401600.3137649018
  2380       5405928.4656207021
  2381       5410258.0841904953
  2382       5414589.1690471265
  2383       5418921.7197633116
  2384       5423255.7359116189
  2385       5427591.2170644579
  2386       5431928.1627941160
  2387       5436266.5726727275
  2388       5440606.4462722568
  2389       5444947.7831645878
  2390       5449290.5829213783
  2391       5453634.8451141985
  2392       5457980.5693144612
  2393       5462327.7550934292
  2394       5466676.4020222323
  2395       5471026.5096718334
  2396       5475378.0776130753
  2397       5479731.1054166406
  2398       5484085.5926530762
  2399       5488441.5388927860
  2400       5492798.9437060338
  2401       5497157.8066629218
  2402       5501518.1273334185
  2403       5505879.9052873608
  2404       5510243.1400944227
  2405       5514607.8313241461
  2406       5518973.9785459209
  2407       5523341.5813289983
  2408       5527710.6392424889
  2409       5532081.1518553561
  2410       5536453.1187364236
  2411       5540826.5394543577
  2412       5545201.4135776982
  2413       5549577.7406748347
  2414       5553955.5203140192
  2415       5558334.7520633461
  2416       5562715.4354907740
  2417       5567097.5701641301
  2418       5571481.1556510795
  2419       5575866.1915191561
  2420       5580252.6773357419
  2421       5584640.6126680914
  2422       5589029.9970833054
  2423       5593420.8301483206
  2424       5597813.1114299819
  2425       5602206.8404949410
  2426       5606602.0169097455
  2427       5610998.6402407698
  2428       5615396.7100542579
  2429       5619796.2259163093
  2430       5624197.1873928998
  2431       5628599.5940498188
  2432       5633003.4454527572
  2433       5637408.7411672492
  2434       5641815.4807586763
  2435       5646223.6637922898
  2436       5650633.2898331834
  2437       5655044.3584463233
  2438       5659456.8691965323
  2439       5663870.8216484850
  2440       5668286.2153667165
  2441       5672703.0499156145
  2442       5677121.3248594366
  2443       5681541.0397622846
  2444       5685962.1941881301
  2445       5690384.7877007937
  2446       5694808.8198639592
  2447       5699234.2902411707
  2448       5703661.1983958073
  2449       5708089.5438911542
  2450       5712519.3262903020
  2451       5716950.5451562321
  2452       5721383.2000517780
  2453       5725817.2905396316
  2454       5730252.8161823340
  2455       5734689.7765422966
  2456       5739128.1711817794
  2457       5743567.9996629059
  2458       5748009.2615476614
  2459       5752451.9563978883
  2460       5756896.0837752707
  2461       5761341.6432413831
  2462       5765788.6343576359
  2463       5770237.0566853052
  2464       5774686.9097855268
  2465       5779138.1932192836
  2466       5783590.9065474346
  2467       5788045.0493306946
  2468       5792500.6211296255
  2469       5796957.6215046607
  2470       5801416.0500160810
  2471       5805875.9062240375
  2472       5810337.1896885401
  2473       5814799.8999694493
  2474       5819264.0366264880
  2475       5823729.5992192449
  2476       5828196.5873071617
  2477       5832665.0004495317
  2478       5837134.8382055294
  2479       5841606.1001341697
  2480       5846078.7857943280
  2481       5850552.8947447557
  2482       5855028.4265440488
  2483       5859505.3807506617
  2484       5863983.7569229174
  2485       5868463.5546189938
  2486       5872944.7733969251
  2487       5877427.4128146125
  2488       5881911.4724298175
  2489       5886396.9518001517
  2490       5890883.8504831130
  2491       5895372.1680360148
  2492       5899861.9040160589
  2493       5904353.0579803046
  2494       5908845.6294856882
  2495       5913339.6180889625
  2496       5917835.0233467808
  2497       5922331.8448156435
  2498       5926830.0820518993
  2499       5931329.7346117748
  2500       5935830.8020513440
  2501       5940333.2839265447
  2502       5944837.1797931911
  2503       5949342.4892069353
  2504       5953849.2117232978
  2505       5958357.3468976635
  2506       5962866.8942852672
  2507       5967377.8534412291
  2508       5971890.2239204980
  2509       5976404.0052779112
  2510       5980919.1970681399
  2511       5985435.7988457400
  2512       5989953.8101651203
  2513       5994473.2305805506
  2514       5998994.0596461529
  2515       6003516.2969159205
  2516       6008039.9419437023
  2517       6012564.9942832245
  2518       6017091.4534880435
  2519       6021619.3191116052
  2520       6026148.5907072043
  2521       6030679.2678279858
  2522       6035211.3500269894
  2523       6039744.8368570814
  2524       6044279.7278710101
  2525       6048816.0226213699
  2526       6053353.7206606306
  2527       6057892.8215411240
  2528       6062433.3248150330
  2529       6066975.2300344072
  2530       6071518.5367511595
  2531       6076063.2445170563
  2532       6080609.3528837394
  2533       6085156.8614026997
  2534       6089705.7696253043
  2535       6094256.0771027673
  2536       6098807.7833861690
  2537       6103360.8880264601
  2538       6107915.3905744422
  2539       6112471.2905807793
  2540       6117028.5875960095
  2541       6121587.2811705209
  2542       6126147.3708545817
  2543       6130708.8561982941
  2544       6135271.7367516328
  2545       6139836.0120644569
  2546       6144401.6816864479
  2547       6148968.7451672060
  2548       6153537.2020561295
  2549       6158107.0519025279
  2550       6162678.2942555491
  2551       6167250.9286642084
  2552       6171824.9546773843
  2553       6176400.3718438195
  2554       6180977.1797121176
  2555       6185555.3778307615
  2556       6190134.9657480633
  2557       6194715.9430122236
  2558       6199298.3091712976
  2559       6203882.0637732157
  2560       6208467.2063657390
  2561       6213053.7364965333
  2562       6217641.6537130950
  2563       6222230.9575627912
  2564       6226821.6475928714
  2565       6231413.7233504327
  2566       6236007.1843824275
  2567       6240602.0302356835
  2568       6245198.2604568927
  2569       6249795.8745926050
  2570       6254394.8721892228
  2571       6258995.2527930504
  2572       6263597.0159502076
  2573       6268200.1612067092
  2574       6272804.6881084312
  2575       6277410.5962010985
  2576       6282017.8850303004
  2577       6286626.5541415187
  2578       6291236.6030800557
  2579       6295848.0313911065
  2580       6300460.8386197276
  2581       6305075.0243108459
  2582       6309690.5880092271
  2583       6314307.5292595085
  2584       6318925.8476062175
  2585       6323545.5425937073
  2586       6328166.6137662372
  2587       6332789.0606678845
  2588       6337412.8828426320
  2589       6342038.0798342908
  2590       6346664.6511865808
  2591       6351292.5964430468
  2592       6355921.9151471024
  2593       6360552.6068420429
  2594       6365184.6710710209
  2595       6369818.1073770598
  2596       6374452.9153030263
  2597       6379089.0943916747
  2598       6383726.6441856129
  2599       6388365.5642273230
  2600       6393005.8540591337
  2601       6397647.5132232541
  2602       6402290.5412617521
  2603       6406934.9377165660
  2604       6411580.7021295028
  2605       6416227.8340422129
  2606       6420876.3329962362
  2607       6425526.1985329632
  2608       6430177.4301936533
  2609       6434830.0275194338
  2610       6439483.9900512993
  2611       6444139.3173300996
  2612       6448796.0088965576
  2613       6453454.0642912583
  2614       6458113.4830546603
  2615       6462774.2647270784
  2616       6467436.4088486880
  2617       6472099.9149595508
  2618       6476764.7825995712
  2619       6481431.0113085331
  2620       6486098.6006260877
  2621       6490767.5500917332
  2622       6495437.8592448607
  2623       6500109.5276247114
  2624       6504782.5547703793
  2625       6509456.9402208617
  2626       6514132.6835149825
  2627       6518809.7841914585
  2628       6523488.2417888623
  2629       6528168.0558456294
  2630       6532849.2259000652
  2631       6537531.7514903452
  2632       6542215.6321545020
  2633       6546900.8674304439
  2634       6551587.4568559490
  2635       6556275.3999686418
  2636       6560964.6963060256
  2637       6565655.3454054892
  2638       6570347.3468042444
  2639       6575040.7000394082
  2640       6579735.4046479482
  2641       6584431.4601666983
  2642       6589128.8661323646
  2643       6593827.6220815228
  2644       6598527.7275505951
  2645       6603229.1820758991
  2646       6607931.9851935934
  2647       6612636.1364397258
  2648       6617341.6353501985
  2649       6622048.4814607808
  2650       6626756.6743071089
  2651       6631466.2134246901
  2652       6636177.0983489044
  2653       6640889.3286149856
  2654       6645602.9037580434
  2655       6650317.8233130509
  2656       6655034.0868148468
  2657       6659751.6937981518
  2658       6664470.6437975299
  2659       6669190.9363474362
  2660       6673912.5709821694
  2661       6678635.5472359341
  2662       6683359.8646427505
  2663       6688085.5227365429
  2664       6692812.5210510995
  2665       6697540.8591200747
  2666       6702270.5364769623
  2667       6707001.5526551772
  2668       6711733.9071879620
  2669       6716467.5996084288
  2670       6721202.6294495901
  2671       6725938.9962442825
  2672       6730676.6995252427
  2673       6735415.7388250669
  2674       6740156.1136762155
  2675       6744897.8236110164
  2676       6749640.8681616718
  2677       6754385.2468602443
  2678       6759130.9592386754
  2679       6763878.0048287679
  2680       6768626.3831621911
  2681       6773376.0937704938
  2682       6778127.1361850789
  2683       6782879.5099372258
  2684       6787633.2145580882
  2685       6792388.2495786697
  2686       6797144.6145298649
  2687       6801902.3089424269
  2688       6806661.3323469693
  2689       6811421.6842739871
  2690       6816183.3642538451
  2691       6820946.3718167711
  2692       6825710.7064928627
  2693       6830476.3678120812
  2694       6835243.3553042682
  2695       6840011.6684991270
  2696       6844781.3069262290
  2697       6849552.2701150253
  2698       6854324.5575948274
  2699       6859098.1688948097
  2700       6863873.1035440313
  2701       6868649.3610714208
  2702       6873426.9410057543
  2703       6878205.8428756958
  2704       6882986.0662097819
  2705       6887767.6105364086
  2706       6892550.4753838386
  2707       6897334.6602802230
  2708       6902120.1647535563
  2709       6906906.9883317314
  2710       6911695.1305424878
  2711       6916484.5909134513
  2712       6921275.3689720947
  2713       6926067.4642457915
  2714       6930860.8762617745
  2715       6935655.6045471234
  2716       6940451.6486288169
  2717       6945249.0080336863
  2718       6950047.6822884576
  2719       6954847.6709196940
  2720       6959648.9734538440
  2721       6964451.5894172443
  2722       6969255.5183360688
  2723       6974060.7597363880
  2724       6978867.3131441278
  2725       6983675.1780850906
  2726       6988484.3540849546
  2727       6993294.8406692473
  2728       6998106.6373634096
  2729       7002919.7436926961
  2730       7007734.1591822822
  2731       7012549.8833571896
  2732       7017366.9157423181
  2733       7022185.2558624232
  2734       7027004.9032421513
  2735       7031825.8574060285
  2736       7036648.1178784138
  2737       7041471.6841835603
  2738       7046296.5558456061
  2739       7051122.7323885337
  2740       7055950.2133362116
  2741       7060778.9982123831
  2742       7065609.0865406450
  2743       7070440.4778444851
  2744       7075273.1716472646
  2745       7080107.1674721930
  2746       7084942.4648423577
  2747       7089779.0632807454
  2748       7094616.9623101791
  2749       7099456.1614533775
  2750       7104296.6602329146
  2751       7109138.4581712438
  2752       7113981.5547906961
  2753       7118825.9496134594
  2754       7123671.6421616124
  2755       7128518.6319570905
  2756       7133366.9185216995
  2757       7138216.5013771327
  2758       7143067.3800449437
  2759       7147919.5540465675
  2760       7152773.0229032924
  2761       7157627.7861363022
  2762       7162483.8432666454
  2763       7167341.1938152267
  2764       7172199.8373028487
  2765       7177059.7732501645
  2766       7181921.0011777263
  2767       7186783.5206059199
  2768       7191647.3310550451
  2769       7196512.4320452362
  2770       7201378.8230965361
  2771       7206246.5037288330
  2772       7211115.4734619008
  2773       7215985.7318153828
  2774       7220857.2783088023
  2775       7225730.1124615418
  2776       7230604.2337928666
  2777       7235479.6418219097
  2778       7240356.3360676859
  2779       7245234.3160490757
  2780       7250113.5812848294
  2781       7254994.1312935837
  2782       7259875.9655938279
  2783       7264759.0837039528
  2784       7269643.4851421919
  2785       7274529.1694266731
  2786       7279416.1360753961
  2787       7284304.3846062245
  2788       7289193.9145368980
  2789       7294084.7253850391
  2790       7298976.8166681314
  2791       7303870.1879035411
  2792       7308764.8386085015
  2793       7313660.7683001189
  2794       7318557.9764954010
  2795       7323456.4627111796
  2796       7328356.2264641998
  2797       7333257.2672710568
  2798       7338159.5846482450
  2799       7343063.1781121101
  2800       7347968.0471788794
  2801       7352874.1913646609
  2802       7357781.6101854248
  2803       7362690.3031570250
  2804       7367600.2697951924
  2805       7372511.5096155191
  2806       7377424.0221334742
  2807       7382337.8068644144
  2808       7387252.8633235702
  2809       7392169.1910260161
  2810       7397086.7894867444
  2811       7402005.6582205929
  2812       7406925.7967422940
  2813       7411847.2045664275
  2814       7416769.8812074671
  2815       7421693.8261797680
  2816       7426619.0389975393
  2817       7431545.5191748906
  2818       7436473.2662257822
  2819       7441402.2796640527
  2820       7446332.5590034351
  2821       7451264.1037575249
  2822       7456196.9134397814
  2823       7461130.9875635598
  2824       7466066.3256420745
  2825       7471002.9271884337
  2826       7475940.7917156005
  2827       7480879.9187364187
  2828       7485820.3077636240
  2829       7490761.9583097994
  2830       7495704.8698874256
  2831       7500649.0420088544
  2832       7505594.4741863031
  2833       7510541.1659318889
  2834       7515489.1167575642
  2835       7520438.3261751886
  2836       7525388.7936965097
  2837       7530340.5188331092
  2838       7535293.5010964777
  2839       7540247.7399979625
  2840       7545203.2350487979
  2841       7550159.9857601030
  2842       7555117.9916428458
  2843       7560077.2522078929
  2844       7565037.7669659825
  2845       7569999.5354277259
  2846       7574962.5571036125
  2847       7579926.8315040004
  2848       7584892.3581391433
  2849       7589859.1365191508
  2850       7594827.1661540195
  2851       7599796.4465536261
  2852       7604766.9772277176
  2853       7609738.7576859109
  2854       7614711.7874377063
  2855       7619686.0659924885
  2856       7624661.5928595094
  2857       7629638.3675479032
  2858       7634616.3895666748
  2859       7639595.6584247127
  2860       7644576.1736307796
  2861       7649557.9346935069
  2862       7654540.9411214218
  2863       7659525.1924229143
  2864       7664510.6881062537
  2865       7669497.4276795825
  2866       7674485.4106509387
  2867       7679474.6365282154
  2868       7684465.1048191907
  2869       7689456.8150315396
  2870       7694449.7666727751
  2871       7699443.9592503207
  2872       7704439.3922714628
  2873       7709436.0652433839
  2874       7714433.9776731012
  2875       7719433.1290675625
  2876       7724433.5189335570
  2877       7729435.1467777593
  2878       7734438.0121067390
  2879       7739442.1144269239
  2880       7744447.4532446265
  2881       7749454.0280660316
  2882       7754461.8383972198
  2883       7759470.8837441234
  2884       7764481.1636125799
  2885       7769492.6775082890
  2886       7774505.4249368235
  2887       7779519.4054036560
  2888       7784534.6184141189
  2889       7789551.0634734184
  2890       7794568.7400866579
  2891       7799587.6477588201
  2892       7804607.7859947393
  2893       7809629.1542991586
  2894       7814651.7521766815
  2895       7819675.5791317951
  2896       7824700.6346688680
  2897       7829726.9182921434
  2898       7834754.4295057449
  2899       7839783.1678136764
  2900       7844813.1327198260
  2901       7849844.3237279439
  2902       7854876.7403416820
  2903       7859910.3820645493
  2904       7864945.2483999496
  2905       7869981.3388511529
  2906       7875018.6529213190
  2907       7880057.1901134839
  2908       7885096.9499305710
  2909       7890137.9318753667
  2910       7895180.1354505438
  2911       7900223.5601586616
  2912       7905268.2055021478
  2913       7910314.0709833130
  2914       7915361.1561043579
  2915       7920409.4603673518
  2916       7925458.9832742419
  2917       7930509.7243268602
  2918       7935561.6830269257
  2919       7940614.8588760132
  2920       7945669.2513756081
  2921       7950724.8600270590
  2922       7955781.6843315978
  2923       7960839.7237903271
  2924       7965898.9779042434
  2925       7970959.4461742202
  2926       7976021.1281010034
  2927       7981084.0231852317
  2928       7986148.1309274146
  2929       7991213.4508279422
  2930       7996279.9823870892
  2931       8001347.7251050081
  2932       8006416.6784817372
  2933       8011486.8420171784
  2934       8016558.2152111456
  2935       8021630.7975632949
  2936       8026704.5885731997
  2937       8031779.5877402863
  2938       8036855.7945638774
  2939       8041933.2085431665
  2940       8047011.8291772418
  2941       8052091.6559650572
  2942       8057172.6884054579
  2943       8062254.9259971622
  2944       8067338.3682387834
  2945       8072423.0146287913
  2946       8077508.8646655669
  2947       8082595.9178473484
  2948       8087684.1736722626
  2949       8092773.6316383295
  2950       8097864.2912434377
  2951       8102956.1519853584
  2952       8108049.2133617457
  2953       8113143.4748701323
  2954       8118238.9360079458
  2955       8123335.5962724751
  2956       8128433.4551609037
  2957       8133532.5121702915
  2958       8138632.7667975929
  2959       8143734.2185396310
  2960       8148836.8668931024
  2961       8153940.7113546152
  2962       8159045.7514206264
  2963       8164151.9865875002
  2964       8169259.4163514664
  2965       8174368.0402086498
  2966       8179477.8576550446
  2967       8184588.8681865344
  2968       8189701.0712988963
  2969       8194814.4664877532
  2970       8199929.0532486616
  2971       8205044.8310770206
  2972       8210161.7994681234
  2973       8215279.9579171510
  2974       8220399.3059191639
  2975       8225519.8429691028
  2976       8230641.5685617970
  2977       8235764.4821919547
  2978       8240888.5833541546
  2979       8246013.8715428850
  2980       8251140.3462525038
  2981       8256268.0069772368
  2982       8261396.8532112138
  2983       8266526.8844484389
  2984       8271658.1001828015
  2985       8276790.4999080766
  2986       8281924.0831179190
  2987       8287058.8493058616
  2988       8292194.7979653310
  2989       8297331.9285896281
  2990       8302470.2406719392
  2991       8307609.7337053455
  2992       8312750.4071827941
  2993       8317892.2605971275
  2994       8323035.2934410628
  2995       8328179.5052072201
  2996       8333324.8953880668
  2997       8338471.4634760041
  2998       8343619.2089632638
  2999       8348768.1313420022
  3000       8353918.2301042276
  3001       8359069.5047418699
  3002       8364221.9547467045
  3003       8369375.5796104176
  3004       8374530.3788245749
  3005       8379686.3518806100
  3006       8384843.4982698606
  3007       8390001.8174835294
  3008       8395161.3090127315
  3009       8400321.9723484349
  3010       8405483.8069815207
  3011       8410646.8124027178
  3012       8415810.9881026745
  3013       8420976.3335719109
  3014       8426142.8483008463
  3015       8431310.5317797475
  3016       8436479.3834987879
  3017       8441649.4029480442
  3018       8446820.5896174461
  3019       8451992.9429968223
  3020       8457166.4625759013
  3021       8462341.1478442661
  3022       8467516.9982913937
  3023       8472694.0134066734
  3024       8477872.1926793400
  3025       8483051.5355985519
  3026       8488232.0416533127
  3027       8493413.7103325371
  3028       8498596.5411250256
  3029       8503780.5335194506
  3030       8508965.6870043874
  3031       8514152.0010682791
  3032       8519339.4751994610
  3033       8524528.1088861581
  3034       8529717.9016164653
  3035       8534908.8528783992
  3036       8540100.9621598162
  3037       8545294.2289485019
  3038       8550488.6527320743
  3039       8555684.2329981066
  3040       8560880.9692339990
  3041       8566078.8609270547
  3042       8571277.9075644761
  3043       8576478.1086333394
  3044       8581679.4636206236
  3045       8586881.9720131718
  3046       8592085.6332977172
  3047       8597290.4469608888
  3048       8602496.4124891944
  3049       8607703.5293690506
  3050       8612911.7970867176
  3051       8618121.2151283603
  3052       8623331.7829800639
  3053       8628543.5001277495
  3054       8633756.3660572506
  3055       8638970.3802542910
  3056       8644185.5422044657
  3057       8649401.8513932656
  3058       8654619.3073060717
  3059       8659837.9094281532
  3060       8665057.6572446469
  3061       8670278.5502405968
  3062       8675500.5879009254
  3063       8680723.7697104495
  3064       8685948.0951538589
  3065       8691173.5637157578
  3066       8696400.1748805996
  3067       8701627.9281327482
  3068       8706856.8229564615
  3069       8712086.8588358667
  3070       8717318.0352549832
  3071       8722550.3516977299
  3072       8727783.8076479025
  3073       8733018.4025891852
  3074       8738254.1360051446
  3075       8743491.0073792487
  3076       8748729.0161948428
  3077       8753968.1619351655
  3078       8759208.4440833405
  3079       8764449.8621223699
  3080       8769692.4155351575
  3081       8774936.1038045045
  3082       8780180.9264130797
  3083       8785426.8828434274
  3084       8790673.9725780282
  3085       8795922.1950992048
  3086       8801171.5498891845
  3087       8806422.0364301018
  3088       8811673.6542039420
  3089       8816926.4026926123
  3090       8822180.2813778799
  3091       8827435.2897414304
  3092       8832691.4272648077
  3093       8837948.6934294719
  3094       8843207.0877167545
  3095       8848466.6096078828
  3096       8853727.2585839648
  3097       8858989.0341260079
  3098       8864251.9357149061
  3099       8869515.9628314208
  3100       8874781.1149562467
  3101       8880047.3915699217
  3102       8885314.7921529114
  3103       8890583.3161855452
  3104       8895852.9631480277
  3105       8901123.7325205058
  3106       8906395.6237829700
  3107       8911668.6364153083
  3108       8916942.7698973082
  3109       8922218.0237086397
  3110       8927494.3973288704
  3111       8932771.8902374376
  3112       8938050.5019137003
  3113       8943330.2318368759
  3114       8948611.0794860907
  3115       8953893.0443403460
  3116       8959176.1258785557
  3117       8964460.3235794902
  3118       8969745.6369218454
  3119       8975032.0653841756
  3120       8980319.6084449552
  3121       8985608.2655825224
  3122       8990898.0362751242
  3123       8996188.9200008791
  3124       9001480.9162378255
  3125       9006774.0244638547
  3126       9012068.2441567741
  3127       9017363.5747942720
  3128       9022660.0158539247
  3129       9027957.5668132156
  3130       9033256.2271494865
  3131       9038555.9963400252
  3132       9043856.8738619369
  3133       9049158.8591922726
  3134       9054461.9518079665
  3135       9059766.1511858124
  3136       9065071.4568025209
  3137       9070377.8681346979
  3138       9075685.3846588284
  3139       9080994.0058512874
  3140       9086303.7311883438
  3141       9091614.5601461641
  3142       9096926.4922007993
  3143       9102239.5268281866
  3144       9107553.6635041591
  3145       9112868.9017044455
  3146       9118185.2409046739
  3147       9123502.6805803366
  3148       9128821.2202068418
  3149       9134140.8592594732
  3150       9139461.5972134192
  3151       9144783.4335437529
  3152       9150106.3677254375
  3153       9155430.3992333282
  3154       9160755.5275421906
  3155       9166081.7521266453
  3156       9171409.0724612419
  3157       9176737.4880203903
  3158       9182066.9982784167
  3159       9187397.6027095281
  3160       9192729.3007878233
  3161       9198062.0919873007
  3162       9203395.9757818356
  3163       9208730.9516452085
  3164       9214067.0190511011
  3165       9219404.1774730552
  3166       9224742.4263845459
  3167       9230081.7652589045
  3168       9235422.1935693733
  3169       9240763.7107890900
  3170       9246106.3163910676
  3171       9251450.0098482352
  3172       9256794.7906333916
  3173       9262140.6582192462
  3174       9267487.6120783910
  3175       9272835.6516833194
  3176       9278184.7765064035
  3177       9283534.9860199206
  3178       9288886.2796960399
  3179       9294238.6570068169
  3180       9299592.1174242068
  3181       9304946.6604200564
  3182       9310302.2854661047
  3183       9315658.9920339808
  3184       9321016.7795952074
  3185       9326375.6476212163
  3186       9331735.5955833141
  3187       9337096.6229526978
  3188       9342458.7292004656
  3189       9347821.9137976374
  3190       9353186.1762150712
  3191       9358551.5159235559
  3192       9363917.9323937725
  3193       9369285.4250962846
  3194       9374653.9935015459
  3195       9380023.6370799132
  3196       9385394.3553016447
  3197       9390766.1476368811
  3198       9396139.0135556571
  3199       9401512.9525279067
  3200       9406887.9640234467
  3201       9412264.0475120153
  3202       9417641.2024632059
  3203       9423019.4283465371
  3204       9428398.7246314138
  3205       9433779.0907871351
  3206       9439160.5262828842
  3207       9444543.0305877458
  3208       9449926.6031707022
  3209       9455311.2435006350
  3210       9460696.9510463141
  3211       9466083.7252763957
  3212       9471471.5656594392
  3213       9476860.4716639202
  3214       9482250.4427581597
  3215       9487641.4784104079
  3216       9493033.5780888125
  3217       9498426.7412614040
  3218       9503820.9673961103
  3219       9509216.2559607532
  3220       9514612.6064230613
  3221       9520010.0182506330
  3222       9525408.4909109902
  3223       9530808.0238715298
  3224       9536208.6165995710
  3225       9541610.2685622908
  3226       9547012.9792267866
  3227       9552416.7480600439
  3228       9557821.5745289456
  3229       9563227.4581002761
  3230       9568634.3982407060
  3231       9574042.3944167960
  3232       9579451.4460950289
  3233       9584861.5527417436
  3234       9590272.7138232160
  3235       9595684.9288056027
  3236       9601098.1971549410
  3237       9606512.5183371678
  3238       9611927.8918181509
  3239       9617344.3170636073
  3240       9622761.7935391795
  3241       9628180.3207103983
  3242       9633599.8980426881
  3243       9639020.5250013676
  3244       9644442.2010516617
  3245       9649864.9256586786
  3246       9655288.6982874498
  3247       9660713.5184028763
  3248       9666139.3854697514
  3249       9671566.2989527807
  3250       9676994.2583165802
  3251       9682423.2630256191
  3252       9687853.3125443198
  3253       9693284.4063369520
  3254       9698716.5438677166
  3255       9704149.7246006839
  3256       9709583.9479998443
  3257       9715019.2135290615
  3258       9720455.5206521321
  3259       9725892.8688327223
  3260       9731331.2575343885
  3261       9736770.6862206105
  3262       9742211.1543547455
  3263       9747652.6614000686
  3264       9753095.2068197206
  3265       9758538.7900767792
  3266       9763983.4106341731
  3267       9769429.0679547843
  3268       9774875.7615013495
  3269       9780323.4907365087
  3270       9785772.2551228143
  3271       9791222.0541227143
  3272       9796672.8871985432
  3273       9802124.7538125459
  3274       9807577.6534268484
  3275       9813031.5855035018
  3276       9818486.5495044366
  3277       9823942.5448914766
  3278       9829399.5711263586
  3279       9834857.6276707016
  3280       9840316.7139860466
  3281       9845776.8295338135
  3282       9851237.9737753216
  3283       9856700.1461717989
  3284       9862163.3461843636
  3285       9867627.5732740350
  3286       9873092.8269017264
  3287       9878559.1065282654
  3288       9884026.4116143640
  3289       9889494.7416206188
  3290       9894964.0960075688
  3291       9900434.4742356092
  3292       9905905.8757650685
  3293       9911378.3000561390
  3294       9916851.7465689480
  3295       9922326.2147634793
  3296       9927801.7040996570
  3297       9933278.2140372917
  3298       9938755.7440360822
  3299       9944234.2935556341
  3300       9949713.8620554544
  3301       9955194.4489949420
  3302       9960676.0538334139
  3303       9966158.6760300584
  3304       9971642.3150439933
  3305       9977126.9703342076
  3306       9982612.6413596161
  3307       9988099.3275790159
  3308       9993587.0284511037
  3309       9999075.7434344906
  3310      10004565.4719876759
  3311      10010056.2135690656
  3312      10015547.9676369540
  3313      10021040.7336495500
  3314      10026534.5110649504
  3315      10032029.2993411608
  3316      10037525.0979360864
  3317      10043021.9063075334
  3318      10048519.7239131872
  3319      10054018.5502106734
  3320      10059518.3846574929
  3321      10065019.2267110348
  3322      10070521.0758286305
  3323      10076023.9314674623
  3324      10081527.7930846494
  3325      10087032.6601372026
  3326      10092538.5320820138
  3327      10098045.4083759151
  3328      10103553.2884756066
  3329      10109062.1718376968
  3330      10114572.0579186976
  3331      10120082.9461750258
  3332      10125594.8360629976
  3333      10131107.7270388305
  3334      10136621.6185586322
  3335      10142136.5100784302
  3336      10147652.4010541402
  3337      10153169.2909415849
  3338      10158687.1791964807
  3339      10164206.0652744621
  3340      10169725.9486310463
  3341      10175246.8287216667
  3342      10180768.7050016485
  3343      10186291.5769262221
  3344      10191815.4439505208
  3345      10197340.3055295739
  3346      10202866.1611183286
  3347      10208393.0101716127
  3348      10213920.8521441706
  3349      10219449.6864906494
  3350      10224979.5126655791
  3351      10230510.3301234189
  3352      10236042.1383185107
  3353      10241574.9367051106
  3354      10247108.7247373611
  3355      10252643.5018693320
  3356      10258179.2675549742
  3357      10263716.0212481469
  3358      10269253.7624026053
  3359      10274792.4904720373
  3360      10280332.2049099840
  3361      10285872.9051699396
  3362      10291414.5907052513
  3363      10296957.2609692328
  3364      10302500.9154150300
  3365      10308045.5534957387
  3366      10313591.1746643391
  3367      10319137.7783737183
  3368      10324685.3640766777
  3369      10330233.9312259033
  3370      10335783.4792739991
  3371      10341334.0076734554
  3372      10346885.5158766787
  3373      10352438.0033359900
  3374      10357991.4695035741
  3375      10363545.9138315599
  3376      10369101.3357719630
  3377      10374657.7347767241
  3378      10380215.1102976296
  3379      10385773.4617864378
  3380      10391332.7886947673
  3381      10396893.0904741660
  3382      10402454.3665760551
  3383      10408016.6164517887
  3384      10413579.8395526111
  3385      10419144.0353296902
  3386      10424709.2032340504
  3387      10430275.3427166883
  3388      10435842.4532284271
  3389      10441410.5342200734
  3390      10446979.5851422809
  3391      10452549.6054456104
  3392      10458120.5945805721
  3393      10463692.5519975312
  3394      10469265.4771467857
  3395      10474839.3694785293
  3396      10480414.2284428719
  3397      10485990.0534897875
  3398      10491566.8440692034
  3399      10497144.5996309370
  3400      10502723.3196247090
  3401      10508303.0035001338
  3402      10513883.6507067271
  3403      10519465.2606939450
  3404      10525047.8329111077
  3405      10530631.3668074254
  3406      10536215.8618321586
  3407      10541801.3174342811
  3408      10547387.7330625616
  3409      10552975.1081662476
  3410      10558563.4421939515
  3411      10564152.7345942762
  3412      10569742.9848157167
  3413      10575334.1923070382
  3414      10580926.3565164115
  3415      10586519.4768921621
  3416      10592113.5528825745
  3417      10597708.5839355942
  3418      10603304.5694992971
  3419      10608901.5090218838
  3420      10614499.4019509573
  3421      10620098.2477339711
  3422      10625698.0458191112
  3423      10631298.7956534494
  3424      10636900.4966846909
  3425      10642503.1483601164
  3426      10648106.7501268685
  3427      10653711.3014324233
  3428      10659316.8017235603
  3429      10664923.2504474390
  3430      10670530.6470508818
  3431      10676138.9909806475
  3432      10681748.2816834692
  3433      10687358.5186059885
  3434      10692969.7011946198
  3435      10698581.8288959563
  3436      10704194.9011561573
  3437      10709808.9174215049
  3438      10715423.8771381490
  3439      10721039.7797520999
  3440      10726656.6247094031
  3441      10732274.4114558566
  3442      10737893.1394371968
  3443      10743512.8080991544
  3444      10749133.4168873504
  3445      10754754.9652471785
  3446      10760377.4526240714
  3447      10766000.8784633297
  3448      10771625.2422101945
  3449      10777250.5433098115
  3450      10782876.7812071443
  3451      10788503.9553471170
  3452      10794132.0651746690
  3453      10799761.1101344042
  3454      10805391.0896711200
  3455      10811022.0032292642
  3456      10816653.8502534050
  3457      10822286.6301879007
  3458      10827920.3424770106
  3459      10833554.9865649212
  3460      10839190.5618957710
  3461      10844827.0679135583
  3462      10850464.5040622428
  3463      10856102.8697856031
  3464      10861742.1645274013
  3465      10867382.3877313063
  3466      10873023.5388408396
  3467      10878665.6172994468
  3468      10884308.6225505583
  3469      10889952.5540374182
  3470      10895597.4112032000
  3471      10901243.1934910566
  3472      10906889.9003439248
  3473      10912537.5312047731
  3474      10918186.0855164286
  3475      10923835.5627215430
  3476      10929485.9622628577
  3477      10935137.2835828587
  3478      10940789.5261240453
  3479      10946442.6893287897
  3480      10952096.7726393435
  3481      10957751.7754978798
  3482      10963407.6973465346
  3483      10969064.5376272704
  3484      10974722.2957820650
  3485      10980380.9712527059
  3486      10986040.5634809081
  3487      10991701.0719083678
  3488      10997362.4959765747
  3489      11003024.8351270463
  3490      11008688.0888011511
  3491      11014352.2564401347
  3492      11020017.3374852035
  3493      11025683.3313774820
  3494      11031350.2375579644
  3495      11037018.0554675721
  3496      11042686.7845471706
  3497      11048356.4242374450
  3498      11054026.9739790838
  3499      11059698.4332126416
  3500      11065370.8013786077
  3501      11071044.0779173505
  3502      11076718.2622691616
  3503      11082393.3538742289
  3504      11088069.3521726932
  3505      11093746.2566045783
  3506      11099424.0666098204
  3507      11105102.7816282790
  3508      11110782.4010996670
  3509      11116462.9244636912
  3510      11122144.3511599004
  3511      11127826.6806278378
  3512      11133509.9123068433
  3513      11139194.0456362553
  3514      11144879.0800553150
  3515      11150565.0150031354
  3516      11156251.8499187399
  3517      11161939.5842411481
  3518      11167628.2174091563
  3519      11173317.7488615811
  3520      11179008.1780371089
  3521      11184699.5043743663
  3522      11190391.7273117974
  3523      11196084.8462878857
  3524      11201778.8607409466
  3525      11207473.7701092418
  3526      11213169.5738309249
  3527      11218866.2713440601
  3528      11224563.8620866220
  3529      11230262.3454965204
  3530      11235961.7210115921
  3531      11241661.9880694970
  3532      11247363.1461079288
  3533      11253065.1945643742
  3534      11258768.1328762900
  3535      11264471.9604811035
  3536      11270176.6768160276
  3537      11275882.2813182753
  3538      11281588.7734249942
  3539      11287296.1525731366
  3540      11293004.4181996956
  3541      11298713.5697414447
  3542      11304423.6066351850
  3543      11310134.5283175502
  3544      11315846.3342251796
  3545      11321559.0237944983
  3546      11327272.5964619592
  3547      11332987.0516638495
  3548      11338702.3888364341
  3549      11344418.6074158195
  3550      11350135.7068380993
  3551      11355853.6865392141
  3552      11361572.5459550694
  3553      11367292.2845214363
  3554      11373012.9016740434
  3555      11378734.3968485296
  3556      11384456.7694803942
  3557      11390180.0190051123
  3558      11395904.1448580511
  3559      11401629.1464744769
  3560      11407355.0232895706
  3561      11413081.7747384589
  3562      11418809.4002561551
  3563      11424537.8992775735
  3564      11430267.2712375745
  3565      11435997.5155709274
  3566      11441728.6317122746
  3567      11447460.6190962493
  3568      11453193.4771573320
  3569      11458927.2053299267
  3570      11464661.8030483630
  3571      11470397.2697469015
  3572      11476133.6048596781
  3573      11481870.8078207988
  3574      11487608.8780642413
  3575      11493347.8150238749
  3576      11499087.6181335486
  3577      11504828.2868269775
  3578      11510569.8205378186
  3579      11516312.2186996210
  3580      11522055.4807458688
  3581      11527799.6061099470
  3582      11533544.5942251571
  3583      11539290.4445247371
  3584      11545037.1564417910
  3585      11550784.7294093817
  3586      11556533.1628604680
  3587      11562282.4562279396
  3588      11568032.6089445911
  3589      11573783.6204431262
  3590      11579535.4901561812
  3591      11585288.2175162584
  3592      11591041.8019558657
  3593      11596796.2429073285
  3594      11602551.5398029704
  3595      11608307.6920749675
  3596      11614064.6991554573
  3597      11619822.5604764484
  3598      11625581.2754699215
  3599      11631340.8435677234
  3600      11637101.2642016206
  3601      11642862.5368033350
  3602      11648624.6608044710
  3603      11654387.6356365588
  3604      11660151.4607310258
  3605      11665916.1355192661
  3606      11671681.6594325323
  3607      11677448.0319019984
  3608      11683215.2523588389
  3609      11688983.3202340100
  3610      11694752.2349584829
  3611      11700521.9959631320
  3612      11706292.6026786957
  3613      11712064.0545358937
  3614      11717836.3509653322
  3615      11723609.4913975149
  3616      11729383.4752629269
  3617      11735158.3019918855
  3618      11740933.9710146692
  3619      11746710.4817614891
  3620      11752487.8336624671
  3621      11758266.0261475779
  3622      11764045.0586468056
  3623      11769824.9305900075
  3624      11775605.6414069515
  3625      11781387.1905273404
  3626      11787169.5773807634
  3627      11792952.8013967816
  3628      11798736.8620048165
  3629      11804521.7586342618
  3630      11810307.4907143656
  3631      11816094.0576743595
  3632      11821881.4589433316
  3633      11827669.6939503197
  3634      11833458.7621243130
  3635      11839248.6628941298
  3636      11845039.3956885953
  3637      11850830.9599364102
  3638      11856623.3550661970
  3639      11862416.5805064775
  3640      11868210.6356857289
  3641      11874005.5200323183
  3642      11879801.2329745796
  3643      11885597.7739406861
  3644      11891395.1423587911
  3645      11897193.3376569338
  3646      11902992.3592630923
  3647      11908792.2066051494
  3648      11914592.8791109230
  3649      11920394.3762081228
  3650      11926196.6973244045
  3651      11931999.8418873250
  3652      11937803.8093243744
  3653      11943608.5990629476
  3654      11949414.2105303593
  3655      11955220.6431538556
  3656      11961027.8963605948
  3657      11966835.9695776366
  3658      11972644.8622319959
  3659      11978454.5737505890
  3660      11984265.1035602149
  3661      11990076.4510876667
  3662      11995888.6157596130
  3663      12001701.5970026236
  3664      12007515.3942432124
  3665      12013330.0069078412
  3666      12019145.4344228115
  3667      12024961.6762144454
  3668      12030778.7317088861
  3669      12036596.6003322769
  3670      12042415.2815106269
  3671      12048234.7746698782
  3672      12054055.0792359263
  3673      12059876.1946345419
  3674      12065698.1202914547
  3675      12071520.8556322549
  3676      12077344.4000825137
  3677      12083168.7530677039
  3678      12088993.9140131995
  3679      12094819.8823443502
  3680      12100646.6574863251
  3681      12106474.2388643175
  3682      12112302.6259034108
  3683      12118131.8180285376
  3684      12123961.8146646488
  3685      12129792.6152365878
  3686      12135624.2191690709
  3687      12141456.6258868091
  3688      12147289.8348143771
  3689      12153123.8453762904
  3690      12158958.6569969878
  3691      12164794.2691008486
  3692      12170630.6811121143
  3693      12176467.8924550116
  3694      12182305.9025536384
  3695      12188144.7108320538
  3696      12193984.3167142123
  3697      12199824.7196240164
  3698      12205665.9189852420
  3699      12211507.9142216444
  3700      12217350.7047568467
  3701      12223194.2900144532
  3702      12229038.6694179270
  3703      12234883.8423906881
  3704      12240729.8083560728
  3705      12246576.5667373370
  3706      12252424.1169576645
  3707      12258272.4584401529
  3708      12264121.5906078331
  3709      12269971.5128836222
  3710      12275822.2246904112
  3711      12281673.7254510168
  3712      12287526.0145880766
  3713      12293379.0915242787
  3714      12299232.9556821678
  3715      12305087.6064842138
  3716      12310943.0433528125
  3717      12316799.2657103203
  3718      12322656.2729789484
  3719      12328514.0645808540
  3720      12334372.6399381720
  3721      12340231.9984728675
  3722      12346092.1396069061
  3723      12351953.0627621599
  3724      12357814.7673603836
  3725      12363677.2528232578
  3726      12369540.5185724702
  3727      12375404.5640295316
  3728      12381269.3886159286
  3729      12387134.9917530380
  3730      12393001.3728622086
  3731      12398868.5313646700
  3732      12404736.4666815903
  3733      12410605.1782340314
  3734      12416474.6654430646
  3735      12422344.9277295750
  3736      12428215.9645144306
  3737      12434087.7752184477
  3738      12439960.3592623044
  3739      12445833.7160666417
  3740      12451707.8450520039
  3741      12457582.7456388865
  3742      12463458.4172476754
  3743      12469334.8592987042
  3744      12475212.0712122340
  3745      12481090.0524084065
  3746      12486968.8023073468
  3747      12492848.3203290869
  3748      12498728.6058935411
  3749      12504609.6584206205
  3750      12510491.4773300700
  3751      12516374.0620416645
  3752      12522257.4119750038
  3753      12528141.5265496876
  3754      12534026.4051851910
  3755      12539912.0473009404
  3756      12545798.4523162711
  3757      12551685.6196504589
  3758      12557573.5487226993
  3759      12563462.2389520910
  3760      12569351.6897576991
  3761      12575241.9005584568
  3762      12581132.8707732968
  3763      12587024.5998210087
  3764      12592917.0871203598
  3765      12598810.3320899811
  3766      12604704.3341485020
  3767      12610599.0927144140
  3768      12616494.6072061658
  3769      12622390.8770421427
  3770      12628287.9016406201
  3771      12634185.6804198157
  3772      12640084.2127979081
  3773      12645983.4981929250
  3774      12651883.5360228866
  3775      12657784.3257057071
  3776      12663685.8666592482
  3777      12669588.1583012640
  3778      12675491.2000494655
  3779      12681394.9913214725
  3780      12687299.5315348543
  3781      12693204.8201070651
  3782      12699110.8564555440
  3783      12705017.6399975792
  3784      12710925.1701504439
  3785      12716833.4463313427
  3786      12722742.4679573514
  3787      12728652.2344455328
  3788      12734562.7452128399
  3789      12740473.9996761642
  3790      12746385.9972523116
  3791      12752298.7373580467
  3792      12758212.2194100041
  3793      12764126.4428248014
  3794      12770041.4070189707
  3795      12775957.1114089452
  3796      12781873.5554111078
  3797      12787790.7384417783
  3798      12793708.6599171385
  3799      12799627.3192534223
  3800      12805546.7158666365
  3801      12811466.8491728306
  3802      12817387.7185879685
  3803      12823309.3235278763
  3804      12829231.6634083632
  3805      12835154.7376451679
  3806      12841078.5456539020
  3807      12847003.0868501738
  3808      12852928.3606495019
  3809      12858854.3664672691
  3810      12864781.1037188899
  3811      12870708.5718196239
  3812      12876636.7701846641
  3813      12882565.6982292272
  3814      12888495.3553682901
  3815      12894425.7410169449
  3816      12900356.8545900639
  3817      12906288.6955024973
  3818      12912221.2631690819
  3819      12918154.5570044927
  3820      12924088.5764233619
  3821      12930023.3208402954
  3822      12935958.7896697596
  3823      12941894.9823262021
  3824      12947831.8982239738
  3825      12953769.5367773417
  3826      12959707.8974005319
  3827      12965646.9795076977
  3828      12971586.7825129014
  3829      12977527.3058301322
  3830      12983468.5488733239
  3831      12989410.5110563375
  3832      12995353.1917929575
  3833      13001296.5904969070
  3834      13007240.7065818049
  3835      13013185.5394612569
  3836      13019131.0885487571
  3837      13025077.3532577213
  3838      13031024.3330015261
  3839      13036972.0271934569
  3840      13042920.4352467358
  3841      13048869.5565745365
  3842      13054819.3905898966
  3843      13060769.9367058482
  3844      13066721.1943353396
  3845      13072673.1628912222
  3846      13078625.8417863157
  3847      13084579.2304333244
  3848      13090533.3282449078
  3849      13096488.1346336808
  3850      13102443.6490121596
  3851      13108399.8707927614
  3852      13114356.7993879020
  3853      13120314.4342098571
  3854      13126272.7746709138
  3855      13132231.8201831859
  3856      13138191.5701588318
  3857      13144152.0240098406
  3858      13150113.1811481714
  3859      13156075.0409857556
  3860      13162037.6029343717
  3861      13168000.8664058261
  3862      13173964.8308117501
  3863      13179929.4955637883
  3864      13185894.8600734994
  3865      13191860.9237523098
  3866      13197827.6860116757
  3867      13203795.1462629307
  3868      13209763.3039173521
  3869      13215732.1583860908
  3870      13221701.7090803459
  3871      13227671.9554111492
  3872      13233642.8967894930
  3873      13239614.5326263066
  3874      13245586.8623324689
  3875      13251559.8853187542
  3876      13257533.6009958815
  3877      13263508.0087744966
  3878      13269483.1080652159
  3879      13275458.8982785158
  3880      13281435.3788248990
  3881      13287412.5491146725
  3882      13293390.4085582383
  3883      13299368.9565657675
  3884      13305348.1925474722
  3885      13311328.1159134563
  3886      13317308.7260737401
  3887      13323290.0224383250
  3888      13329272.0044171102
  3889      13335254.6714199279
  3890      13341238.0228565633
  3891      13347222.0581366867
  3892      13353206.7766699623
  3893      13359192.1778659485
  3894      13365178.2611341625
  3895      13371165.0258840006
  3896      13377152.4715248737
  3897      13383140.5974660348
  3898      13389129.4031167552
  3899      13395118.8878861647
  3900      13401109.0511834007
  3901      13407099.8924174644
  3902      13413091.4109973423
  3903      13419083.6063319221
  3904      13425076.4778300263
  3905      13431070.0249004066
  3906      13437064.2469517943
  3907      13443059.1433928050
  3908      13449054.7136319894
  3909      13455050.9570778608
  3910      13461047.8731388524
  3911      13467045.4612233154
  3912      13473043.7207395472
  3913      13479042.6510958113
  3914      13485042.2517002374
  3915      13491042.5219609309
  3916      13497043.4612859488
  3917      13503045.0690832511
  3918      13509047.3447607122
  3919      13515050.2877261955
  3920      13521053.8973874711
  3921      13527058.1731522214
  3922      13533063.1144281123
  3923      13539068.7206227034
  3924      13545074.9911434967
  3925      13551081.9253979530
  3926      13557089.5227934420
  3927      13563097.7827372327
  3928      13569106.7046366427
  3929      13575116.2878988050
  3930      13581126.5319308564
  3931      13587137.4361398164
  3932      13593148.9999327157
  3933      13599161.2227164246
  3934      13605174.1038978435
  3935      13611187.6428837255
  3936      13617201.8390808161
  3937      13623216.6918957606
  3938      13629232.2007351797
  3939      13635248.3650055751
  3940      13641265.1841134373
  3941      13647282.6574651431
  3942      13653300.7844670545
  3943      13659319.5645254087
  3944      13665338.9970464688
  3945      13671359.0814363062
  3946      13677379.8171010688
  3947      13683401.2034467235
  3948      13689423.2398792487
  3949      13695445.9258045107
  3950      13701469.2606283613
  3951      13707493.2437565047
  3952      13713517.8745947033
  3953      13719543.1525485348
  3954      13725569.0770236123
  3955      13731595.6474253815
  3956      13737622.8631593119
  3957      13743650.7236308046
  3958      13749679.2282451279
  3959      13755708.3764075525
  3960      13761738.1675232574
  3961      13767768.6009973772
  3962      13773799.6762349363
  3963      13779831.3926409762
  3964      13785863.7496203836
  3965      13791896.7465780787
  3966      13797930.3829188086
  3967      13803964.6580473371
  3968      13809999.5713683590
  3969      13816035.1222864762
  3970      13822071.3102062512
  3971      13828108.1345321685
  3972      13834145.5946686473
  3973      13840183.6900200676
  3974      13846222.4199907277
  3975      13852261.7839848511
  3976      13858301.7814066466
  3977      13864342.4116602000
  3978      13870383.6741495635
  3979      13876425.5682787560
  3980      13882468.0934516769
  3981      13888511.2490722109
  3982      13894555.0345441345
  3983      13900599.4492712151
  3984      13906644.4926571045
  3985      13912690.1641054563
  3986      13918736.4630197808
  3987      13924783.3888036199
  3988      13930830.9408603720
  3989      13936879.1185933985
  3990      13942927.9214060381
  3991      13948977.3487015106
  3992      13955027.3998830076
  3993      13961078.0743536782
  3994      13967129.3715165313
  3995      13973181.2907746118
  3996      13979233.8315308299
  3997      13985286.9931880850
  3998      13991340.7751491759
  3999      13997395.1768168639
  4000      14003450.1975938436
  4001      14009505.8368827403
  4002      14015562.0940861423
  4003      14021618.9686065316
  4004      14027676.4598463848
  4005      14033734.5672080740
  4006      14039793.2900939379
  4007      14045852.6279062442
  4008      14051912.5800471790
  4009      14057973.1459189057
  4010      14064034.3249235209
  4011      14070096.1164630316
  4012      14076158.5199393928
  4013      14082221.5347545445
  4014      14088285.1603102870
  4015      14094349.3960084449
  4016      14100414.2412507031
  4017      14106479.6954387538
  4018      14112545.7579741646
  4019      14118612.4282585327
  4020      14124679.7056933083
  4021      14130747.5896799173
  4022      14136816.0796197131
  4023      14142885.1749140117
  4024      14148954.8749640677
  4025      14155025.1791710239
  4026      14161096.0869360603
  4027      14167167.5976602081
  4028      14173239.7107444853
  4029      14179312.4255898204
  4030      14185385.7415971085
  4031      14191459.6581672002
  4032      14197534.1747008283
  4033      14203609.2905987296
  4034      14209685.0052615236
  4035      14215761.3180898298
  4036      14221838.2284841910
  4037      14227915.7358450294
  4038      14233993.8395728003
  4039      14240072.5390678402
  4040      14246151.8337304629
  4041      14252231.7229608875
  4042      14258312.2061593123
  4043      14264393.2827258259
  4044      14270474.9520605225
  4045      14276557.2135634013
  4046      14282640.0666343719
  4047      14288723.5106733795
  4048      14294807.5450801924
  4049      14300892.1692546327
  4050      14306977.3825963810
  4051      14313063.1845050883
  4052      14319149.5743803829
  4053      14325236.5516217556
  4054      14331324.1156287342
  4055      14337412.2658006884
  4056      14343501.0015370306
  4057      14349590.3222370353
  4058      14355680.2272999696
  4059      14361770.7161250133
  4060      14367861.7881113049
  4061      14373953.4426579215
  4062      14380045.6791638862
  4063      14386138.4970281366
  4064      14392231.8956495840
  4065      14398325.8744271118
  4066      14404420.4327594601
  4067      14410515.5700453818
  4068      14416611.2856835481
  4069      14422707.5790725686
  4070      14428804.4496110268
  4071      14434901.8966974150
  4072      14440999.9197301753
  4073      14447098.5181077067
  4074      14453197.6912283134
  4075      14459297.4384903051
  4076      14465397.7592919059
  4077      14471498.6530312486
  4078      14477600.1191064604
  4079      14483702.1569155864
  4080      14489804.7658566106
  4081      14495907.9453274924
  4082      14502011.6947260909
  4083      14508116.0134502538
  4084      14514220.9008977301
  4085      14520326.3564662319
  4086      14526432.3795534372
  4087      14532538.9695569184
  4088      14538646.1258742381
  4089      14544753.8479028866
  4090      14550862.1350402981
  4091      14556970.9866838288
  4092      14563080.4022308271
  4093      14569190.3810785413
  4094      14575300.9226241913
  4095      14581412.0262649376
  4096      14587523.6913978551
  4097      14593635.9174200054
  4098      14599748.7037283797
  4099      14605862.0497199111
  4100      14611975.9547914602
  4101      14618090.4183398783
  4102      14624205.4397619106
  4103      14630321.0184542779
  4104      14636437.1538136415
  4105      14642553.8452365994
  4106      14648671.0921196938
  4107      14654788.8938594293
  4108      14660907.2498522643
  4109      14667026.1594945304
  4110      14673145.6221826002
  4111      14679265.6373127177
  4112      14685386.2042811401
  4113      14691507.3224840071
  4114      14697628.9913174100
  4115      14703751.2101774607
  4116      14709873.9784601405
  4117      14715997.2955613676
  4118      14722121.1608770695
  4119      14728245.5738030709
  4120      14734370.5337351710
  4121      14740496.0400691032
  4122      14746622.0922005121
  4123      14752748.6895250678
  4124      14758875.8314383104
  4125      14765003.5173357818
  4126      14771131.7466129288
  4127      14777260.5186651535
  4128      14783389.8328878358
  4129      14789519.6886762474
  4130      14795650.0854256675
  4131      14801781.0225312877
  4132      14807912.4993882328
  4133      14814044.5153915994
  4134      14820177.0699364562
  4135      14826310.1624177285
  4136      14832443.7922303826
  4137      14838577.9587692972
  4138      14844712.6614292711
  4139      14850847.8996051103
  4140      14856983.6726915129
  4141      14863119.9800831433
  4142      14869256.8211746048
  4143      14875394.1953604855
  4144      14881532.1020352766
  4145      14887670.5405934397
  4146      14893809.5104293618
  4147      14899949.0109374058
  4148      14906089.0415118728
  4149      14912229.6015470121
  4150      14918370.6904369909
  4151      14924512.3075759690
  4152      14930654.4523580577
  4153      14936797.1241772510
  4154      14942940.3224275578
  4155      14949084.0465029012
  4156      14955228.2957971767
  4157      14961373.0697042104
  4158      14967518.3676177543
  4159      14973664.1889315806
  4160      14979810.5330393314
  4161      14985957.3993346188
  4162      14992104.7872110475
  4163      14998252.6960621271
  4164      15004401.1252813041
  4165      15010550.0742620025
  4166      15016699.5423976239
  4167      15022849.5290814396
  4168      15029000.0337067265
  4169      15035151.0556667149
  4170      15041302.5943545364
  4171      15047454.6491633225
  4172      15053607.2194861211
  4173      15059760.3047159500
  4174      15065913.9042457622
  4175      15072068.0174684580
  4176      15078222.6437768955
  4177      15084377.7825638950
  4178      15090533.4332221989
  4179      15096689.5951445159
  4180      15102846.2677235026
  4181      15109003.4503517468
  4182      15115161.1424218267
  4183      15121319.3433262184
  4184      15127478.0524573959
  4185      15133637.2692077626
  4186      15139796.9929696545
  4187      15145957.2231353875
  4188      15152117.9590972029
  4189      15158279.2002473194
  4190      15164440.9459778927
  4191      15170603.1956810001
  4192      15176765.9487487115
  4193      15182929.2045730315
  4194      15189092.9625459015
  4195      15195257.2220592629
  4196      15201421.9825049210
  4197      15207587.2432747167
  4198      15213753.0037604012
  4199      15219919.2633536663
  4200      15226086.0214461740
  4201      15232253.2774295676
  4202      15238421.0306953415
  4203      15244589.2806350682
  4204      15250758.0266401712
  4205      15256927.2681020871
  4206      15263097.0044121481
  4207      15269267.2349617258
  4208      15275437.9591420218
  4209      15281609.1763442848
  4210      15287780.8859596774
  4211      15293953.0873793345
  4212      15300125.7799943164
  4213      15306298.9631956294
  4214      15312472.6363742761
  4215      15318646.7989211809
  4216      15324821.4502272047
  4217      15330996.5896831900
  4218      15337172.2166798990
  4219      15343348.3306081034
  4220      15349524.9308584593
  4221      15355702.0168216079
  4222      15361879.5878881477
  4223      15368057.6434486229
  4224      15374236.1828935053
  4225      15380415.2056132648
  4226      15386594.7109982911
  4227      15392774.6984389257
  4228      15398955.1673255134
  4229      15405136.1170482617
  4230      15411317.5469974019
  4231      15417499.4565630760
  4232      15423681.8451354336
  4233      15429864.7121045012
  4234      15436048.0568603333
  4235      15442231.8787928745
  4236      15448416.1772920862
  4237      15454600.9517477863
  4238      15460786.2015498765
  4239      15466971.9260881003
  4240      15473158.1247521881
  4241      15479344.7969318703
  4242      15485531.9420167431
  4243      15491719.5593964383
  4244      15497907.6484604795
  4245      15504096.2085984014
  4246      15510285.2391996458
  4247      15516474.7396536265
  4248      15522664.7093496937
  4249      15528855.1476771943
  4250      15535046.0540253837
  4251      15541237.4277834930
  4252      15547429.2683407031
  4253      15553621.5750861317
  4254      15559814.3474088870
  4255      15566007.5846980233
  4256      15572201.2863424942
  4257      15578395.4517312888
  4258      15584590.0802532956
  4259      15590785.1712973658
  4260      15596980.7242523432
  4261      15603176.7385069635
  4262      15609373.2134499643
  4263      15615570.1484700255
  4264      15621767.5429557599
  4265      15627965.3962957747
  4266      15634163.7078786138
  4267      15640362.4770927429
  4268      15646561.7033266407
  4269      15652761.3859687056
  4270      15658961.5244072955
  4271      15665162.1180307381
  4272      15671363.1662272681
  4273      15677564.6683851536
  4274      15683766.6238925550
  4275      15689969.0321376268
  4276      15696171.8925084192
  4277      15702375.2043930255
  4278      15708578.9671794306
  4279      15714783.1802555770
  4280      15720987.8430093974
  4281      15727192.9548287503
  4282      15733398.5151014775
  4283      15739604.5232153405
  4284      15745810.9785580728
  4285      15752017.8805173952
  4286      15758225.2284809574
  4287      15764433.0218362920
  4288      15770641.2599710431
  4289      15776849.9422726966
  4290      15783059.0681287143
  4291      15789268.6369265411
  4292      15795478.6480535492
  4293      15801689.1008971035
  4294      15807899.9948444664
  4295      15814111.3292829338
  4296      15820323.1035996638
  4297      15826535.3171818685
  4298      15832747.9694166686
  4299      15838961.0596911218
  4300      15845174.5873922929
  4301      15851388.5519071482
  4302      15857602.9526226595
  4303      15863817.7889257371
  4304      15870033.0602032263
  4305      15876248.7658419702
  4306      15882464.9052287377
  4307      15888681.4777502697
  4308      15894898.4827932585
  4309      15901115.9197443537
  4310      15907333.7879901771
  4311      15913552.0869172681
  4312      15919770.8159121890
  4313      15925989.9743613787
  4314      15932209.5616513118
  4315      15938429.5771683678
  4316      15944650.0202989001
  4317      15950870.8904292304
  4318      15957092.1869456246
  4319      15963313.9092343021
  4320      15969536.0566814654
  4321      15975758.6286732499
  4322      15981981.6245957687
  4323      15988205.0438350439
  4324      15994428.8857771438
  4325      16000653.1498080194
  4326      16006877.8353136089
  4327      16013102.9416798130
  4328      16019328.4682924617
  4329      16025554.4145374224
  4330      16031780.7798003834
  4331      16038007.5634671357
  4332      16044234.7649233453
  4333      16050462.3835546523
  4334      16056690.4187466633
  4335      16062918.8698849510
  4336      16069147.7363550328
  4337      16075377.0175423846
  4338      16081606.7128324565
  4339      16087836.8216106407
  4340      16094067.3432622887
  4341      16100298.2771727405
  4342      16106529.6227272619
  4343      16112761.3793110736
  4344      16118993.5463094097
  4345      16125226.1231073905
  4346      16131459.1090901401
  4347      16137692.5036427472
  4348      16143926.3061502278
  4349      16150160.5159975998
  4350      16156395.1325697936
  4351      16162630.1552517135
  4352      16168865.5834282767
  4353      16175101.4164842889
  4354      16181337.6538045313
  4355      16187574.2947737928
  4356      16193811.3387767766
  4357      16200048.7851981316
  4358      16206286.6334225200
  4359      16212524.8828345295
  4360      16218763.5328187086
  4361      16225002.5827596039
  4362      16231242.0320416298
  4363      16237481.8800492845
  4364      16243722.1261669490
  4365      16249962.7697789762
  4366      16256203.8102696761
  4367      16262445.2470233254
  4368      16268687.0794241969
  4369      16274929.3068564758
  4370      16281171.9287043102
  4371      16287414.9443518557
  4372      16293658.3531831577
  4373      16299902.1545823012
  4374      16306146.3479332812
  4375      16312390.9326200429
  4376      16318635.9080265630
  4377      16324881.2735366952
  4378      16331127.0285343099
  4379      16337373.1724032294
  4380      16343619.7045272011
  4381      16349866.6242899932
  4382      16356113.9310752787
  4383      16362361.6242667586
  4384      16368609.7032480333
  4385      16374858.1674026772
  4386      16381107.0161142629
  4387      16387356.2487662751
  4388      16393605.8647422083
  4389      16399855.8634254839
  4390      16406106.2441994995
  4391      16412357.0064476281
  4392      16418608.1495531742
  4393      16424859.6728994139
  4394      16431111.5758696273
  4395      16437363.8578469846
  4396      16443616.5182146858
  4397      16449869.5563558433
  4398      16456122.9716535751
  4399      16462376.7634909172
  4400      16468630.9312509187
  4401      16474885.4743165523
  4402      16481140.3920707405
  4403      16487395.6838964298
  4404      16493651.3491764888
  4405      16499907.3872937411
  4406      16506163.7976310086
  4407      16512420.5795710329
  4408      16518677.7324965391
  4409      16524935.2557902522
  4410      16531193.1488347873
  4411      16537451.4110127706
  4412      16543710.0417068042
  4413      16549969.0402994249
  4414      16556228.4061731268
  4415      16562488.1387103889
  4416      16568748.2372936569
  4417      16575008.7013053223
  4418      16581269.5301277619
  4419      16587530.7231432665
  4420      16593792.2797341812
  4421      16600054.1992827151
  4422      16606316.4811711144
  4423      16612579.1247815676
  4424      16618842.1294962130
  4425      16625105.4946971554
  4426      16631369.2197665051
  4427      16637633.3040862679
  4428      16643897.7470384538
  4429      16650162.5480050556
  4430      16656427.7063680086
  4431      16662693.2215091866
  4432      16668959.0928105023
  4433      16675225.3196537420
  4434      16681491.9014207069
  4435      16687758.8374931626
  4436      16694026.1272528563
  4437      16700293.7700814493
  4438      16706561.7653606366
  4439      16712830.1124719735
  4440      16719098.8107971009
  4441      16725367.8597175628
  4442      16731637.2586148586
  4443      16737907.0068704877
  4444      16744177.1038658898
  4445      16750447.5489824843
  4446      16756718.3416016176
  4447      16762989.4811046831
  4448      16769260.9668729845
  4449      16775532.7982877661
  4450      16781804.9747302867
  4451      16788077.4955817871
  4452      16794350.3602233827
  4453      16800623.5680362582
  4454      16806897.1184015311
  4455      16813171.0107002184
  4456      16819445.2443133965
  4457      16825719.8186220713
  4458      16831994.7330072075
  4459      16838269.9868497364
  4460      16844545.5795305744
  4461      16850821.5104305856
  4462      16857097.7789306156
  4463      16863374.3844114691
  4464      16869651.3262539208
  4465      16875928.6038386971
  4466      16882206.2165465206
  4467      16888484.1637580357
  4468      16894762.4448538981
  4469      16901041.0592147149
  4470      16907320.0062210746
  4471      16913599.2852534838
  4472      16919878.8956924602
  4473      16926158.8369185291
  4474      16932439.1083120666
  4475      16938719.7092535086
  4476      16945000.6391232312
  4477      16951281.8973015808
  4478      16957563.4831688516
  4479      16963845.3961053416
  4480      16970127.6354913302
  4481      16976410.2007069513
  4482      16982693.0911324769
  4483      16988976.3061480112
  4484      16995259.8451336436
  4485      17001543.7074695714
  4486      17007827.8925357088
  4487      17014112.3997122161
  4488      17020397.2283789814
  4489      17026682.3779159933
  4490      17032967.8477032222
  4491      17039253.6371205002
  4492      17045539.7455477528
  4493      17051826.1723647751
  4494      17058112.9169513695
  4495      17064399.9786873572
  4496      17070687.3569523878
  4497      17076975.0511262678
  4498      17083263.0605886020
  4499      17089551.3847190812
  4500      17095840.0228972882
  4501      17102128.9745028168
  4502      17108418.2389152683
  4503      17114707.8155140728
  4504      17120997.7036788091
  4505      17127287.9027889036
  4506      17133578.4122237638
  4507      17139869.2313628048
  4508      17146160.3595854193
  4509      17152451.7962709516
  4510      17158743.5407986455
  4511      17165035.5925478637
  4512      17171327.9508977681
  4513      17177620.6152276397
  4514      17183913.5849166662
  4515      17190206.8593439795
  4516      17196500.4378886893
  4517      17202794.3199299164
  4518      17209088.5048467591
  4519      17215382.9920181818
  4520      17221677.7808232531
  4521      17227972.8706409335
  4522      17234268.2608501539
  4523      17240563.9508298524
  4524      17246859.9399589337
  4525      17253156.2276161872
  4526      17259452.8131805211
  4527      17265749.6960307062
  4528      17272046.8755455203
  4529      17278344.3511036746
  4530      17284642.1220839359
  4531      17290940.1878649145
  4532      17297238.5478253402
  4533      17303537.2013438046
  4534      17309836.1477988772
  4535      17316135.3865691796
  4536      17322434.9170332104
  4537      17328734.7385695055
  4538      17335034.8505565114
  4539      17341335.2523727082
  4540      17347635.9433965199
  4541      17353936.9230063483
  4542      17360238.1905805394
  4543      17366539.7454974242
  4544      17372841.5871353559
  4545      17379143.7148725875
  4546      17385446.1280873567
  4547      17391748.8261579275
  4548      17398051.8084624372
  4549      17404355.0743791275
  4550      17410658.6232861057
  4551      17416962.4545614757
  4552      17423266.5675833561
  4553      17429570.9617297500
  4554      17435875.6363787539
  4555      17442180.5909083001
  4556      17448485.8246964328
  4557      17454791.3371210359
  4558      17461097.1275601014
  4559      17467403.1953914426
  4560      17473709.5399929769
  4561      17480016.1607424952
  4562      17486323.0570178777
  4563      17492630.2281968556
  4564      17498937.6736572161
  4565      17505245.3927766383
  4566      17511553.3849328682
  4567      17517861.6495035887
  4568      17524170.1858664118
  4569      17530478.9933989607
  4570      17536788.0714788623
  4571      17543097.4194836579
  4572      17549407.0367909186
  4573      17555716.9227781333
  4574      17562027.0768227801
  4575      17568337.4983023554
  4576      17574648.1865942404
  4577      17580959.1410759240
  4578      17587270.3611247167
  4579      17593581.8461179994
  4580      17599893.5954331160
  4581      17606205.6084473655
  4582      17612517.8845379986
  4583      17618830.4230823219
  4584      17625143.2234575190
  4585      17631456.2850407958
  4586      17637769.6072093211
  4587      17644083.1893402971
  4588      17650397.0308107920
  4589      17656711.1309978962
  4590      17663025.4892787077
  4591      17669340.1050302833
  4592      17675654.9776296504
  4593      17681970.1064537615
  4594      17688285.4908796288
  4595      17694601.1302841790
  4596      17700917.0240443051
  4597      17707233.1715369821
  4598      17713549.5721389912
  4599      17719866.2252272256
  4600      17726183.1301785335
  4601      17732500.2863696441
  4602      17738817.6931773834
  4603      17745135.3499784581
  4604      17751453.2561496124
  4605      17757771.4110675305
  4606      17764089.8141088970
  4607      17770408.4646503702
  4608      17776727.3620685227
  4609      17783046.5057399981
  4610      17789365.8950414024
  4611      17795685.5293492079
  4612      17802005.4080399871
  4613      17808325.5304902419
  4614      17814645.8960764408
  4615      17820966.5041750334
  4616      17827287.3541624732
  4617      17833608.4454151392
  4618      17839929.7773094550
  4619      17846251.3492216840
  4620      17852573.1605282947
  4621      17858895.2106054723
  4622      17865217.4988296404
  4623      17871540.0245769434
  4624      17877862.7872236744
  4625      17884185.7861460261
  4626      17890509.0207202397
  4627      17896832.4903224520
  4628      17903156.1943288073
  4629      17909480.1321154460
  4630      17915804.3030584678
  4631      17922128.7065339498
  4632      17928453.3419179469
  4633      17934778.2085864879
  4634      17941103.3059155867
  4635      17947428.6332812272
  4636      17953754.1900593974
  4637      17960079.9756260253
  4638      17966405.9893569797
  4639      17972732.2306282632
  4640      17979058.6988156401
  4641      17985385.3932950571
  4642      17991712.3134422489
  4643      17998039.4586331397
  4644      18004366.8282434084
  4645      18010694.4216488637
  4646      18017022.2382252663
  4647      18023350.2773482874
  4648      18029678.5383936651
  4649      18036007.0207370706
  4650      18042335.7237541191
  4651      18048664.6468204819
  4652      18054993.7893117778
  4653      18061323.1506035179
  4654      18067652.7300713919
  4655      18073982.5270908400
  4656      18080312.5410374254
  4657      18086642.7712866925
  4658      18092973.2172140107
  4659      18099303.8781949840
  4660      18105634.7536049299
  4661      18111965.8428192995
  4662      18118297.1452135593
  4663      18124628.6601629853
  4664      18130960.3870429620
  4665      18137292.3252288736
  4666      18143624.4740959853
  4667      18149956.8330195770
  4668      18156289.4013749510
  4669      18162622.1785373501
  4670      18168955.1638819948
  4671      18175288.3567841165
  4672      18181621.7566188835
  4673      18187955.3627614602
  4674      18194289.1745870300
  4675      18200623.1914706565
  4676      18206957.4127875008
  4677      18213291.8379126452
  4678      18219626.4662211426
  4679      18225961.2970880643
  4680      18232296.3298883699
  4681      18238631.5639971532
  4682      18244966.9987893514
  4683      18251302.6336399317
  4684      18257638.4679238796
  4685      18263974.5010161027
  4686      18270310.7322914712
  4687      18276647.1611249261
  4688      18282983.7868912891
  4689      18289320.6089655198
  4690      18295657.6267222762
  4691      18301994.8395365328
  4692      18308332.2467829660
  4693      18314669.8478364311
  4694      18321007.6420716420
  4695      18327345.6288633309
  4696      18333683.8075861931
  4697      18340022.1776149794
  4698      18346360.7383243330
  4699      18352699.4890889414
  4700      18359038.4292834103
  4701      18365377.5582823753
  4702      18371716.8754604571
  4703      18378056.3801921979
  4704      18384396.0718521997
  4705      18390735.9498149976
  4706      18397076.0134551413
  4707      18403416.2621471100
  4708      18409756.6952654384
  4709      18416097.3121845461
  4710      18422438.1122789159
  4711      18428779.0949229933
  4712      18435120.2594911940
  4713      18441461.6053579189
  4714      18447803.1318975538
  4715      18454144.8384844884
  4716      18460486.7244930007
  4717      18466828.7892975025
  4718      18473171.0322722606
  4719      18479513.4527915940
  4720      18485856.0502297543
  4721      18492198.8239610381
  4722      18498541.7733596563
  4723      18504884.8977998756
  4724      18511228.1966558471
  4725      18517571.6693018191
  4726      18523915.3151119314
  4727      18530259.1334603466
  4728      18536603.1237212345
  4729      18542947.2852686532
  4730      18549291.6174768023
  4731      18555636.1197196804
  4732      18561980.7913714275
  4733      18568325.6318060607
  4734      18574670.6403975971
  4735      18581015.8165201694
  4736      18587361.1595476680
  4737      18593706.6688541211
  4738      18600052.3438135050
  4739      18606398.1837997995
  4740      18612744.1881869286
  4741      18619090.3563487828
  4742      18625436.6876593046
  4743      18631783.1814924292
  4744      18638129.8372219391
  4745      18644476.6542217657
  4746      18650823.6318657286
  4747      18657170.7695276551
  4748      18663518.0665813684
  4749      18669865.5224006735
  4750      18676213.1363592930
  4751      18682560.9078310877
  4752      18688908.8361897506
  4753      18695256.9208090156
  4754      18701605.1610626169
  4755      18707953.5563242547
  4756      18714302.1059676148
  4757      18720650.8093663752
  4758      18726999.6658941880
  4759      18733348.6749247164
  4760      18739697.8358315714
  4761      18746047.1479883492
  4762      18752396.6107687131
  4763      18758746.2235461697
  4764      18765095.9856943302
  4765      18771445.8965867348
  4766      18777795.9555969201
  4767      18784146.1620984375
  4768      18790496.5154647678
  4769      18796847.0150694288
  4770      18803197.6602858901
  4771      18809548.4504875951
  4772      18815899.3850480616
  4773      18822250.4633406624
  4774      18828601.6847388372
  4775      18834953.0486160330
  4776      18841304.5543456264
  4777      18847656.2013009414
  4778      18854007.9888554476
  4779      18860359.9163824171
  4780      18866711.9832552411
  4781      18873064.1888472177
  4782      18879416.5325316899
  4783      18885769.0136819184
  4784      18892121.6316712201
  4785      18898474.3858728409
  4786      18904827.2756600641
  4787      18911180.3004061021
  4788      18917533.4594842531
  4789      18923886.7522676587
  4790      18930240.1781295873
  4791      18936593.7364431806
  4792      18942947.4265816547
  4793      18949301.2479181625
  4794      18955655.1998258643
  4795      18962009.2816778943
  4796      18968363.4928473607
  4797      18974717.8327074423
  4798      18981072.3006311543
  4799      18987426.8959916644
  4800      18993781.6181619801
  4801      19000136.4665152356
  4802      19006491.4404244348
  4803      19012846.5392626487
  4804      19019201.7624028809
  4805      19025557.1092181616
  4806      19031912.5790814869
  4807      19038268.1713658534
  4808      19044623.8854442127
  4809      19050979.7206895836
  4810      19057335.6764748804
  4811      19063691.7521730773
  4812      19070047.9471570738
  4813      19076404.2607997954
  4814      19082760.6924741417
  4815      19089117.2415530682
  4816      19095473.9074093774
  4817      19101830.6894159988
  4818      19108187.5869457871
  4819      19114544.5993715785
  4820      19120901.7260661833
  4821      19127258.9664025009
  4822      19133616.3197532818
  4823      19139973.7854913585
  4824      19146331.3629895411
  4825      19152689.0516205914
  4826      19159046.8507572785
  4827      19165404.7597723790
  4828      19171762.7780386172
  4829      19178120.9049287811
  4830      19184479.1398155354
  4831      19190837.4820716567
  4832      19197195.9310698025
  4833      19203554.4861827195
  4834      19209913.1467830837
  4835      19216271.9122435376
  4836      19222630.7819367573
  4837      19228989.7552354485
  4838      19235348.8315121643
  4839      19241708.0101396479
  4840      19248067.2904904410
  4841      19254426.6719371751
  4842      19260786.1538524963
  4843      19267145.7356089391
  4844      19273505.4165791683
  4845      19279865.1961356699
  4846      19286225.0736510567
  4847      19292585.0484979153
  4848      19298945.1200487167
  4849      19305305.2876760662
  4850      19311665.5507524572
  4851      19318025.9086504206
  4852      19324386.3607424535
  4853      19330746.9064010382
  4854      19337107.5449987315
  4855      19343468.2759079747
  4856      19349829.0985011868
  4857      19356190.0121509321
  4858      19362551.0162295401
  4859      19368912.1101096049
  4860      19375273.2931634672
  4861      19381634.5647635646
  4862      19387995.9242823385
  4863      19394357.3710921630
  4864      19400718.9045654908
  4865      19407080.5240746550
  4866      19413442.2289921008
  4867      19419804.0186901651
  4868      19426165.8925412260
  4869      19432527.8499176428
  4870      19438889.8901917525
  4871      19445252.0127359033
  4872      19451614.2169224769
  4873      19457976.5021237023
  4874      19464338.8677120283
  4875      19470701.3130596466
  4876      19477063.8375389390
  4877      19483426.4405221418
  4878      19489789.1213815808
  4879      19496151.8794895262
  4880      19502514.7142182514
  4881      19508877.6249400228
  4882      19515240.6110270694
  4883      19521603.6718516834
  4884      19527966.8067860752
  4885      19534330.0152025037
  4886      19540693.2964731939
  4887      19547056.6499703377
  4888      19553420.0750662126
  4889      19559783.5711329281
  4890      19566147.1375427470
  4891      19572510.7736678608
  4892      19578874.4788804501
  4893      19585238.2525526769
  4894      19591602.0940567255
  4895      19597966.0027647689
  4896      19604329.9780489579
  4897      19610694.0192814246
  4898      19617058.1258343458
  4899      19623422.2970798463
  4900      19629786.5323900692
  4901      19636150.8311371133
  4902      19642515.1926931329
  4903      19648879.6164302267
  4904      19655244.1017204933
  4905      19661608.6479360387
  4906      19667973.2544489615
  4907      19674337.9206313826
  4908      19680702.6458553299
  4909      19687067.4294929132
  4910      19693432.2709162012
  4911      19699797.1694972664
  4912      19706162.1246081442
  4913      19712527.1356209144
  4914      19718892.2019076161
  4915      19725257.3228403106
  4916      19731622.4977910034
  4917      19737987.7261317857
  4918      19744353.0072346032
  4919      19750718.3404715508
  4920      19757083.7252146192
  4921      19763449.1608357951
  4922      19769814.6467071474
  4923      19776180.1822006479
  4924      19782545.7666882612
  4925      19788911.3995420374
  4926      19795277.0801339075
  4927      19801642.8078359365
  4928      19808008.5820200182
  4929      19814374.4020581543
  4930      19820740.2673223689
  4931      19827106.1771845184
  4932      19833472.1310166828
  4933      19839838.1281907372
  4934      19846204.1680786498
  4935      19852570.2500524111
  4936      19858936.3734838925
  4937      19865302.5377451070
  4938      19871668.7422079407
  4939      19878034.9862443656
  4940      19884401.2692262903
  4941      19890767.5905256122
  4942      19897133.9495142959
  4943      19903500.3455642052
  4944      19909866.7780473232
  4945      19916233.2463355027
  4946      19922599.7498006634
  4947      19928966.2878147326
  4948      19935332.8597495854
  4949      19941699.4649771377
  4950      19948066.1028692424
  4951      19954432.7727978379
  4952      19960799.4741347618
  4953      19967166.2062519416
  4954      19973532.9685212374
  4955      19979899.7603145018
  4956      19986266.5810036808
  4957      19992633.4299605228
  4958      19999000.3065570518
  4959      20005367.2101650164
  4960      20011734.1401563063
  4961      20018101.0959028229
  4962      20024468.0767763630
  4963      20030835.0821488425
  4964      20037202.1113920808
  4965      20043569.1638778970
  4966      20049936.2389782332
  4967      20056303.3360648081
  4968      20062670.4545096122
  4969      20069037.5936843455
  4970      20075404.7529609501
  4971      20081771.9317111894
  4972      20088139.1293069758
  4973      20094506.3451200910
  4974      20100873.5785223655
  4975      20107240.8288856782
  4976      20113608.0955817811
  4977      20119975.3779825903
  4978      20126342.6754598655
  4979      20132709.9873854518
  4980      20139077.3131311573
  4981      20145444.6520688310
  4982      20151812.0035702735
  4983      20158179.3670073077
  4984      20164546.7417517789
  4985      20170914.1271754652
  4986      20177281.5226501822
  4987      20183648.9275477640
  4988      20190016.3412400223
  4989      20196383.7630987763
  4990      20202751.1924958043
  4991      20209118.6288029440
  4992      20215486.0713919997
  4993      20221853.5196348131
  4994      20228220.9729031250
  4995      20234588.4305688366
  4996      20240955.8920036368
  4997      20247323.3565794490
  4998      20253690.8236680031
  4999      20260058.2926411554
  5000      20266425.7628706805
  5001      20272793.2337284014
  5002      20279160.7045861334
  5003      20285528.1748156585
  5004      20291895.6437888071
  5005      20298263.1108773798
  5006      20304630.5754531547
  5007      20310998.0368879959
  5008      20317365.4945536777
  5009      20323732.9478220232
  5010      20330100.3960648030
  5011      20336467.8386538513
  5012      20342835.2749609984
  5013      20349202.7043580450
  5014      20355570.1262167990
  5015      20361937.5399090424
  5016      20368304.9448066279
  5017      20374672.3402813561
  5018      20381039.7257050350
  5019      20387407.1004494838
  5020      20393774.4638865553
  5021      20400141.8153879829
  5022      20406509.1543256491
  5023      20412876.4800713658
  5024      20419243.7919969670
  5025      20425611.0894742273
  5026      20431978.3718750104
  5027      20438345.6385711245
  5028      20444712.8889344297
  5029      20451080.1223367304
  5030      20457447.3381498046
  5031      20463814.5357456170
  5032      20470181.7144958563
  5033      20476548.8737724610
  5034      20482916.0129472241
  5035      20489283.1313919909
  5036      20495650.2284785956
  5037      20502017.3035789095
  5038      20508384.3560647443
  5039      20514751.3853079788
  5040      20521118.3906804509
  5041      20527485.3715539724
  5042      20533852.3273005150
  5043      20540219.2572918013
  5044      20546586.1608997583
  5045      20552953.0374962687
  5046      20559319.8864531629
  5047      20565686.7071422823
  5048      20572053.4989355914
  5049      20578420.2612048872
  5050      20584786.9933220260
  5051      20591153.6946589909
  5052      20597520.3645875603
  5053      20603887.0024796687
  5054      20610253.6077072397
  5055      20616620.1796420701
  5056      20622986.7176561244
  5057      20629353.2211213261
  5058      20635719.6894094907
  5059      20642086.1218925901
  5060      20648452.5179425478
  5061      20654818.8769311979
  5062      20661185.1982305385
  5063      20667551.4812124409
  5064      20673917.7252488583
  5065      20680283.9297116958
  5066      20686650.0939729065
  5067      20693016.2174044102
  5068      20699382.2993781529
  5069      20705748.3392660804
  5070      20712114.3364401273
  5071      20718480.2902722806
  5072      20724846.2001344673
  5073      20731212.0653986447
  5074      20737577.8854368031
  5075      20743943.6596208885
  5076      20750309.3873228990
  5077      20756675.0679147728
  5078      20763040.7007685639
  5079      20769406.2852561623
  5080      20775771.8207496777
  5081      20782137.3066210188
  5082      20788502.7422421947
  5083      20794868.1269852705
  5084      20801233.4602222107
  5085      20807598.7413250394
  5086      20813963.9696658067
  5087      20820329.1446164995
  5088      20826694.2655492127
  5089      20833059.3318358921
  5090      20839424.3428486586
  5091      20845789.2979595624
  5092      20852154.1965406239
  5093      20858519.0379639044
  5094      20864883.8216014877
  5095      20871248.5468254201
  5096      20877613.2130078562
  5097      20883977.8195207678
  5098      20890342.3657363355
  5099      20896706.8510265946
  5100      20903071.2747636922
  5101      20909435.6363196895
  5102      20915799.9350667633
  5103      20922164.1703769714
  5104      20928528.3416224942
  5105      20934892.4481753744
  5106      20941256.4894078821
  5107      20947620.4646920599
  5108      20953984.3734000809
  5109      20960348.2149041481
  5110      20966711.9885763675
  5111      20973075.6937889531
  5112      20979439.3299140707
  5113      20985802.8963238820
  5114      20992166.3923906088
  5115      20998529.8174864799
  5116      21004893.1709836200
  5117      21011256.4522543065
  5118      21017619.6606707349
  5119      21023982.7956051417
  5120      21030345.8564297371
  5121      21036708.8425168060
  5122      21043071.7532385513
  5123      21049434.5879672840
  5124      21055797.3460752405
  5125      21062160.0269346684
  5126      21068522.6299178787
  5127      21074885.1543971635
  5128      21081247.5997447893
  5129      21087609.9653330781
  5130      21093972.2505343370
  5131      21100334.4547209106
  5132      21106696.5772650726
  5133      21113058.6175391860
  5134      21119420.5749156065
  5135      21125782.4487666637
  5136      21132144.2384647205
  5137      21138505.9433821626
  5138      21144867.5628913231
  5139      21151229.0963646695
  5140      21157590.5431744829
  5141      21163951.9026932642
  5142      21170313.1742933430
  5143      21176674.3573472202
  5144      21183035.4512272291
  5145      21189396.4553059116
  5146      21195757.3689556122
  5147      21202118.1915488690
  5148      21208478.9224580899
  5149      21214839.5610557534
  5150      21221200.1067143716
  5151      21227560.5588063970
  5152      21233920.9167043492
  5153      21240281.1797807515
  5154      21246641.3474080935
  5155      21253001.4189588986
  5156      21259361.3938057609
  5157      21265721.2713211477
  5158      21272081.0508776531
  5159      21278440.7318478599
  5160      21284800.3136043213
  5161      21291159.7955196127
  5162      21297519.1769663990
  5163      21303878.4573171809
  5164      21310237.6359446459
  5165      21316596.7122213729
  5166      21322955.6855200604
  5167      21329314.5552132688
  5168      21335673.3206737526
  5169      21342031.9812740833
  5170      21348390.5363870077
  5171      21354748.9853851683
  5172      21361107.3276412711
  5173      21367465.5625280440
  5174      21373823.6894182041
  5175      21380181.7076844312
  5176      21386539.6166995540
  5177      21392897.4158362299
  5178      21399255.1044672728
  5179      21405612.6819654591
  5180      21411970.1477035247
  5181      21418327.5010543205
  5182      21424684.7413906269
  5183      21431041.8680852577
  5184      21437398.8805110231
  5185      21443755.7780408226
  5186      21450112.5600474216
  5187      21456469.2259037718
  5188      21462825.7749826461
  5189      21469182.2066570185
  5190      21475538.5202997588
  5191      21481894.7152837552
  5192      21488250.7909819186
  5193      21494606.7467672154
  5194      21500962.5820126049
  5195      21507318.2960909456
  5196      21513673.8883753195
  5197      21520029.3582386672
  5198      21526384.7050539143
  5199      21532739.9281941690
  5200      21539095.0270323865
  5201      21545450.0009415634
  5202      21551804.8492948338
  5203      21558159.5714651495
  5204      21564514.1668256596
  5205      21570868.6347494051
  5206      21577222.9746094421
  5207      21583577.1857789159
  5208      21589931.2676309571
  5209      21596285.2195386477
  5210      21602639.0408751629
  5211      21608992.7310136221
  5212      21615346.2893272266
  5213      21621699.7151891515
  5214      21628053.0079725608
  5215      21634406.1670507118
  5216      21640759.1917967498
  5217      21647112.0815839767
  5218      21653464.8357855976
  5219      21659817.4537749141
  5220      21666169.9349251315
  5221      21672522.2786095813
  5222      21678874.4842015691
  5223      21685226.5510743856
  5224      21691578.4786013812
  5225      21697930.2661558501
  5226      21704281.9131111987
  5227      21710633.4188407809
  5228      21716984.7827179655
  5229      21723336.0041161440
  5230      21729687.0824087672
  5231      21736038.0169692114
  5232      21742388.8071709350
  5233      21748739.4523873813
  5234      21755089.9519920498
  5235      21761440.3053583801
  5236      21767790.5118599124
  5237      21774140.5708700716
  5238      21780490.4817624912
  5239      21786840.2439106368
  5240      21793189.8566881455
  5241      21799539.3194684424
  5242      21805888.6316252388
  5243      21812237.7925320864
  5244      21818586.8015626185
  5245      21824935.6580904499
  5246      21831284.3614891917
  5247      21837632.9111325629
  5248      21843981.3063941933
  5249      21850329.5466478020
  5250      21856677.6312670745
  5251      21863025.5596257113
  5252      21869373.3310974985
  5253      21875720.9450561479
  5254      21882068.4008754604
  5255      21888415.6979291625
  5256      21894762.8355910704
  5257      21901109.8132350631
  5258      21907456.6302348562
  5259      21913803.2859643921
  5260      21920149.7797974870
  5261      21926496.1111080274
  5262      21932842.2792699002
  5263      21939188.2836570255
  5264      21945534.1236432828
  5265      21951879.7986026816
  5266      21958225.3079091571
  5267      21964570.6509366557
  5268      21970915.8270591907
  5269      21977260.8356507570
  5270      21983605.6760854013
  5271      21989950.3477371223
  5272      21996294.8499800265
  5273      22002639.1821881384
  5274      22008983.3437355906
  5275      22015327.3339964524
  5276      22021671.1523448825
  5277      22028014.7981549986
  5278      22034358.2708009556
  5279      22040701.5696569383
  5280      22047044.6940971501
  5281      22053387.6434957758
  5282      22059730.4172270596
  5283      22066073.0146652088
  5284      22072415.4351845421
  5285      22078757.6781593114
  5286      22085099.7429638132
  5287      22091441.6289723590
  5288      22097783.3355592377
  5289      22104124.8620988838
  5290      22110466.2079656310
  5291      22116807.3725338057
  5292      22123148.3551779017
  5293      22129489.1552722715
  5294      22135829.7721913867
  5295      22142170.2053096965
  5296      22148510.4540016726
  5297      22154850.5176418088
  5298      22161190.3956045993
  5299      22167530.0872646123
  5300      22173869.5919963904
  5301      22180208.9091744348
  5302      22186548.0381733961
  5303      22192886.9783678651
  5304      22199225.7291324586
  5305      22205564.2898418419
  5306      22211902.6598705947
  5307      22218240.8385935128
  5308      22224578.8253851831
  5309      22230916.6196203791
  5310      22237254.2206738107
  5311      22243591.6279202849
  5312      22249928.8407345191
  5313      22256265.8584913351
  5314      22262602.6805654727
  5315      22268939.3063318916
  5316      22275275.7351653427
  5317      22281611.9664407372
  5318      22287947.9995329455
  5319      22294283.8338168822
  5320      22300619.4686674587
  5321      22306954.9034596570
  5322      22313290.1375684291
  5323      22319625.1703687795
  5324      22325960.0012356751
  5325      22332294.6295441575
  5326      22338629.0546693020
  5327      22344963.2759861313
  5328      22351297.2928698063
  5329      22357631.1046953462
  5330      22363964.7108379155
  5331      22370298.1106727086
  5332      22376631.3035748005
  5333      22382964.2889194638
  5334      22389297.0660818554
  5335      22395629.6344372332
  5336      22401961.9933608174
  5337      22408294.1422279589
  5338      22414626.0804138519
  5339      22420957.8072938211
  5340      22427289.3222432807
  5341      22433620.6246375069
  5342      22439951.7138518840
  5343      22446282.5892618373
  5344      22452613.2502427809
  5345      22458943.6961701587
  5346      22465273.9264193736
  5347      22471603.9403659664
  5348      22477933.7373854145
  5349      22484263.3168532699
  5350      22490592.6781450473
  5351      22496921.8206363395
  5352      22503250.7437026724
  5353      22509579.4467197619
  5354      22515907.9290631302
  5355      22522236.1901085041
  5356      22528564.2292315736
  5357      22534892.0458079427
  5358      22541219.6392133944
  5359      22547547.0088236928
  5360      22553874.1540145427
  5361      22560201.0741617605
  5362      22566527.7686411627
  5363      22572854.2368285470
  5364      22579180.4780998342
  5365      22585506.4918308035
  5366      22591832.2773974165
  5367      22598157.8341755830
  5368      22604483.1615412161
  5369      22610808.2588703148
  5370      22617133.1255388632
  5371      22623457.7609228604
  5372      22629782.1643983349
  5373      22636106.3353413604
  5374      22642430.2731279992
  5375      22648753.9771343507
  5376      22655077.4467365891
  5377      22661400.6813107729
  5378      22667723.6802331321
  5379      22674046.4428798631
  5380      22680368.9686271958
  5381      22686691.2568513155
  5382      22693013.3069285266
  5383      22699335.1182351299
  5384      22705656.6901473776
  5385      22711978.0220416747
  5386      22718299.1132943369
  5387      22724619.9632817619
  5388      22730940.5713803843
  5389      22737260.9369665533
  5390      22743581.0594168231
  5391      22749900.9381075948
  5392      22756220.5724154115
  5393      22762539.9617168009
  5394      22768859.1053882763
  5395      22775178.0028064623
  5396      22781496.6533479132
  5397      22787815.0563892759
  5398      22794133.2113072239
  5399      22800451.1174783446
  5400      22806768.7742794342
  5401      22813086.1810871549
  5402      22819403.3372782804
  5403      22825720.2422295585
  5404      22832036.8953178190
  5405      22838353.2959198356
  5406      22844669.4434124902
  5407      22850985.3371726461
  5408      22857300.9765771702
  5409      22863616.3610030562
  5410      22869931.4898271598
  5411      22876246.3624265157
  5412      22882560.9781780951
  5413      22888875.3364589214
  5414      22895189.4366460368
  5415      22901503.2781165168
  5416      22907816.8602474742
  5417      22914130.1824159995
  5418      22920443.2439992949
  5419      22926756.0443744920
  5420      22933068.5829188004
  5421      22939380.8590094559
  5422      22945692.8720236868
  5423      22952004.6213387847
  5424      22958316.1063321270
  5425      22964627.3263808712
  5426      22970938.2808625661
  5427      22977248.9691544734
  5428      22983559.3906340115
  5429      22989869.5446786694
  5430      22996179.4306658916
  5431      23002489.0479731224
  5432      23008798.3959779479
  5433      23015107.4740578383
  5434      23021416.2815903947
  5435      23027724.8179532140
  5436      23034033.0825239271
  5437      23040341.0746801496
  5438      23046648.7937995940
  5439      23052956.2392599434
  5440      23059263.4104389250
  5441      23065570.3067142777
  5442      23071876.9274638407
  5443      23078183.2720653675
  5444      23084489.3398967274
  5445      23090795.1303357594
  5446      23097100.6427603737
  5447      23103405.8765484840
  5448      23109710.8310780711
  5449      23116015.5057270490
  5450      23122319.8998734653
  5451      23128624.0128953345
  5452      23134927.8441706933
  5453      23141231.3930776864
  5454      23147534.6589943543
  5455      23153837.6412989013
  5456      23160140.3393694572
  5457      23166442.7525842302
  5458      23172744.8803214468
  5459      23179046.7219593786
  5460      23185348.2768762745
  5461      23191649.5444504581
  5462      23197950.5240602903
  5463      23204251.2150840983
  5464      23210551.6169003136
  5465      23216851.7288873158
  5466      23223151.5504236072
  5467      23229451.0808876343
  5468      23235750.3196579441
  5469      23242049.2661130279
  5470      23248347.9196314514
  5471      23254646.2795918845
  5472      23260944.3453728929
  5473      23267242.1163531169
  5474      23273539.5919112749
  5475      23279836.7714261226
  5476      23286133.6542762816
  5477      23292430.2398406006
  5478      23298726.5274978876
  5479      23305022.5166269504
  5480      23311318.2066066749
  5481      23317613.5968158804
  5482      23323908.6866335422
  5483      23330203.4754386358
  5484      23336497.9626100659
  5485      23342792.1475268789
  5486      23349086.0295681283
  5487      23355379.6081128530
  5488      23361672.8825401478
  5489      23367965.8522291481
  5490      23374258.5165590420
  5491      23380550.8749089725
  5492      23386842.9266581498
  5493      23393134.6711858772
  5494      23399426.1078713723
  5495      23405717.2360939756
  5496      23412008.0552330613
  5497      23418298.5646679252
  5498      23424588.7637780122
  5499      23430878.6519427039
  5500      23437168.2285415642
  5501      23443457.4929539748
  5502      23449746.4445595033
  5503      23456035.0827377439
  5504      23462323.4068681896
  5505      23468611.4163305387
  5506      23474899.1105044000
  5507      23481186.4887694679
  5508      23487473.5505054072
  5509      23493760.2950920239
  5510      23500046.7219090462
  5511      23506332.8303362951
  5512      23512618.6197535768
  5513      23518904.0895407833
  5514      23525189.2390778214
  5515      23531474.0677445941
  5516      23537758.5749210753
  5517      23544042.7599872388
  5518      23550326.6223231405
  5519      23556610.1613087840
  5520      23562893.3763243295
  5521      23569176.2667498440
  5522      23575458.8319654949
  5523      23581741.0713514462
  5524      23588022.9842879586
  5525      23594304.5701552331
  5526      23600585.8283335939
  5527      23606866.7582032867
  5528      23613147.3591447622
  5529      23619427.6305382773
  5530      23625707.5717643276
  5531      23631987.1822033115
  5532      23638266.4612357318
  5533      23644545.4082420990
  5534      23650824.0226028934
  5535      23657102.3036987633
  5536      23663380.2509102933
  5537      23669657.8636181019
  5538      23675935.1412028894
  5539      23682212.0830453224
  5540      23688488.6885261834
  5541      23694764.9570262171
  5542      23701040.8879262209
  5543      23707316.4806070775
  5544      23713591.7344496213
  5545      23719866.6488347538
  5546      23726141.2231434062
  5547      23732415.4567566030
  5548      23738689.3490552790
  5549      23744962.8994205520
  5550      23751236.1072333865
  5551      23757508.9718750156
  5552      23763781.4927265048
  5553      23770053.6691690385
  5554      23776325.5005838238
  5555      23782596.9863521010
  5556      23788868.1258551776
  5557      23795138.9184743203
  5558      23801409.3635909259
  5559      23807679.4605863392
  5560      23813949.2088419609
  5561      23820218.6077392362
  5562      23826487.6566597000
  5563      23832756.3549848311
  5564      23839024.7020961866
  5565      23845292.6973753646
  5566      23851560.3402039595
  5567      23857827.6299636438
  5568      23864094.5660361014
  5569      23870361.1478030793
  5570      23876627.3746463135
  5571      23882893.2459476292
  5572      23889158.7610887922
  5573      23895423.9194517471
  5574      23901688.7204183452
  5575      23907953.1633705460
  5576      23914217.2476903051
  5577      23920480.9727596566
  5578      23926744.3379605971
  5579      23933007.3426752314
  5580      23939269.9862856977
  5581      23945532.2681740932
  5582      23951794.1877226308
  5583      23958055.7443135381
  5584      23964316.9373290539
  5585      23970577.7661515027
  5586      23976838.2301631644
  5587      23983098.3287463933
  5588      23989358.0612836964
  5589      23995617.4271573834
  5590      24001876.4257500097
  5591      24008135.0564440414
  5592      24014393.3186220340
  5593      24020651.2116665728
  5594      24026908.7349602729
  5595      24033165.8878857866
  5596      24039422.6698258258
  5597      24045679.0801630802
  5598      24051935.1182803176
  5599      24058190.7835603654
  5600      24064446.0753860846
  5601      24070700.9931402765
  5602      24076955.5362059139
  5603      24083209.7039658763
  5604      24089463.4958032556
  5605      24095716.9111009724
  5606      24101969.9492421150
  5607      24108222.6096098237
  5608      24114474.8915871903
  5609      24120726.7945574000
  5610      24126978.3179036304
  5611      24133229.4610091895
  5612      24139480.2232573144
  5613      24145730.6040313207
  5614      24151980.6027146168
  5615      24158230.2186905369
  5616      24164479.4513425566
  5617      24170728.3000541180
  5618      24176976.7642087862
  5619      24183224.8431900404
  5620      24189472.5363815501
  5621      24195719.8431668095
  5622      24201966.7629295923
  5623      24208213.2950535901
  5624      24214459.4389225058
  5625      24220705.1939201131
  5626      24226950.5594302677
  5627      24233195.5348367654
  5628      24239440.1195235252
  5629      24245684.3128745146
  5630      24251928.1142736562
  5631      24258171.5231049545
  5632      24264414.5387524962
  5633      24270657.1606003493
  5634      24276899.3880326189
  5635      24283141.2204334810
  5636      24289382.6571871452
  5637      24295623.6976778656
  5638      24301864.3412898555
  5639      24308104.5874075219
  5640      24314344.4354151785
  5641      24320583.8846972100
  5642      24326822.9346380904
  5643      24333061.5846222900
  5644      24339299.8340342864
  5645      24345537.6822586581
  5646      24351775.1286800578
  5647      24358012.1726829931
  5648      24364248.8136522844
  5649      24370485.0509725213
  5650      24376720.8840285465
  5651      24382956.3122050799
  5652      24389191.3348870426
  5653      24395425.9514592066
  5654      24401660.1613065824
  5655      24407893.9638140723
  5656      24414127.3583666794
  5657      24420360.3443494253
  5658      24426592.9211473912
  5659      24432825.0881457478
  5660      24439056.8447295539
  5661      24445288.1902840622
  5662      24451519.1241945140
  5663      24457749.6458461881
  5664      24463979.7546243556
  5665      24470209.4499144331
  5666      24476438.7311017662
  5667      24482667.5975718796
  5668      24488896.0487101339
  5669      24495124.0839021616
  5670      24501351.7025334872
  5671      24507578.9039896876
  5672      24513805.6876564212
  5673      24520032.0529194027
  5674      24526257.9991643466
  5675      24532483.5257769972
  5676      24538708.6321432106
  5677      24544933.3176487908
  5678      24551157.5816796720
  5679      24557381.4236217625
  5680      24563604.8428610526
  5681      24569827.8387835585
  5682      24576050.4107753411
  5683      24582272.5582225099
  5684      24588494.2805111893
  5685      24594715.5770275742
  5686      24600936.4471579120
  5687      24607156.8902884424
  5688      24613376.9058054835
  5689      24619596.4930954352
  5690      24625815.6515446082
  5691      24632034.3805395253
  5692      24638252.6794666462
  5693      24644470.5477124713
  5694      24650687.9846635535
  5695      24656904.9897065312
  5696      24663121.5622280538
  5697      24669337.7016148493
  5698      24675553.4072535671
  5699      24681768.6785310730
  5700      24687983.5148341432
  5701      24694197.9155496620
  5702      24700411.8800645173
  5703      24706625.4077656604
  5704      24712838.4980401471
  5705      24719051.1502749324
  5706      24725263.3638571426
  5707      24731475.1381738782
  5708      24737686.4726123549
  5709      24743897.3665597029
  5710      24750107.8194032572
  5711      24756317.8305302784
  5712      24762527.3993280828
  5713      24768736.5251841284
  5714      24774945.2074857540
  5715      24781153.4456205182
  5716      24787361.2389758378
  5717      24793568.5869394243
  5718      24799775.4888987280
  5719      24805981.9442414641
  5720      24812187.9523553401
  5721      24818393.5126280412
  5722      24824598.6244474128
  5723      24830803.2872012369
  5724      24837007.5002773963
  5725      24843211.2630637847
  5726      24849414.5749483854
  5727      24855617.4353191964
  5728      24861819.8435642384
  5729      24868021.7990716510
  5730      24874223.3012295403
  5731      24880424.3494261056
  5732      24886624.9430495054
  5733      24892825.0814881101
  5734      24899024.7641301639
  5735      24905223.9903640822
  5736      24911422.7595782019
  5737      24917621.0711610317
  5738      24923818.9245010689
  5739      24930016.3189867847
  5740      24936213.2540068366
  5741      24942409.7289498448
  5742      24948605.7432044670
  5743      24954801.2961594313
  5744      24960996.3872035220
  5745      24967191.0157255195
  5746      24973385.1811143123
  5747      24979578.8827587888
  5748      24985772.1200478971
  5749      24991964.8923706785
  5750      24998157.1991161034
  5751      25004349.0396733135
  5752      25010540.4134314358
  5753      25016731.3197795898
  5754      25022921.7581071183
  5755      25029111.7278031893
  5756      25035301.2282571569
  5757      25041490.2588584051
  5758      25047678.8189963512
  5759      25053866.9080603682
  5760      25060054.5254400633
  5761      25066241.6705249511
  5762      25072428.3427046128
  5763      25078614.5413687006
  5764      25084800.2659069300
  5765      25090985.5157090165
  5766      25097170.2901647240
  5767      25103354.5886639245
  5768      25109538.4105964713
  5769      25115721.7553523220
  5770      25121904.6223213710
  5771      25128087.0108937323
  5772      25134268.9204594232
  5773      25140450.3504085541
  5774      25146631.3001312986
  5775      25152811.7690178752
  5776      25158991.7564585209
  5777      25165171.2618435435
  5778      25171350.2845633142
  5779      25177528.8240081966
  5780      25183706.8795686625
  5781      25189884.4506352060
  5782      25196061.5365983509
  5783      25202238.1368487440
  5784      25208414.2507769018
  5785      25214589.8777736239
  5786      25220765.0172295980
  5787      25226939.6685356535
  5788      25233113.8310825154
  5789      25239287.5042611882
  5790      25245460.6874624975
  5791      25251633.3800774701
  5792      25257805.5814971440
  5793      25263977.2911125310
  5794      25270148.5083147995
  5795      25276319.2324950919
  5796      25282489.4630446546
  5797      25288659.1993547268
  5798      25294828.4408166185
  5799      25300997.1868217513
  5800      25307165.4367614537
  5801      25313333.1900272742
  5802      25319500.4460106082
  5803      25325667.2041031383
  5804      25331833.4636964239
  5805      25337999.2241820842
  5806      25344164.4849518873
  5807      25350329.2453975528
  5808      25356493.5049108975
  5809      25362657.2628837936
  5810      25368820.5187081061
  5811      25374983.2717758194
  5812      25381145.5214789249
  5813      25387307.2672094889
  5814      25393468.5083596185
  5815      25399629.2443214282
  5816      25405789.4744871706
  5817      25411949.1982490756
  5818      25418108.4149994031
  5819      25424267.1241305880
  5820      25430425.3250349984
  5821      25436583.0171050690
  5822      25442740.1997333169
  5823      25448896.8723122962
  5824      25455053.0342346244
  5825      25461208.6848929115
  5826      25467363.8236799389
  5827      25473518.4499883503
  5828      25479672.5632110424
  5829      25485826.1627408490
  5830      25491979.2479707152
  5831      25498131.8182934746
  5832      25504283.8731022626
  5833      25510435.4117901139
  5834      25516586.4337500781
  5835      25522736.9383753762
  5836      25528886.9250591882
  5837      25535036.3931948058
  5838      25541185.3421755061
  5839      25547333.7713946849
  5840      25553481.6802457646
  5841      25559629.0681222044
  5842      25565775.9344174750
  5843      25571922.2785252295
  5844      25578068.0998390503
  5845      25584213.3977526017
  5846      25590358.1716596186
  5847      25596502.4209538959
  5848      25602646.1450292543
  5849      25608789.3432795480
  5850      25614932.0150987618
  5851      25621074.1598808281
  5852      25627215.7770198099
  5853      25633356.8659098111
  5854      25639497.4259449281
  5855      25645637.4565194063
  5856      25651776.9570274279
  5857      25657915.9268633835
  5858      25664054.3654215373
  5859      25670192.2720963135
  5860      25676329.6462821886
  5861      25682466.4873736836
  5862      25688602.7947653048
  5863      25694738.5678516962
  5864      25700873.8060275503
  5865      25707008.5086874999
  5866      25713142.6752264127
  5867      25719276.3050391003
  5868      25725409.3975203410
  5869      25731541.9520652182
  5870      25737673.9680685624
  5871      25743805.4449255317
  5872      25749936.3820311390
  5873      25756066.7787805498
  5874      25762196.6345689893
  5875      25768325.9487916492
  5876      25774454.7208439074
  5877      25780582.9501210228
  5878      25786710.6360184997
  5879      25792837.7779317275
  5880      25798964.3752563037
  5881      25805090.4273877144
  5882      25811215.9337216280
  5883      25817340.8936537355
  5884      25823465.3065797426
  5885      25829589.1718954332
  5886      25835712.4889966957
  5887      25841835.2572793365
  5888      25847957.4761394039
  5889      25854079.1449728049
  5890      25860200.2631756850
  5891      25866320.8301440962
  5892      25872440.8452742137
  5893      25878560.3079622723
  5894      25884679.2176045626
  5895      25890797.5735973530
  5896      25896915.3753370903
  5897      25903032.6222202256
  5898      25909149.3136431687
  5899      25915265.4490025304
  5900      25921381.0276949219
  5901      25927496.0491169468
  5902      25933610.5126653276
  5903      25939724.4177368991
  5904      25945837.7637284361
  5905      25951950.5500368178
  5906      25958062.7760589607
  5907      25964174.4411918819
  5908      25970285.5448326096
  5909      25976396.0863782689
  5910      25982506.0652259812
  5911      25988615.4807729833
  5912      25994724.3324165046
  5913      26000832.6195539273
  5914      26006940.3415825628
  5915      26013047.4978999011
  5916      26019154.0879033916
  5917      26025260.1109905839
  5918      26031365.5665590949
  5919      26037470.4540065490
  5920      26043574.7727307156
  5921      26049678.5221293382
  5922      26055781.7016002014
  5923      26061884.3105412386
  5924      26067986.3483503535
  5925      26074087.8144255616
  5926      26080188.7081648968
  5927      26086289.0289664939
  5928      26092388.7762284912
  5929      26098487.9493491240
  5930      26104586.5477266386
  5931      26110684.5707593895
  5932      26116782.0178457834
  5933      26122878.8883842304
  5934      26128975.1817732602
  5935      26135070.8974114507
  5936      26141166.0346973501
  5937      26147260.5930297002
  5938      26153354.5718072392
  5939      26159447.9704286717
  5940      26165540.7882929407
  5941      26171633.0247988850
  5942      26177724.6793455034
  5943      26183815.7513318025
  5944      26189906.2401568405
  5945      26195996.1452197768
  5946      26202085.4659197927
  5947      26208174.2016561329
  5948      26214262.3518280834
  5949      26220349.9158350602
  5950      26226436.8930764422
  5951      26232523.2829517350
  5952      26238609.0848604254
  5953      26244694.2982021868
  5954      26250778.9223766252
  5955      26256862.9567834437
  5956      26262946.4008224308
  5957      26269029.2538934238
  5958      26275111.5153962709
  5959      26281193.1847309805
  5960      26287274.2612975165
  5961      26293354.7444959246
  5962      26299434.6337263510
  5963      26305513.9283889681
  5964      26311592.6278840341
  5965      26317670.7316117845
  5966      26323748.2389726341
  5967      26329825.1493669823
  5968      26335901.4621952660
  5969      26341977.1768580973
  5970      26348052.2927559912
  5971      26354126.8092896193
  5972      26360200.7258596942
  5973      26366274.0418669879
  5974      26372346.7567123547
  5975      26378418.8697966002
  5976      26384490.3805207647
  5977      26390561.2882857658
  5978      26396631.5924927704
  5979      26402701.2925427966
  5980      26408770.3878371119
  5981      26414838.8777768910
  5982      26420906.7617635131
  5983      26426974.0391982533
  5984      26433040.7094826438
  5985      26439106.7720180638
  5986      26445172.2262061276
  5987      26451237.0714483745
  5988      26457301.3071465231
  5989      26463364.9327022694
  5990      26469427.9475174248
  5991      26475490.3509937786
  5992      26481552.1425333060
  5993      26487613.3215378933
  5994      26493673.8874096461
  5995      26499733.8395505771
  5996      26505793.1773628965
  5997      26511851.9002487175
  5998      26517910.0076104328
  5999      26523967.4988502748
  6000      26530024.3733706847
  6001      26536080.6305740811
  6002      26542136.2698629834
  6003      26548191.2906399593
  6004      26554245.6923076436
  6005      26560299.4742687419
  6006      26566352.6359259784
  6007      26572405.1766822040
  6008      26578457.0959402733
  6009      26584508.3931031562
  6010      26590559.0675737970
  6011      26596609.1187553033
  6012      26602658.5460507795
  6013      26608707.3488634117
  6014      26614755.5265964456
  6015      26620803.0786531977
  6016      26626850.0044370405
  6017      26632896.3033513576
  6018      26638941.9747997075
  6019      26644987.0181856044
  6020      26651031.4329126850
  6021      26657075.2183846086
  6022      26663118.3740051389
  6023      26669160.8991780654
  6024      26675202.7933072299
  6025      26681244.0557966158
  6026      26687284.6860501729
  6027      26693324.6834719665
  6028      26699364.0474660806
  6029      26705402.7774367481
  6030      26711440.8727881685
  6031      26717478.3329246491
  6032      26723515.1572505608
  6033      26729551.3451703414
  6034      26735586.8960884437
  6035      26741621.8094094843
  6036      26747656.0845380276
  6037      26753689.7208787352
  6038      26759722.7178364359
  6039      26765755.0748158097
  6040      26771786.7912218869
  6041      26777817.8664594442
  6042      26783848.2999335676
  6043      26789878.0910492688
  6044      26795907.2392116822
  6045      26801935.7438260205
  6046      26807963.6042974815
  6047      26813990.8200314455
  6048      26820017.3904332370
  6049      26826043.3149082661
  6050      26832068.5928621180
  6051      26838093.2237002961
  6052      26844117.2068284750
  6053      26850140.5416522883
  6054      26856163.2275775708
  6055      26862185.2640100904
  6056      26868206.6503557488
  6057      26874227.3860205039
  6058      26880247.4704103619
  6059      26886266.9029313996
  6060      26892285.6829897650
  6061      26898303.8099916764
  6062      26904321.2833433747
  6063      26910338.1024512351
  6064      26916354.2667216398
  6065      26922369.7755610421
  6066      26928384.6283760108
  6067      26934398.8245730847
  6068      26940412.3635589853
  6069      26946425.2447403893
  6070      26952437.4675240964
  6071      26958449.0313169733
  6072      26964459.9355259538
  6073      26970470.1795580126
  6074      26976479.7628201842
  6075      26982488.6847195588
  6076      26988496.9446633793
  6077      26994504.5420588627
  6078      27000511.4763133191
  6079      27006517.7468341067
  6080      27012523.3530286923
  6081      27018528.2943045944
  6082      27024532.5700693503
  6083      27030536.1797306165
  6084      27036539.1226961166
  6085      27042541.3983735666
  6086      27048543.0061708875
  6087      27054543.9454958588
  6088      27060544.2157565914
  6089      27066543.8163610138
  6090      27072542.7467172518
  6091      27078541.0062335059
  6092      27084538.5943179950
  6093      27090535.5103789531
  6094      27096531.7538248450
  6095      27102527.3240640163
  6096      27108522.2205050290
  6097      27114516.4425564148
  6098      27120509.9896268174
  6099      27126502.8611248955
  6100      27132495.0564594679
  6101      27138486.5750393458
  6102      27144477.4162734151
  6103      27150467.5795706399
  6104      27156457.0643400736
  6105      27162445.8699907847
  6106      27168433.9959319532
  6107      27174421.4415727966
  6108      27180408.2063226588
  6109      27186394.2895908654
  6110      27192379.6907868385
  6111      27198364.4093201123
  6112      27204348.4446002692
  6113      27210331.7960368842
  6114      27216314.4630396739
  6115      27222296.4450185001
  6116      27228277.7413830571
  6117      27234258.3515433706
  6118      27240238.2749093436
  6119      27246217.5108910538
  6120      27252196.0588985905
  6121      27258173.9183421247
  6122      27264151.0886319317
  6123      27270127.5691782683
  6124      27276103.3593916222
  6125      27282078.4586823098
  6126      27288052.8664609455
  6127      27294026.5821380615
  6128      27299999.6051243432
  6129      27305971.9348305017
  6130      27311943.5706673339
  6131      27317914.5120456629
  6132      27323884.7583764717
  6133      27329854.3090707026
  6134      27335823.1635394655
  6135      27341791.3211939000
  6136      27347758.7814451158
  6137      27353725.5437044837
  6138      27359691.6073833480
  6139      27365656.9718930162
  6140      27371621.6366450749
  6141      27377585.6010510065
  6142      27383548.8645224385
  6143      27389511.4264710806
  6144      27395473.2863086462
  6145      27401434.4434469827
  6146      27407394.8972979933
  6147      27413354.6472736336
  6148      27419313.6927859150
  6149      27425272.0332469307
  6150      27431229.6680689231
  6151      27437186.5966640450
  6152      27443142.8184446655
  6153      27449098.3328231536
  6154      27455053.1392118782
  6155      27461007.2370235026
  6156      27466960.6256704926
  6157      27472913.3045655973
  6158      27478865.2731214985
  6159      27484816.5307509601
  6160      27490767.0768669322
  6161      27496716.9108822793
  6162      27502666.0322100669
  6163      27508614.4402633496
  6164      27514562.1344553046
  6165      27520509.1141990982
  6166      27526455.3789080605
  6167      27532400.9279955439
  6168      27538345.7608750053
  6169      27544289.8769599199
  6170      27550233.2756638713
  6171      27556175.9564004838
  6172      27562117.9185835123
  6173      27568059.1616266780
  6174      27573999.6849439368
  6175      27579939.4879491255
  6176      27585878.5700562932
  6177      27591816.9306794778
  6178      27597754.5692328550
  6179      27603691.4851306416
  6180      27609627.6777870320
  6181      27615563.1466165446
  6182      27621497.8910334483
  6183      27627431.9104523472
  6184      27633365.2042877413
  6185      27639297.7719543055
  6186      27645229.6128667668
  6187      27651160.7264398746
  6188      27657091.1120885238
  6189      27663020.7692275941
  6190      27668949.6972721666
  6191      27674877.8956372105
  6192      27680805.3637379371
  6193      27686732.1009895466
  6194      27692658.1068073064
  6195      27698583.3806066439
  6196      27704507.9218029007
  6197      27710431.7298116907
  6198      27716354.8040484749
  6199      27722277.1439289413
  6200      27728198.7488688789
  6201      27734119.6182839908
  6202      27740039.7515901774
  6203      27745959.1482034326
  6204      27751877.8075396791
  6205      27757795.7290150598
  6206      27763712.9120457284
  6207      27769629.3560479023
  6208      27775545.0604378544
  6209      27781460.0246320218
  6210      27787374.2480468415
  6211      27793287.7300988026
  6212      27799200.4702045098
  6213      27805112.4677806608
  6214      27811023.7222439982
  6215      27816934.2330112979
  6216      27822843.9994994886
  6217      27828753.0211254954
  6218      27834661.2973063774
  6219      27840568.8274592422
  6220      27846475.6110012904
  6221      27852381.6473497599
  6222      27858286.9359219968
  6223      27864191.4761353470
  6224      27870095.2674073726
  6225      27875998.3091555871
  6226      27881900.6007975824
  6227      27887802.1417511255
  6228      27893702.9314339571
  6229      27899602.9692639150
  6230      27905502.2546589375
  6231      27911400.7870369926
  6232      27917298.5658162311
  6233      27923195.5904147029
  6234      27929091.8602506593
  6235      27934987.3747424074
  6236      27940882.1333083585
  6237      27946776.1353668384
  6238      27952669.3803364709
  6239      27958561.8676358312
  6240      27964453.5966835357
  6241      27970344.5668983683
  6242      27976234.7776991501
  6243      27982124.2285047211
  6244      27988012.9187341370
  6245      27993900.8478063717
  6246      27999788.0151405670
  6247      28005674.4201559089
  6248      28011560.0622716434
  6249      28017444.9409071580
  6250      28023329.0554818250
  6251      28029212.4054151811
  6252      28035094.9901267663
  6253      28040976.8090362400
  6254      28046857.8615632951
  6255      28052738.1471277401
  6256      28058617.6651494950
  6257      28064496.4150484316
  6258      28070374.3962446079
  6259      28076251.6081581339
  6260      28082128.0502091721
  6261      28088003.7218179405
  6262      28093878.6224048436
  6263      28099752.7513901889
  6264      28105626.1081945263
  6265      28111498.6922383755
  6266      28117370.5029423907
  6267      28123241.5397272706
  6268      28129111.8020137660
  6269      28134981.2892228104
  6270      28140850.0007752664
  6271      28146717.9360921532
  6272      28152585.0945946313
  6273      28158451.4757037945
  6274      28164317.0788409039
  6275      28170181.9034272991
  6276      28176045.9488843828
  6277      28181909.2146335617
  6278      28187771.7000964619
  6279      28193633.4046946652
  6280      28199494.3278499208
  6281      28205354.4689839631
  6282      28211213.8275186531
  6283      28217072.4028759897
  6284      28222930.1944778934
  6285      28228787.2017464936
  6286      28234643.4241040051
  6287      28240498.8609726243
  6288      28246353.5117746666
  6289      28252207.3759325407
  6290      28258060.4528687522
  6291      28263912.7420058474
  6292      28269764.2427664213
  6293      28275614.9545732141
  6294      28281464.8768490031
  6295      28287314.0090166852
  6296      28293162.3504991792
  6297      28299009.9007194974
  6298      28304856.6591007560
  6299      28310702.6250661574
  6300      28316547.7980389148
  6301      28322392.1774423607
  6302      28328235.7626999766
  6303      28334078.5532351844
  6304      28339920.5484715775
  6305      28345761.7478328273
  6306      28351602.1507426091
  6307      28357441.7566247731
  6308      28363280.5649031959
  6309      28369118.5750018135
  6310      28374955.7863447294
  6311      28380792.1983559802
  6312      28386627.8104598261
  6313      28392462.6220805459
  6314      28398296.6326424405
  6315      28404129.8415700272
  6316      28409962.2482877411
  6317      28415793.8522202447
  6318      28421624.6527922004
  6319      28427454.6494283043
  6320      28433283.8415534347
  6321      28439112.2285925001
  6322      28444939.8099704944
  6323      28450766.5851124786
  6324      28456592.5534436181
  6325      28462417.7143891193
  6326      28468242.0673743039
  6327      28474065.6118245795
  6328      28479888.3471653759
  6329      28485710.2728222720
  6330      28491531.3882209063
  6331      28497351.6927869394
  6332      28503171.1859462112
  6333      28508989.8671245538
  6334      28514807.7357479371
  6335      28520624.7912423760
  6336      28526441.0330340192
  6337      28532256.4605490007
  6338      28538071.0732136033
  6339      28543884.8704542071
  6340      28549697.8516972251
  6341      28555510.0163691454
  6342      28561321.3638966121
  6343      28567131.8937062584
  6344      28572941.6052248217
  6345      28578750.4978791848
  6346      28584558.5710962489
  6347      28590365.8243029714
  6348      28596172.2569264360
  6349      28601977.8683938980
  6350      28607782.6581324562
  6351      28613586.6255695000
  6352      28619389.7701324075
  6353      28625192.0912487246
  6354      28630993.5883459002
  6355      28636794.2608516701
  6356      28642594.1081937365
  6357      28648393.1297999099
  6358      28654191.3250980414
  6359      28659988.6935161315
  6360      28665785.2344822437
  6361      28671580.9474245049
  6362      28677375.8317711055
  6363      28683169.8869503438
  6364      28688963.1123906337
  6365      28694755.5075204186
  6366      28700547.0717682019
  6367      28706337.8045627028
  6368      28712127.7053325064
  6369      28717916.7735065185
  6370      28723705.0085134879
  6371      28729492.4097824693
  6372      28735278.9767424576
  6373      28741064.7088225558
  6374      28746849.6054520123
  6375      28752633.6660600491
  6376      28758416.8900760375
  6377      28764199.2769294865
  6378      28769980.8260498568
  6379      28775761.5368668288
  6380      28781541.4088099971
  6381      28787320.4413092583
  6382      28793098.6337943599
  6383      28798875.9856953211
  6384      28804652.4964421280
  6385      28810428.1654649526
  6386      28816202.9921939149
  6387      28821976.9760593027
  6388      28827750.1164914928
  6389      28833522.4129209332
  6390      28839293.8647781424
  6391      28845064.4714937061
  6392      28850834.2324983478
  6393      28856603.1472228244
  6394      28862371.2150980271
  6395      28868138.4355548210
  6396      28873904.8080243208
  6397      28879670.3319375664
  6398      28885435.0067258142
  6399      28891198.8318202719
  6400      28896961.8066523671
  6401      28902723.9306535050
  6402      28908485.2032552138
  6403      28914245.6238890998
  6404      28920005.1919869184
  6405      28925763.9069803730
  6406      28931521.7683013752
  6407      28937278.7753818706
  6408      28943034.9276538603
  6409      28948790.2245494947
  6410      28954544.6655009761
  6411      28960298.2499405742
  6412      28966050.9773006737
  6413      28971802.8470137119
  6414      28977553.8585122526
  6415      28983304.0112288930
  6416      28989053.3045963459
  6417      28994801.7380474731
  6418      29000549.3110150546
  6419      29006296.0229320973
  6420      29012041.8732316829
  6421      29017786.8613468967
  6422      29023530.9867109545
  6423      29029274.2487571947
  6424      29035016.6469190270
  6425      29040758.1806298532
  6426      29046498.8493232988
  6427      29052238.6524329558
  6428      29057977.5893926173
  6429      29063715.6596360281
  6430      29069452.8625971414
  6431      29075189.1977099515
  6432      29080924.6644084640
  6433      29086659.2621268965
  6434      29092392.9902994968
  6435      29098125.8483605683
  6436      29103857.8357445188
  6437      29109588.9518859051
  6438      29115319.1962192506
  6439      29121048.5681792386
  6440      29126777.0672006868
  6441      29132504.6927183643
  6442      29138231.4441672526
  6443      29143957.3209823593
  6444      29149682.3225987665
  6445      29155406.4484517053
  6446      29161129.6979764216
  6447      29166852.0706082992
  6448      29172573.5657827705
  6449      29178294.1829353906
  6450      29184013.9215017669
  6451      29189732.7809176296
  6452      29195450.7606187351
  6453      29201167.8600409962
  6454      29206884.0786204077
  6455      29212599.4157929569
  6456      29218313.8709948547
  6457      29224027.4436623082
  6458      29229740.1332316510
  6459      29235451.9391392507
  6460      29241162.8608216494
  6461      29246872.8977153860
  6462      29252582.0492571257
  6463      29258290.3148836829
  6464      29263997.6940318495
  6465      29269704.1861385219
  6466      29275409.7906407788
  6467      29281114.5069757327
  6468      29286818.3345805183
  6469      29292521.2728924714
  6470      29298223.3213488981
  6471      29303924.4793873020
  6472      29309624.7464452237
  6473      29315324.1219603047
  6474      29321022.6053701937
  6475      29326720.1961127967
  6476      29332416.8936259001
  6477      29338112.6973475814
  6478      29343807.6067158841
  6479      29349501.6211689413
  6480      29355194.7401450388
  6481      29360886.9630824886
  6482      29366578.2894197181
  6483      29372268.7185952514
  6484      29377958.2500476763
  6485      29383646.8832157068
  6486      29389334.6175380722
  6487      29395021.4524536841
  6488      29400707.3874015026
  6489      29406392.4218205400
  6490      29412076.5551499873
  6491      29417759.7868289910
  6492      29423442.1162969060
  6493      29429123.5429931469
  6494      29434804.0663571618
  6495      29440483.6858285330
  6496      29446162.4008470029
  6497      29451840.2108522505
  6498      29457517.1152841225
  6499      29463193.1135825925
  6500      29468868.2051876895
  6501      29474542.3895394765
  6502      29480215.6660782024
  6503      29485888.0342441797
  6504      29491559.4934777431
  6505      29497230.0432193652
  6506      29502899.6829096451
  6507      29508568.4119892344
  6508      29514236.2298988439
  6509      29519903.1360793337
  6510      29525569.1299716234
  6511      29531234.2110166810
  6512      29536898.3786556758
  6513      29542561.6323297620
  6514      29548223.9714802355
  6515      29553885.3955484517
  6516      29559545.9039759003
  6517      29565205.4962041117
  6518      29570864.1716747731
  6519      29576521.9298295416
  6520      29582178.7701103128
  6521      29587834.6919589452
  6522      29593489.6948175132
  6523      29599143.7781280354
  6524      29604796.9413327910
  6525      29610449.1838739514
  6526      29616100.5051939897
  6527      29621750.9047352895
  6528      29627400.3819404021
  6529      29633048.9362520538
  6530      29638696.5671128891
  6531      29644343.2739657611
  6532      29649989.0562536046
  6533      29655633.9134194069
  6534      29661277.8449062519
  6535      29666920.8501573429
  6536      29672562.9286159836
  6537      29678204.0797255114
  6538      29683844.3029294051
  6539      29689483.5976712145
  6540      29695121.9633945823
  6541      29700759.3995432556
  6542      29706395.9055610821
  6543      29712031.4808919169
  6544      29717666.1249798685
  6545      29723299.8372689858
  6546      29728932.6172034480
  6547      29734564.4642275609
  6548      29740195.3777857497
  6549      29745825.3573224396
  6550      29751454.4022822119
  6551      29757082.5121097118
  6552      29762709.6862497106
  6553      29768335.9241470098
  6554      29773961.2252466045
  6555      29779585.5889934860
  6556      29785209.0148327500
  6557      29790831.5022096634
  6558      29796453.0505694821
  6559      29802073.6593576632
  6560      29807693.3280196413
  6561      29813312.0560009852
  6562      29818929.8427474536
  6563      29824546.6877047420
  6564      29830162.5903187171
  6565      29835777.5500353612
  6566      29841391.5663007125
  6567      29847004.6385609023
  6568      29852616.7662621662
  6569      29858227.9488508552
  6570      29863838.1857733317
  6571      29869447.4764761776
  6572      29875055.8204059601
  6573      29880663.2170093693
  6574      29886269.6657332294
  6575      29891875.1660244279
  6576      29897479.7173299156
  6577      29903083.3190967813
  6578      29908685.9707722031
  6579      29914287.6718034185
  6580      29919888.4216378108
  6581      29925488.2197228260
  6582      29931087.0655059852
  6583      29936684.9584349170
  6584      29942281.8979573920
  6585      29947877.8835212328
  6586      29953472.9145743176
  6587      29959066.9905647002
  6588      29964660.1109404638
  6589      29970252.2751498297
  6590      29975843.4826410823
  6591      29981433.7328626104
  6592      29987023.0252628885
  6593      29992611.3592905141
  6594      29998198.7343941666
  6595      30003785.1500225998
  6596      30009370.6056246683
  6597      30014955.1006493792
  6598      30020538.6345457248
  6599      30026121.2067628838
  6600      30031702.8167501017
  6601      30037283.4639566913
  6602      30042863.1478320882
  6603      30048441.8678258844
  6604      30054019.6233875975
  6605      30059596.4139670320
  6606      30065172.2390139438
  6607      30070747.0979783088
  6608      30076320.9903100207
  6609      30081893.9154592939
  6610      30087465.8728762604
  6611      30093036.8620112091
  6612      30098606.8823145479
  6613      30104175.9332367368
  6614      30109744.0142283812
  6615      30115311.1247401461
  6616      30120877.2642227672
  6617      30126442.4321271405
  6618      30132006.6279041991
  6619      30137569.8510050252
  6620      30143132.1008807644
  6621      30148693.3769826591
  6622      30154253.6787620485
  6623      30159813.0056703798
  6624      30165371.3571591787
  6625      30170928.7326801121
  6626      30176485.1316848546
  6627      30182040.5536252484
  6628      30187594.9979532659
  6629      30193148.4641208425
  6630      30198700.9515801482
  6631      30204252.4597833529
  6632      30209802.9881828278
  6633      30215352.5362309255
  6634      30220901.1033801362
  6635      30226448.6890831068
  6636      30231995.2927924730
  6637      30237540.9139610864
  6638      30243085.5520417690
  6639      30248629.2064876072
  6640      30254171.8767515458
  6641      30259713.5622868836
  6642      30265254.2625468411
  6643      30270793.9769847840
  6644      30276332.7050542273
  6645      30281870.4462086819
  6646      30287407.1999018602
  6647      30292942.9655874744
  6648      30298477.7427194715
  6649      30304011.5307517163
  6650      30309544.3291383199
  6651      30315076.1373333931
  6652      30320606.9547912478
  6653      30326136.7809661739
  6654      30331665.6153126508
  6655      30337193.4572852105
  6656      30342720.3063384853
  6657      30348246.1619272530
  6658      30353771.0235062912
  6659      30359294.8905306123
  6660      30364817.7624551840
  6661      30370339.6387351491
  6662      30375860.5188257657
  6663      30381380.4021823891
  6664      30386899.2882603295
  6665      30392417.1765152328
  6666      30397934.0664026625
  6667      30403449.9573784210
  6668      30408964.8488981873
  6669      30414478.7404179946
  6670      30419991.6313938275
  6671      30425503.5212817937
  6672      30431014.4095381163
  6673      30436524.2956191339
  6674      30442033.1789812110
  6675      30447541.0590809025
  6676      30453047.9353748076
  6677      30458553.8073196150
  6678      30464058.6743721589
  6679      30469562.5359893851
  6680      30475065.3916281946
  6681      30480567.2407457829
  6682      30486068.0827993229
  6683      30491567.9172461554
  6684      30497066.7435436063
  6685      30502564.5611493029
  6686      30508061.3695207275
  6687      30513557.1681156531
  6688      30519051.9563918598
  6689      30524545.7338072844
  6690      30530038.4998198636
  6691      30535530.2538877577
  6692      30541020.9954691306
  6693      30546510.7240223177
  6694      30551999.4390057139
  6695      30557487.1398777999
  6696      30562973.8260971941
  6697      30568459.4971226007
  6698      30573944.1524128281
  6699      30579427.7914267741
  6700      30584910.4136234075
  6701      30590392.0184618719
  6702      30595872.6054013632
  6703      30601352.1739011668
  6704      30606830.7234207503
  6705      30612308.2534195147
  6706      30617784.7633571699
  6707      30623260.2526933327
  6708      30628734.7208878733
  6709      30634208.1674006842
  6710      30639680.5916917697
  6711      30645151.9932212085
  6712      30650622.3714492396
  6713      30656091.7258362249
  6714      30661560.0558424667
  6715      30667027.3609285615
  6716      30672493.6405550912
  6717      30677958.8941827975
  6718      30683423.1212724447
  6719      30688886.3212850317
  6720      30694348.4936815090
  6721      30699809.6379229948
  6722      30705269.7534707859
  6723      30710728.8397861160
  6724      30716186.8963304758
  6725      30721643.9225653484
  6726      30727099.9179523811
  6727      30732554.8819533326
  6728      30738008.8140299730
  6729      30743461.7136442661
  6730      30748913.5802582875
  6731      30754364.4133341126
  6732      30759814.2123340219
  6733      30765262.9767203107
  6734      30770710.7059554979
  6735      30776157.3995020352
  6736      30781603.0568226539
  6737      30787047.6773800366
  6738      30792491.2606371082
  6739      30797933.8060567491
  6740      30803375.3131020814
  6741      30808815.7812362202
  6742      30814255.2099224292
  6743      30819693.5986240953
  6744      30825130.9468047097
  6745      30830567.2539277412
  6746      30836002.5194569938
  6747      30841436.7428561412
  6748      30846869.9235891253
  6749      30852302.0611198731
  6750      30857733.1549124755
  6751      30863163.2044312097
  6752      30868592.2091402560
  6753      30874020.1685040519
  6754      30879447.0819870643
  6755      30884872.9490539506
  6756      30890297.7691693678
  6757      30895721.5417981409
  6758      30901144.2664051577
  6759      30906565.9424554482
  6760      30911986.5694141388
  6761      30917406.1467464305
  6762      30922824.6739176363
  6763      30928242.1503932178
  6764      30933658.5756386742
  6765      30939073.9491196536
  6766      30944488.2703018822
  6767      30949901.5386512168
  6768      30955313.7536336184
  6769      30960724.9147150926
  6770      30966135.0213617980
  6771      30971544.0730400197
  6772      30976952.0692161284
  6773      30982359.0093565434
  6774      30987764.8929278776
  6775      30993169.7193967700
  6776      30998573.4882300347
  6777      31003976.1988945380
  6778      31009377.8508572392
  6779      31014778.4435852766
  6780      31020177.9765458405
  6781      31025576.4492061846
  6782      31030973.8610337637
  6783      31036370.2114960738
  6784      31041765.5000607036
  6785      31047159.7261954136
  6786      31052552.8893680200
  6787      31057944.9890464135
  6788      31063336.0246986821
  6789      31068725.9957929067
  6790      31074114.9017973952
  6791      31079502.7421804331
  6792      31084889.5164105184
  6793      31090275.2239561826
  6794      31095659.8642861247
  6795      31101043.4368690737
  6796      31106425.9411739521
  6797      31111807.3766696788
  6798      31117187.7428254113
  6799      31122567.0391102843
  6800      31127945.2649936303
  6801      31133322.4199448079
  6802      31138698.5034333840
  6803      31144073.5149289221
  6804      31149447.4539011717
  6805      31154820.3198199496
  6806      31160192.1121551916
  6807      31165562.8303769007
  6808      31170932.4739552625
  6809      31176301.0423605330
  6810      31181668.5350630656
  6811      31187034.9515332542
  6812      31192400.2912417687
  6813      31197764.5536591597
  6814      31203127.7382563800
  6815      31208489.8445041031
  6816      31213850.8718735240
  6817      31219210.8198355921
  6818      31224569.6878616214
  6819      31229927.4754228145
  6820      31235284.1819907129
  6821      31240639.8070367537
  6822      31245994.3500326164
  6823      31251347.8104500026
  6824      31256700.1877607666
  6825      31262051.4814369082
  6826      31267401.6909504086
  6827      31272750.8157735206
  6828      31278098.8553784229
  6829      31283445.8092375547
  6830      31288791.6768234335
  6831      31294136.4576085843
  6832      31299480.1510657407
  6833      31304822.7566677555
  6834      31310164.2738874480
  6835      31315504.7021979056
  6836      31320844.0410722904
  6837      31326182.2899837606
  6838      31331519.4484057128
  6839      31336855.5158116184
  6840      31342190.4916749708
  6841      31347524.3754695207
  6842      31352857.1666690074
  6843      31358188.8647473007
  6844      31363519.4691784158
  6845      31368848.9794364348
  6846      31374177.3949955814
  6847      31379504.7153301574
  6848      31384830.9399146326
  6849      31390156.0682234913
  6850      31395480.0997313857
  6851      31400803.0339130759
  6852      31406124.8702434003
  6853      31411445.6081973501
  6854      31416765.2472499795
  6855      31422083.7868764773
  6856      31427401.2265521623
  6857      31432717.5657523610
  6858      31438032.8039526790
  6859      31443346.9406286292
  6860      31448659.9752560407
  6861      31453971.9073106572
  6862      31459282.7362684757
  6863      31464592.4616055451
  6864      31469901.0827979669
  6865      31475208.5993221328
  6866      31480515.0106542967
  6867      31485820.3162710071
  6868      31491124.5156488530
  6869      31496427.6082645357
  6870      31501729.5935948603
  6871      31507030.4711167999
  6872      31512330.2403073125
  6873      31517628.9006436132
  6874      31522926.4516028874
  6875      31528222.8926625401
  6876      31533518.2233000435
  6877      31538812.4429929666
  6878      31544105.5512189977
  6879      31549397.5474559106
  6880      31554688.4311817065
  6881      31559978.2018742748
  6882      31565266.8590118624
  6883      31570554.4020726271
  6884      31575840.8305349611
  6885      31581126.1438773274
  6886      31586410.3415782712
  6887      31591693.4231164791
  6888      31596975.3879707344
  6889      31602256.2356199510
  6890      31607535.9655431435
  6891      31612814.5772193559
  6892      31618092.0701279454
  6893      31623368.4437481724
  6894      31628643.6975595132
  6895      31633917.8310415186
  6896      31639190.8436738476
  6897      31644462.7349362895
  6898      31649733.5043087974
  6899      31655003.1512712725
  6900      31660271.6753038950
  6901      31665539.0758868903
  6902      31670805.3525005765
  6903      31676070.5046254061
  6904      31681334.5317419097
  6905      31686597.4333307855
  6906      31691859.2088728361
  6907      31697119.8578489237
  6908      31702379.3797400668
  6909      31707637.7740273364
  6910      31712895.0401920080
  6911      31718151.1777153909
  6912      31723406.1860789321
  6913      31728660.0647642128
  6914      31733912.8132528700
  6915      31739164.4310267083
  6916      31744414.9175676145
  6917      31749664.2723576166
  6918      31754912.4948787764
  6919      31760159.5846133716
  6920      31765405.5410437360
  6921      31770650.3636523075
  6922      31775894.0519216321
  6923      31781136.6053344533
  6924      31786378.0233734883
  6925      31791618.3055216558
  6926      31796857.4512619525
  6927      31802095.4600775689
  6928      31807332.3314516619
  6929      31812568.0648676157
  6930      31817802.6598089151
  6931      31823036.1157590598
  6932      31828268.4322018437
  6933      31833499.6086209454
  6934      31838729.6445003524
  6935      31843958.5393240713
  6936      31849186.2925762273
  6937      31854412.9037410766
  6938      31859638.3723029420
  6939      31864862.6977463812
  6940      31870085.8795558773
  6941      31875307.9172162339
  6942      31880528.8102121651
  6943      31885748.5580286570
  6944      31890967.1601507366
  6945      31896184.6160635389
  6946      31901400.9252523482
  6947      31906616.0872025155
  6948      31911830.1013995558
  6949      31917042.9673290662
  6950      31922254.6844767593
  6951      31927465.2523284443
  6952      31932674.6703700982
  6953      31937882.9380877577
  6954      31943090.0549676046
  6955      31948296.0204959102
  6956      31953500.8341590986
  6957      31958704.4954436496
  6958      31963907.0038361698
  6959      31969108.3588234708
  6960      31974308.5598923266
  6961      31979507.6065297574
  6962      31984705.4982228316
  6963      31989902.2344586961
  6964      31995097.8147247322
  6965      32000292.2385083064
  6966      32005485.5052970015
  6967      32010677.6145784073
  6968      32015868.5658403262
  6969      32021058.3585706651
  6970      32026246.9922573417
  6971      32031434.4663885422
  6972      32036620.7804524153
  6973      32041805.9339373484
  6974      32046989.9263317883
  6975      32052172.7571242787
  6976      32057354.4258035123
  6977      32062534.9318582676
  6978      32067714.2747774720
  6979      32072892.4540501535
  6980      32078069.4691654257
  6981      32083245.3196125627
  6982      32088420.0048809238
  6983      32093593.5244599804
  6984      32098765.8778393790
  6985      32103937.0645087399
  6986      32109107.0839580148
  6987      32114275.9356770627
  6988      32119443.6191559732
  6989      32124610.1338849068
  6990      32129775.4793541245
  6991      32134939.6550540738
  6992      32140102.6604752988
  6993      32145264.4951083809
  6994      32150425.1584440768
  6995      32155584.6499732919
  6996      32160742.9691869579
  6997      32165900.1155761890
  6998      32171056.0886322483
  6999      32176210.8878463916
  7000      32181364.5127101243
  7001      32186516.9627149515
  7002      32191668.2373525873
  7003      32196818.3361148275
  7004      32201967.2584935501
  7005      32207115.0039808266
  7006      32212261.5720687471
  7007      32217406.9622495845
  7008      32222551.1740157343
  7009      32227694.2068596892
  7010      32232836.0602740385
  7011      32237976.7337514423
  7012      32243116.2267848812
  7013      32248254.5388671830
  7014      32253391.6694914848
  7015      32258527.6181509458
  7016      32263662.3843388744
  7017      32268795.9675487392
  7018      32273928.3672740087
  7019      32279059.5830083713
  7020      32284189.6142456010
  7021      32289318.4604795650
  7022      32294446.1212043129
  7023      32299572.5959139317
  7024      32304697.8841026500
  7025      32309821.9852648750
  7026      32314944.8988949917
  7027      32320066.6244877204
  7028      32325187.1615376361
  7029      32330306.5095396638
  7030      32335424.6679886766
  7031      32340541.6363797896
  7032      32345657.4142081551
  7033      32350772.0009690449
  7034      32355885.3961579092
  7035      32360997.5992702618
  7036      32366108.6098017767
  7037      32371218.4272481538
  7038      32376327.0511053316
  7039      32381434.4808693379
  7040      32386540.7160361931
  7041      32391645.7561021820
  7042      32396749.6005636863
  7043      32401852.2489171773
  7044      32406953.7006592304
  7045      32412053.9552865252
  7046      32417153.0122958943
  7047      32422250.8711843304
  7048      32427347.5314488821
  7049      32432442.9925866686
  7050      32437537.2540950663
  7051      32442630.3154714629
  7052      32447722.1762133799
  7053      32452812.8358184732
  7054      32457902.2937845699
  7055      32462990.5496094599
  7056      32468077.6027912498
  7057      32473163.4528280087
  7058      32478248.0992180407
  7059      32483331.5414596833
  7060      32488413.7790513299
  7061      32493494.8114917651
  7062      32498574.6382795870
  7063      32503653.2589136511
  7064      32508730.6728929505
  7065      32513806.8797165528
  7066      32518881.8788836114
  7067      32523955.6698935181
  7068      32529028.2522456758
  7069      32534099.6254396290
  7070      32539169.7889750898
  7071      32544238.7423518114
  7072      32549306.4850697294
  7073      32554373.0166288801
  7074      32559438.3365294002
  7075      32564502.4442715980
  7076      32569565.3393558003
  7077      32574627.0212826133
  7078      32579687.4895525537
  7079      32584746.7436665073
  7080      32589804.7831252366
  7081      32594861.6074297577
  7082      32599917.2160812169
  7083      32604971.6085808054
  7084      32610024.7844298929
  7085      32615076.7431299686
  7086      32620127.4841825962
  7087      32625177.0070894547
  7088      32630225.3113524430
  7089      32635272.3964735195
  7090      32640318.2619546577
  7091      32645362.9072981477
  7092      32650406.3320062831
  7093      32655448.5355814435
  7094      32660489.5175262503
  7095      32665529.2773433402
  7096      32670567.8145355061
  7097      32675605.1286056712
  7098      32680641.2190568782
  7099      32685676.0853922814
  7100      32690709.7271151356
  7101      32695742.1437288746
  7102      32700773.3347369991
  7103      32705803.2996431254
  7104      32710832.0379510671
  7105      32715859.5491646454
  7106      32720885.8327879719
  7107      32725910.8883249909
  7108      32730934.7152801231
  7109      32735957.3131576553
  7110      32740978.6814620718
  7111      32745998.8196979873
  7112      32751017.7273701727
  7113      32756035.4039833955
  7114      32761051.8490426950
  7115      32766067.0620531626
  7116      32771081.0425200164
  7117      32776093.7899485119
  7118      32781105.3038442545
  7119      32786115.5837126821
  7120      32791124.6290595941
  7121      32796132.4393907897
  7122      32801139.0142122246
  7123      32806144.3530299030
  7124      32811148.4553500973
  7125      32816151.3206790462
  7126      32821152.9485232756
  7127      32826153.3383892626
  7128      32831152.4897836931
  7129      32836150.4022134505
  7130      32841147.0751853324
  7131      32846142.5082064793
  7132      32851136.7007840239
  7133      32856129.6524252743
  7134      32861121.3626376167
  7135      32866111.8309286200
  7136      32871101.0568058826
  7137      32876089.0397772230
  7138      32881075.7793505751
  7139      32886061.2750339173
  7140      32891045.5263353884
  7141      32896028.5327633098
  7142      32901010.2938260511
  7143      32905990.8090321086
  7144      32910970.0778901540
  7145      32915948.0999089070
  7146      32920924.8745973036
  7147      32925900.4014643468
  7148      32930874.6800191104
  7149      32935847.7097709179
  7150      32940819.4902290963
  7151      32945790.0209031999
  7152      32950759.3013027981
  7153      32955727.3309376612
  7154      32960694.1093176864
  7155      32965659.6359528005
  7156      32970623.9103531949
  7157      32975586.9320290871
  7158      32980548.7004908435
  7159      32985509.2152489200
  7160      32990468.4758139811
  7161      32995426.4816967137
  7162      33000383.2324079871
  7163      33005338.7274588719
  7164      33010292.9663603306
  7165      33015245.9486237019
  7166      33020197.6737602949
  7167      33025148.1412816308
  7168      33030097.3506992385
  7169      33035045.3015249372
  7170      33039991.9932705015
  7171      33044937.4254479669
  7172      33049881.5975693911
  7173      33054824.5091470256
  7174      33059766.1596932039
  7175      33064706.5487203971
  7176      33069645.6757412292
  7177      33074583.5402683951
  7178      33079520.1418147609
  7179      33084455.4798932597
  7180      33089389.5540170595
  7181      33094322.3636993170
  7182      33099253.9084533677
  7183      33104184.1877927966
  7184      33109113.2012310587
  7185      33114040.9482819401
  7186      33118967.4284592830
  7187      33123892.6412770599
  7188      33128816.5862493627
  7189      33133739.2628903911
  7190      33138660.6707145236
  7191      33143580.8092362173
  7192      33148499.6779700667
  7193      33153417.2764307819
  7194      33158333.6041332632
  7195      33163248.6605924107
  7196      33168162.4453233480
  7197      33173074.9578413293
  7198      33177986.1976616345
  7199      33182896.1642998010
  7200      33187804.8572713919
  7201      33192712.2760921642
  7202      33197618.4202779420
  7203      33202523.2893447354
  7204      33207426.8828085735
  7205      33212329.2001857720
  7206      33217230.2409926280
  7207      33222130.0047456510
  7208      33227028.4909614138
  7209      33231925.6991566867
  7210      33236821.6288483180
  7211      33241716.2795532607
  7212      33246609.6507886872
  7213      33251501.7420717888
  7214      33256392.5529199243
  7215      33261282.0828505866
  7216      33266170.3313814178
  7217      33271057.2980301529
  7218      33275942.9823146202
  7219      33280827.3837528825
  7220      33285710.5018629879
  7221      33290592.3361632302
  7222      33295472.8861720003
  7223      33300352.1514077447
  7224      33305230.1313891374
  7225      33310106.8256349117
  7226      33314982.2336639576
  7227      33319856.3549952805
  7228      33324729.1891480200
  7229      33329600.7356414385
  7230      33334470.9939949289
  7231      33339339.9637279846
  7232      33344207.6443602853
  7233      33349074.0354115963
  7234      33353939.1364017725
  7235      33358802.9468508959
  7236      33363665.4662790969
  7237      33368526.6942066401
  7238      33373386.6301539727
  7239      33378245.2736416087
  7240      33383102.6241901666
  7241      33387958.6813205071
  7242      33392813.4445535056
  7243      33397666.9134102538
  7244      33402519.0874118768
  7245      33407369.9660796784
  7246      33412219.5489351116
  7247      33417067.8354997411
  7248      33421914.8252951875
  7249      33426760.5178433694
  7250      33431604.9126661196
  7251      33436448.0092855655
  7252      33441289.8072238863
  7253      33446130.3060034476
  7254      33450969.5051466189
  7255      33455807.4041760713
  7256      33460644.0026144497
  7257      33465479.2999846190
  7258      33470313.2958095409
  7259      33475145.9896123223
  7260      33479977.3809161559
  7261      33484807.4692444317
  7262      33489636.2541205920
  7263      33494463.7350682877
  7264      33499289.9116112068
  7265      33504114.7832732387
  7266      33508938.3495784141
  7267      33513760.6100507602
  7268      33518581.5642146543
  7269      33523401.2115943842
  7270      33528219.5517144725
  7271      33533036.5840996206
  7272      33537852.3082745150
  7273      33542666.7237641104
  7274      33547479.8300934173
  7275      33552291.6267875656
  7276      33557102.1133718789
  7277      33561911.2893717512
  7278      33566719.1543126777
  7279      33571525.7077204213
  7280      33576330.9491207749
  7281      33581134.8780396059
  7282      33585937.4940029830
  7283      33590738.7965371534
  7284      33595538.7851683944
  7285      33600337.4594231471
  7286      33605134.8188280240
  7287      33609930.8629096746
  7288      33614725.5911950693
  7289      33619519.0032110438
  7290      33624311.0984846875
  7291      33629101.8765433803
  7292      33633891.3369143233
  7293      33638679.4791250899
  7294      33643466.3027032241
  7295      33648251.8071766049
  7296      33653035.9920729771
  7297      33657818.8569204509
  7298      33662600.4012470394
  7299      33667380.6245811060
  7300      33672159.5264510736
  7301      33676937.1063854024
  7302      33681713.3639127612
  7303      33686488.2985619977
  7304      33691261.9098619968
  7305      33696034.1973417699
  7306      33700805.1605305672
  7307      33705574.7989576906
  7308      33710343.1121525392
  7309      33715110.0996447057
  7310      33719875.7609639168
  7311      33724640.0956400484
  7312      33729403.1032029316
  7313      33734164.7831828073
  7314      33738925.1351098344
  7315      33743684.1585143656
  7316      33748441.8529269546
  7317      33753198.2178781554
  7318      33757953.2528986856
  7319      33762706.9575195909
  7320      33767459.3312717676
  7321      33772210.3736862689
  7322      33776960.0842946246
  7323      33781708.4626280367
  7324      33786455.5082180947
  7325      33791201.2205965668
  7326      33795945.5992951319
  7327      33800688.6438457891
  7328      33805430.3537806273
  7329      33810170.7286317274
  7330      33814909.7679315507
  7331      33819647.4712125510
  7332      33824383.8380072117
  7333      33829118.8678483665
  7334      33833852.5602688342
  7335      33838584.9148016423
  7336      33843315.9309798405
  7337      33848045.6083367541
  7338      33852773.9464057311
  7339      33857500.9447202682
  7340      33862226.6028140336
  7341      33866950.9202208593
  7342      33871673.8964746669
  7343      33876395.5311093703
  7344      33881115.8236592785
  7345      33885834.7736586779
  7346      33890552.3806419745
  7347      33895268.6441437602
  7348      33899983.5636987835
  7349      33904697.1388418227
  7350      33909409.3691078946
  7351      33914120.2540321201
  7352      33918829.7931497172
  7353      33923537.9859960303
  7354      33928244.8321066275
  7355      33932950.3310170323
  7356      33937654.4822632298
  7357      33942357.2853809074
  7358      33947058.7399061993
  7359      33951758.8453753069
  7360      33956457.6013244614
  7361      33961155.0072901100
  7362      33965851.0628088862
  7363      33970545.7674174011
  7364      33975239.1206525788
  7365      33979931.1220513135
  7366      33984621.7711508125
  7367      33989311.0674881637
  7368      33993999.0106008798
  7369      33998685.6000263691
  7370      34003370.8353023231
  7371      34008054.7159664705
  7372      34012737.2415567413
  7373      34017418.4116112143
  7374      34022098.2256679535
  7375      34026776.6832653657
  7376      34031453.7839418128
  7377      34036129.5272359625
  7378      34040803.9126864597
  7379      34045476.9398321286
  7380      34050148.6082119569
  7381      34054818.9173651189
  7382      34059487.8668307513
  7383      34064155.4561482742
  7384      34068821.6848572493
  7385      34073486.5524972677
  7386      34078150.0586081371
  7387      34082812.2027297318
  7388      34087472.9844021425
  7389      34092132.4031655788
  7390      34096790.4585603029
  7391      34101447.1501266956
  7392      34106102.4774055183
  7393      34110756.4399373829
  7394      34115409.0372631550
  7395      34120060.2689238414
  7396      34124710.1344606057
  7397      34129358.6334145814
  7398      34134005.7653273195
  7399      34138651.5297402218
  7400      34143295.9261950850
  7401      34147938.9542335793
  7402      34152580.6133976951
  7403      34157220.9032295272
  7404      34161859.8232712001
  7405      34166497.3730651140
  7406      34171133.5521537885
  7407      34175768.3600797802
  7408      34180401.7963858023
  7409      34185033.8606147766
  7410      34189664.5523097292
  7411      34194293.8710137680
  7412      34198921.8162702024
  7413      34203548.3876225203
  7414      34208173.5846141651
  7415      34212797.4067889377
  7416      34217419.8536906168
  7417      34222040.9248631001
  7418      34226660.6198505908
  7419      34231278.9381973073
  7420      34235895.8794476241
  7421      34240511.4431459382
  7422      34245125.6288370937
  7423      34249738.4360656813
  7424      34254349.8643767983
  7425      34258959.9133152813
  7426      34263568.5824265331
  7427      34268175.8712557256
  7428      34272781.7793483883
  7429      34277386.3062501475
  7430      34281989.4515066147
  7431      34286591.2146637589
  7432      34291191.5952676386
  7433      34295790.5928641930
  7434      34300388.2069999203
  7435      34304984.4372211620
  7436      34309579.2830743715
  7437      34314172.7441063970
  7438      34318764.8198639229
  7439      34323355.5098940134
  7440      34327944.8137437701
  7441      34332532.7309602946
  7442      34337119.2610910758
  7443      34341704.4036836326
  7444      34346288.1582855061
  7445      34350870.5244446173
  7446      34355451.5017087460
  7447      34360031.0896260589
  7448      34364609.2877447307
  7449      34369186.0956130177
  7450      34373761.5127794445
  7451      34378335.5387925953
  7452      34382908.1732012853
  7453      34387479.4155542701
  7454      34392049.2654006928
  7455      34396617.7222896293
  7456      34401184.7857703865
  7457      34405750.4553923607
  7458      34410314.7307051867
  7459      34414877.6112585366
  7460      34419439.0966022238
  7461      34423999.1862862781
  7462      34428557.8798608258
  7463      34433115.1768760309
  7464      34437671.0768823922
  7465      34442225.5794303268
  7466      34446778.6840706691
  7467      34451330.3903540522
  7468      34455880.6978315264
  7469      34460429.6060540751
  7470      34464977.1145731062
  7471      34469523.2229397595
  7472      34474067.9307056591
  7473      34478611.2374223992
  7474      34483153.1426417530
  7475      34487693.6459156796
  7476      34492232.7467961758
  7477      34496770.4448354542
  7478      34501306.7395858243
  7479      34505841.6305997446
  7480      34510375.1174298525
  7481      34514907.1996288076
  7482      34519437.8767496124
  7483      34523967.1483451948
  7484      34528495.0139688030
  7485      34533021.4731735736
  7486      34537546.5255131200
  7487      34542070.1705408469
  7488      34546592.4078106582
  7489      34551113.2368762568
  7490      34555632.6572916955
  7491      34560150.6686110646
  7492      34564667.2703887150
  7493      34569182.4621788710
  7494      34573696.2435363308
  7495      34578208.6140155718
  7496      34582719.5731715113
  7497      34587229.1205591634
  7498      34591737.2557335049
  7499      34596243.9782498777
  7500      34600749.2876636237
  7501      34605253.1835302785
  7502      34609755.6654054970
  7503      34614256.7328450456
  7504      34618756.3854048997
  7505      34623254.6226411760
  7506      34627751.4441099912
  7507      34632246.8493678793
  7508      34636740.8379710987
  7509      34641233.4094765112
  7510      34645724.5634407327
  7511      34650214.2994208112
  7512      34654702.6169737130
  7513      34659189.5156566575
  7514      34663674.9950269908
  7515      34668159.0546422452
  7516      34672641.6940598786
  7517      34677122.9128378332
  7518      34681602.7105339170
  7519      34686081.0867061466
  7520      34690558.0409127846
  7521      34695033.5727120787
  7522      34699507.6816624776
  7523      34703980.3673226684
  7524      34708451.6292512938
  7525      34712921.4670072645
  7526      34717389.8801496774
  7527      34721856.8682375625
  7528      34726322.4308302775
  7529      34730786.5674873814
  7530      34735249.2777682617
  7531      34739710.5612327904
  7532      34744170.4174407199
  7533      34748628.8459521607
  7534      34753085.8463271782
  7535      34757541.4181261063
  7536      34761995.5609093681
  7537      34766448.2742375061
  7538      34770899.5576712862
  7539      34775349.4107715487
  7540      34779797.8330991566
  7541      34784244.8242154494
  7542      34788690.3836815432
  7543      34793134.5110588968
  7544      34797577.2059091777
  7545      34802018.4677939117
  7546      34806458.2962750345
  7547      34810896.6909145340
  7548      34815333.6512744352
  7549      34819769.1769172400
  7550      34824203.2674050406
  7551      34828635.9223005772
  7552      34833067.1411665455
  7553      34837496.9235656485
  7554      34841925.2690610141
  7555      34846352.1772156283
  7556      34850777.6475928575
  7557      34855201.6797560155
  7558      34859624.2732686996
  7559      34864045.4276945442
  7560      34868465.1425973698
  7561      34872883.4175411984
  7562      34877300.2520900965
  7563      34881715.6458083540
  7564      34886129.5982602760
  7565      34890542.1090105101
  7566      34894953.1776236519
  7567      34899362.8036645502
  7568      34903770.9866981357
  7569      34908177.7262895852
  7570      34912583.0220040455
  7571      34916986.8734070212
  7572      34921389.2800638974
  7573      34925790.2415405288
  7574      34930189.7574025616
  7575      34934587.8272160366
  7576      34938984.4505470842
  7577      34943379.6269618645
  7578      34947773.3560268357
  7579      34952165.6373084933
  7580      34956556.4703735337
  7581      34960945.8547886983
  7582      34965333.7901210859
  7583      34969720.2759376317
  7584      34974105.3118057624
  7585      34978488.8972926810
  7586      34982871.0319660380
  7587      34987251.7153934464
  7588      34991630.9471428543
  7589      34996008.7267819643
  7590      35000385.0538790971
  7591      35004759.9280024543
  7592      35009133.3487203792
  7593      35013505.3156014457
  7594      35017875.8282143250
  7595      35022244.8861278147
  7596      35026612.4889109060
  7597      35030978.6361326426
  7598      35035343.3273624033
  7599      35039706.5621694624
  7600      35044068.3401233703
  7601      35048428.6607939154
  7602      35052787.5237507597
  7603      35057144.9285640344
  7604      35061500.8748037070
  7605      35065855.3620401770
  7606      35070208.3898437694
  7607      35074559.9577849880
  7608      35078910.0654345676
  7609      35083258.7123633996
  7610      35087605.8981423602
  7611      35091951.6223426312
  7612      35096295.8845354691
  7613      35100638.6842922196
  7614      35104980.0211845934
  7615      35109319.8947840929
  7616      35113658.3046627194
  7617      35117995.2503923774
  7618      35122330.7315452099
  7619      35126664.7476935014
  7620      35130997.2984097078
  7621      35135328.3832663074
  7622      35139658.0018361062
  7623      35143986.1536919177
  7624      35148312.8384067789
  7625      35152638.0555536896
  7626      35156961.8047060892
  7627      35161284.0854374170
  7628      35165604.8973211497
  7629      35169924.2399310619
  7630      35174242.1128410622
  7631      35178558.5156251192
  7632      35182873.4478573054
  7633      35187186.9091121107
  7634      35191498.8989638612
  7635      35195809.4169872031
  7636      35200118.4627568051
  7637      35204426.0358476117
  7638      35208732.1358346641
  7639      35213036.7622930631
  7640      35217339.9147982225
  7641      35221641.5929255411
  7642      35225941.7962506488
  7643      35230240.5243493170
  7644      35234537.7767973840
  7645      35238833.5531710014
  7646      35243127.8530463129
  7647      35247420.6759996712
  7648      35251712.0216075182
  7649      35256001.8894464523
  7650      35260290.2790933922
  7651      35264577.1901251376
  7652      35268862.6221188083
  7653      35273146.5746515840
  7654      35277429.0473008752
  7655      35281710.0396441445
  7656      35285989.5512590334
  7657      35290267.5817233995
  7658      35294544.1306151599
  7659      35298819.1975124031
  7660      35303092.7819932625
  7661      35307364.8836363181
  7662      35311635.5020199940
  7663      35315904.6367229074
  7664      35320172.2873239964
  7665      35324438.4534021392
  7666      35328703.1345365196
  7667      35332966.3303063661
  7668      35337228.0402910039
  7669      35341488.2640701830
  7670      35345747.0012234673
  7671      35350004.2513306811
  7672      35354260.0139718726
  7673      35358514.2887271941
  7674      35362767.0751768947
  7675      35367018.3729014844
  7676      35371268.1814814210
  7677      35375516.5004975274
  7678      35379763.3295306787
  7679      35384008.6681618392
  7680      35388252.5159722418
  7681      35392494.8725431114
  7682      35396735.7374560386
  7683      35400975.1102925539
  7684      35405212.9906343743
  7685      35409449.3780635446
  7686      35413684.2721619532
  7687      35417917.6725119203
  7688      35422149.5786957741
  7689      35426379.9902959540
  7690      35430608.9068951234
  7691      35434836.3280761167
  7692      35439062.2534218282
  7693      35443286.6825153232
  7694      35447509.6149398759
  7695      35451731.0502789095
  7696      35455950.9881158546
  7697      35460169.4280343726
  7698      35464386.3696184009
  7699      35468601.8124518842
  7700      35472815.7561188117
  7701      35477028.2002036572
  7702      35481239.1442906111
  7703      35485448.5879644305
  7704      35489656.5308097601
  7705      35493862.9724113420
  7706      35498067.9123543799
  7707      35502271.3502239212
  7708      35506473.2856052145
  7709      35510673.7180838808
  7710      35514872.6472453400
  7711      35519070.0726754591
  7712      35523265.9939600751
  7713      35527460.4106852487
  7714      35531653.3224371746
  7715      35535844.7288021967
  7716      35540034.6293668225
  7717      35544223.0237175897
  7718      35548409.9114414975
  7719      35552595.2921252474
  7720      35556779.1653560996
  7721      35560961.5307211652
  7722      35565142.3878079131
  7723      35569321.7362038195
  7724      35573499.5754965991
  7725      35577675.9052740335
  7726      35581850.7251241654
  7727      35586024.0346350446
  7728      35590195.8333950639
  7729      35594366.1209924519
  7730      35598534.8970160633
  7731      35602702.1610543430
  7732      35606867.9126963392
  7733      35611032.1515309811
  7734      35615194.8771475032
  7735      35619356.0891351774
  7736      35623515.7870834619
  7737      35627673.9705820829
  7738      35631830.6392206773
  7739      35635985.7925892025
  7740      35640139.4302777424
  7741      35644291.5518765226
  7742      35648442.1569759026
  7743      35652591.2451663837
  7744      35656738.8160386682
  7745      35660884.8691834807
  7746      35665029.4041918516
  7747      35669172.4206549302
  7748      35673313.9181639254
  7749      35677453.8963102549
  7750      35681592.3546854630
  7751      35685729.2928813919
  7752      35689864.7104896903
  7753      35693998.6071025431
  7754      35698130.9823120832
  7755      35702261.8357105628
  7756      35706391.1668904945
  7757      35710518.9754445031
  7758      35714645.2609652802
  7759      35718770.0230458677
  7760      35722893.2612792104
  7761      35727014.9752585813
  7762      35731135.1645773053
  7763      35735253.8288289383
  7764      35739370.9676071629
  7765      35743486.5805057734
  7766      35747600.6671187058
  7767      35751713.2270401642
  7768      35755824.2598642781
  7769      35759933.7651855424
  7770      35764041.7425986081
  7771      35768148.1916980520
  7772      35772253.1120788902
  7773      35776356.5033360571
  7774      35780458.3650646508
  7775      35784558.6968602017
  7776      35788657.4983179942
  7777      35792754.7690337375
  7778      35796850.5086032078
  7779      35800944.7166222855
  7780      35805037.3926871866
  7781      35809128.5363939852
  7782      35813218.1473391280
  7783      35817306.2251191214
  7784      35821392.7693306953
  7785      35825477.7795706913
  7786      35829561.2554360107
  7787      35833643.1965238824
  7788      35837723.6024315134
  7789      35841802.4727564603
  7790      35845879.8070962206
  7791      35849955.6050485224
  7792      35854029.8662113696
  7793      35858102.5901826918
  7794      35862173.7765607834
  7795      35866243.4249439016
  7796      35870311.5349306315
  7797      35874378.1061196402
  7798      35878443.1381096095
  7799      35882506.6304995790
  7800      35886568.5828887075
  7801      35890628.9948761910
  7802      35894687.8660614565
  7803      35898745.1960440502
  7804      35902800.9844237268
  7805      35906855.2308003753
  7806      35910907.9347738773
  7807      35914959.0959446207
  7808      35919008.7139127329
  7809      35923056.7882788330
  7810      35927103.3186434433
  7811      35931148.3046075031
  7812      35935191.7457717955
  7813      35939233.6417374611
  7814      35943273.9921056926
  7815      35947312.7964780331
  7816      35951350.0544558689
  7817      35955385.7656409591
  7818      35959419.9296351746
  7819      35963452.5460404530
  7820      35967483.6144590080
  7821      35971513.1344931126
  7822      35975541.1057453081
  7823      35979567.5278181061
  7824      35983592.4003142715
  7825      35987615.7228368297
  7826      35991637.4949887842
  7827      35995657.7163733691
  7828      35999676.3865939453
  7829      36003693.5052540973
  7830      36007709.0719574019
  7831      36011723.0863078311
  7832      36015735.5479092747
  7833      36019746.4563660026
  7834      36023755.8112820834
  7835      36027763.6122622266
  7836      36031769.8589108735
  7837      36035774.5508328527
  7838      36039777.6876330227
  7839      36043779.2689164802
  7840      36047779.2942884266
  7841      36051777.7633542791
  7842      36055774.6757195070
  7843      36059770.0309897959
  7844      36063763.8287710398
  7845      36067756.0686691105
  7846      36071746.7502902821
  7847      36075735.8732407168
  7848      36079723.4371268824
  7849      36083709.4415555596
  7850      36087693.8861332536
  7851      36091676.7704670504
  7852      36095658.0941638723
  7853      36099637.8568310365
  7854      36103616.0580758974
  7855      36107592.6975060105
  7856      36111567.7747289091
  7857      36115541.2893526256
  7858      36119513.2409849688
  7859      36123483.6292341575
  7860      36127452.4537085369
  7861      36131419.7140164673
  7862      36135385.4097666368
  7863      36139349.5405677259
  7864      36143312.1060286760
  7865      36147273.1057585478
  7866      36151232.5393665954
  7867      36155190.4064621851
  7868      36159146.7066547796
  7869      36163101.4395541474
  7870      36167054.6047701091
  7871      36171006.2019126415
  7872      36174956.2305919081
  7873      36178904.6904181689
  7874      36182851.5810019746
  7875      36186796.9019537866
  7876      36190740.6528845951
  7877      36194682.8334051222
  7878      36198623.4431265071
  7879      36202562.4816600457
  7880      36206499.9486170188
  7881      36210435.8436090723
  7882      36214370.1662478521
  7883      36218302.9161451831
  7884      36222234.0929131806
  7885      36226163.6961638704
  7886      36230091.7255096585
  7887      36234018.1805629954
  7888      36237943.0609364957
  7889      36241866.3662429526
  7890      36245788.0960953608
  7891      36249708.2501067221
  7892      36253626.8278903738
  7893      36257543.8290596828
  7894      36261459.2532281727
  7895      36265373.1000096127
  7896      36269285.3690179139
  7897      36273196.0598670170
  7898      36277105.1721711084
  7899      36281012.7055446431
  7900      36284918.6596019790
  7901      36288823.0339578688
  7902      36292725.8282269686
  7903      36296627.0420244709
  7904      36300526.6749653369
  7905      36304424.7266649082
  7906      36308321.1967385784
  7907      36312216.0848019347
  7908      36316109.3904707208
  7909      36320001.1133608520
  7910      36323891.2530884147
  7911      36327779.8092695698
  7912      36331666.7815206721
  7913      36335552.1694583297
  7914      36339435.9726991430
  7915      36343318.1908599883
  7916      36347198.8235577792
  7917      36351077.8704098687
  7918      36354955.3310333267
  7919      36358831.2050457597
  7920      36362705.4920646995
  7921      36366578.1917080432
  7922      36370449.3035935909
  7923      36374318.8273395225
  7924      36378186.7625640035
  7925      36382053.1088855565
  7926      36385917.8659226075
  7927      36389781.0332939923
  7928      36393642.6106184646
  7929      36397502.5975151211
  7930      36401360.9936032295
  7931      36405217.7985019162
  7932      36409073.0118309408
  7933      36412926.6332097799
  7934      36416778.6622583121
  7935      36420629.0985964835
  7936      36424477.9418444559
  7937      36428325.1916224360
  7938      36432170.8475510031
  7939      36436014.9092506915
  7940      36439857.3763422072
  7941      36443698.2484465465
  7942      36447537.5251847133
  7943      36451375.2061779797
  7944      36455211.2910477296
  7945      36459045.7794155404
  7946      36462878.6709030345
  7947      36466709.9651321694
  7948      36470539.6617248282
  7949      36474367.7603033185
  7950      36478194.2604898810
  7951      36482019.1619070694
  7952      36485842.4641775489
  7953      36489664.1669240445
  7954      36493484.2697694823
  7955      36497302.7723372281
  7956      36501119.6742502898
  7957      36504934.9751322120
  7958      36508748.6746066436
  7959      36512560.7722972408
  7960      36516371.2678279579
  7961      36520180.1608228683
  7962      36523987.4509062171
  7963      36527793.1377023309
  7964      36531597.2208358347
  7965      36535399.6999313831
  7966      36539200.5746138468
  7967      36542999.8445081785
  7968      36546797.5092396438
  7969      36550593.5684335902
  7970      36554388.0217154548
  7971      36558180.8687108681
  7972      36561972.1090456992
  7973      36565761.7423459217
  7974      36569549.7682376206
  7975      36573336.1863470897
  7976      36577120.9963008016
  7977      36580904.1977253333
  7978      36584685.7902474403
  7979      36588465.7734940872
  7980      36592244.1470922977
  7981      36596020.9106693491
  7982      36599796.0638526827
  7983      36603569.6062697396
  7984      36607341.5375483185
  7985      36611111.8573162779
  7986      36614880.5652016178
  7987      36618647.6608325467
  7988      36622413.1438374296
  7989      36626177.0138448328
  7990      36629939.2704833224
  7991      36633699.9133817703
  7992      36637458.9421691298
  7993      36641216.3564746305
  7994      36644972.1559275240
  7995      36648726.3401573226
  7996      36652478.9087935239
  7997      36656229.8614660800
  7998      36659979.1978047937
  7999      36663726.9174399078
  8000      36667473.0200015232
  8001      36671217.5051201805
  8002      36674960.3724264205
  8003      36678701.6215510070
  8004      36682441.2521248087
  8005      36686179.2637789175
  8006      36689915.6561445147
  8007      36693650.4288530052
  8008      36697383.5815359950
  8009      36701115.1138250679
  8010      36704845.0253521129
  8011      36708573.3157491907
  8012      36712299.9846484512
  8013      36716025.0316822827
  8014      36719748.4564831033
  8015      36723470.2586836293
  8016      36727190.4379166886
  8017      36730908.9938151985
  8018      36734625.9260123521
  8019      36738341.2341414541
  8020      36742054.9178359434
  8021      36745766.9767294154
  8022      36749477.4104557186
  8023      36753186.2186487764
  8024      36756893.4009426162
  8025      36760598.9569715783
  8026      36764302.8863700405
  8027      36768005.1887726635
  8028      36771705.8638140485
  8029      36775404.9111292437
  8030      36779102.3303532377
  8031      36782798.1211212799
  8032      36786492.2830687612
  8033      36790184.8158311918
  8034      36793875.7190442979
  8035      36797564.9923439771
  8036      36801252.6353661865
  8037      36804938.6477472410
  8038      36808623.0291233510
  8039      36812305.7791311294
  8040      36815986.8974071965
  8041      36819666.3835883886
  8042      36823344.2373117208
  8043      36827020.4582143202
  8044      36830695.0459335446
  8045      36834368.0001068413
  8046      36838039.3203718588
  8047      36841709.0063664168
  8048      36845377.0577284321
  8049      36849043.4740960225
  8050      36852708.2551075593
  8051      36856371.4004013613
  8052      36860032.9096161649
  8053      36863692.7823906392
  8054      36867351.0183638036
  8055      36871007.6171745807
  8056      36874662.5784624517
  8057      36878315.9018666521
  8058      36881967.5870268792
  8059      36885617.6335827336
  8060      36889266.0411742330
  8061      36892912.8094414398
  8062      36896557.9380244538
  8063      36900201.4265638143
  8064      36903843.2746999115
  8065      36907483.4820736125
  8066      36911122.0483256802
  8067      36914758.9730971679
  8068      36918394.2560292706
  8069      36922027.8967633396
  8070      36925659.8949409649
  8071      36929290.2502036840
  8072      36932918.9621934891
  8073      36936546.0305522531
  8074      36940171.4549222365
  8075      36943795.2349456921
  8076      36947417.3702651858
  8077      36951037.8605233356
  8078      36954656.7053629383
  8079      36958273.9044269845
  8080      36961889.4573586434
  8081      36965503.3638012037
  8082      36969115.6233980209
  8083      36972726.2357929051
  8084      36976335.2006295174
  8085      36979942.5175518766
  8086      36983548.1862040460
  8087      36987152.2062303498
  8088      36990754.5772751719
  8089      36994355.2989832014
  8090      36997954.3709990904
  8091      37001551.7929678634
  8092      37005147.5645345673
  8093      37008741.6853444725
  8094      37012334.1550429463
  8095      37015924.9732756391
  8096      37019514.1396882609
  8097      37023101.6539266706
  8098      37026687.5156370550
  8099      37030271.7244655117
  8100      37033854.2800585330
  8101      37037435.1820626035
  8102      37041014.4301244915
  8103      37044592.0238911286
  8104      37048167.9630094171
  8105      37051742.2471266761
  8106      37055314.8758902252
  8107      37058885.8489477411
  8108      37062455.1659467071
  8109      37066022.8265351057
  8110      37069588.8303609714
  8111      37073153.1770724505
  8112      37076715.8663179278
  8113      37080276.8977459371
  8114      37083836.2710050866
  8115      37087393.9857442975
  8116      37090950.0416125432
  8117      37094504.4382590353
  8118      37098057.1753330007
  8119      37101608.2524840683
  8120      37105157.6693618223
  8121      37108705.4256161153
  8122      37112251.5208969489
  8123      37115795.9548544660
  8124      37119338.7271389365
  8125      37122879.8374009207
  8126      37126419.2852910459
  8127      37129957.0704600438
  8128      37133493.1925590411
  8129      37137027.6512390077
  8130      37140560.4461513907
  8131      37144091.5769475400
  8132      37147621.0432791561
  8133      37151148.8447980359
  8134      37154674.9811561033
  8135      37158199.4520054832
  8136      37161722.2569985613
  8137      37165243.3957875594
  8138      37168762.8680253848
  8139      37172280.6733645573
  8140      37175796.8114582300
  8141      37179311.2819593921
  8142      37182824.0845212862
  8143      37186335.2187974900
  8144      37189844.6844414994
  8145      37193352.4811071306
  8146      37196858.6084482670
  8147      37200363.0661190152
  8148      37203865.8537737653
  8149      37207366.9710667431
  8150      37210866.4176526740
  8151      37214364.1931862459
  8152      37217860.2973224297
  8153      37221354.7297163084
  8154      37224847.4900230989
  8155      37228338.5778982490
  8156      37231827.9929972738
  8157      37235315.7349760607
  8158      37238801.8034903929
  8159      37242286.1981963962
  8160      37245768.9187502488
  8161      37249249.9648084566
  8162      37252729.3360275701
  8163      37256207.0320642292
  8164      37259683.0525754467
  8165      37263157.3972182944
  8166      37266630.0656499341
  8167      37270101.0575277582
  8168      37273570.3725093976
  8169      37277038.0102525428
  8170      37280503.9704151005
  8171      37283968.2526551336
  8172      37287430.8566308543
  8173      37290891.7820006609
  8174      37294351.0284231231
  8175      37297808.5955569372
  8176      37301264.4830609858
  8177      37304718.6905943602
  8178      37308171.2178162634
  8179      37311622.0643860474
  8180      37315071.2299633622
  8181      37318518.7142077833
  8182      37321964.5167793259
  8183      37325408.6373379529
  8184      37328851.0755438805
  8185      37332291.8310575783
  8186      37335730.9035395086
  8187      37339168.2926503643
  8188      37342603.9980510995
  8189      37346038.0194027126
  8190      37349470.3563664630
  8191      37352901.0086036623
  8192      37356329.9757759422
  8193      37359757.2575448751
  8194      37363182.8535724208
  8195      37366606.7635206506
  8196      37370028.9870517924
  8197      37373449.5238280594
  8198      37376868.3735121340
  8199      37380285.5357667282
  8200      37383701.0102547184
  8201      37387114.7966390550
  8202      37390526.8945830017
  8203      37393937.3037499189
  8204      37397346.0238034055
  8205      37400753.0544070452
  8206      37404158.3952248767
  8207      37407562.0459207818
  8208      37410964.0061590895
  8209      37414364.2756041288
  8210      37417762.8539203703
  8211      37421159.7407726422
  8212      37424554.9358257353
  8213      37427948.4387447461
  8214      37431340.2491948456
  8215      37434730.3668414131
  8216      37438118.7913499922
  8217      37441505.5223863572
  8218      37444890.5596162528
  8219      37448273.9027058333
  8220      37451655.5513212532
  8221      37455035.5051289573
  8222      37458413.7637953237
  8223      37461790.3269873708
  8224      37465165.1943716928
  8225      37468538.3656154051
  8226      37471909.8403857797
  8227      37475279.6183502004
  8228      37478647.6991761699
  8229      37482014.0825313702
  8230      37485378.7680838406
  8231      37488741.7555014789
  8232      37492103.0444525331
  8233      37495462.6346054599
  8234      37498820.5256287754
  8235      37502176.7171911374
  8236      37505531.2089615166
  8237      37508884.0006089434
  8238      37512235.0918026343
  8239      37515584.4822120443
  8240      37518932.1715065911
  8241      37522278.1593561694
  8242      37525622.4454305768
  8243      37528965.0293998793
  8244      37532305.9109343737
  8245      37535645.0897043496
  8246      37538982.5653805360
  8247      37542318.3376334906
  8248      37545652.4061342403
  8249      37548984.7705537528
  8250      37552315.4305634424
  8251      37555644.3858345598
  8252      37558971.6360387132
  8253      37562297.1808476895
  8254      37565621.0199333504
  8255      37568943.1529678628
  8256      37572263.5796233416
  8257      37575582.2995723635
  8258      37578899.3124873638
  8259      37582214.6180411875
  8260      37585528.2159067690
  8261      37588840.1057570949
  8262      37592150.2872655466
  8263      37595458.7601055056
  8264      37598765.5239505693
  8265      37602070.5784744769
  8266      37605373.9233512059
  8267      37608675.5582549050
  8268      37611975.4828596860
  8269      37615273.6968401000
  8270      37618570.1998707727
  8271      37621864.9916264415
  8272      37625158.0717820898
  8273      37628449.4400128275
  8274      37631739.0959938392
  8275      37635027.0394006819
  8276      37638313.2699090093
  8277      37641597.7871945277
  8278      37644880.5909332111
  8279      37648161.6808012053
  8280      37651441.0564748868
  8281      37654718.7176305875
  8282      37657994.6639450043
  8283      37661268.8950949833
  8284      37664541.4107574373
  8285      37667812.2106095105
  8286      37671081.2943286374
  8287      37674348.6615920886
  8288      37677614.3120776787
  8289      37680878.2454631925
  8290      37684140.4614266381
  8291      37687400.9596461505
  8292      37690659.7397999763
  8293      37693916.8015667945
  8294      37697172.1446251646
  8295      37700425.7686539292
  8296      37703677.6733321473
  8297      37706927.8583388925
  8298      37710176.3233536035
  8299      37713423.0680558011
  8300      37716668.0921251401
  8301      37719911.3952414244
  8302      37723152.9770848379
  8303      37726392.8373354152
  8304      37729630.9756735787
  8305      37732867.3917799070
  8306      37736102.0853350908
  8307      37739335.0560199469
  8308      37742566.3035155237
  8309      37745795.8275031447
  8310      37749023.6276641190
  8311      37752249.7036799937
  8312      37755474.0552325025
  8313      37758696.6820035800
  8314      37761917.5836752355
  8315      37765136.7599297985
  8316      37768354.2104494795
  8317      37771569.9349171370
  8318      37774783.9330152795
  8319      37777996.2044269368
  8320      37781206.7488351911
  8321      37784415.5659232438
  8322      37787622.6553746313
  8323      37790828.0168728456
  8324      37794031.6501017064
  8325      37797233.5547451228
  8326      37800433.7304872572
  8327      37803632.1770123467
  8328      37806828.8940048963
  8329      37810023.8811494634
  8330      37813217.1381308958
  8331      37816408.6646340787
  8332      37819598.4603442550
  8333      37822786.5249466375
  8334      37825972.8581267968
  8335      37829157.4595702291
  8336      37832340.3289629295
  8337      37835521.4659907892
  8338      37838700.8703399673
  8339      37841878.5416968241
  8340      37845054.4797478691
  8341      37848228.6841797307
  8342      37851401.1546792686
  8343      37854571.8909334987
  8344      37857740.8926296830
  8345      37860908.1594550088
  8346      37864073.6910971776
  8347      37867237.4872438088
  8348      37870399.5475827605
  8349      37873559.8718020990
  8350      37876718.4595900476
  8351      37879875.3106349334
  8352      37883030.4246254042
  8353      37886183.8012501001
  8354      37889335.4401979819
  8355      37892485.3411580995
  8356      37895633.5038197041
  8357      37898779.9278721511
  8358      37901924.6130050868
  8359      37905067.5589082986
  8360      37908208.7652715966
  8361      37911348.2317852080
  8362      37914485.9581392705
  8363      37917621.9440243691
  8364      37920756.1891309991
  8365      37923888.6931500509
  8366      37927019.4557723925
  8367      37930148.4766892269
  8368      37933275.7555917278
  8369      37936401.2921715677
  8370      37939525.0861201957
  8371      37942647.1371295825
  8372      37945767.4448916167
  8373      37948886.0090984926
  8374      37952002.8294425458
  8375      37955117.9056163058
  8376      37958231.2373123989
  8377      37961342.8242237121
  8378      37964452.6660432294
  8379      37967560.7624641880
  8380      37970667.1131799221
  8381      37973771.7178840414
  8382      37976874.5762701407
  8383      37979975.6880321354
  8384      37983075.0528641567
  8385      37986172.6704603732
  8386      37989268.5405151621
  8387      37992362.6627231687
  8388      37995455.0367790461
  8389      37998545.6623777598
  8390      38001634.5392144546
  8391      38004721.6669842601
  8392      38007807.0453827381
  8393      38010890.6741053984
  8394      38013972.5528481379
  8395      38017052.6813067496
  8396      38020131.0591775104
  8397      38023207.6861566231
  8398      38026282.5619406104
  8399      38029355.6862260178
  8400      38032427.0587098375
  8401      38035496.6790888682
  8402      38038564.5470604748
  8403      38041630.6623217762
  8404      38044695.0245703980
  8405      38047757.6335040480
  8406      38050818.4888205007
  8407      38053877.5902178138
  8408      38056934.9373942465
  8409      38059990.5300480723
  8410      38063044.3678778410
  8411      38066096.4505823925
  8412      38069146.7778604850
  8413      38072195.3494112119
  8414      38075242.1649339050
  8415      38078287.2241278887
  8416      38081330.5266926959
  8417      38084372.0723282322
  8418      38087411.8607343435
  8419      38090449.8916110992
  8420      38093486.1646588296
  8421      38096520.6795779988
  8422      38099553.4360691905
  8423      38102584.4338332340
  8424      38105613.6725711003
  8425      38108641.1519839168
  8426      38111666.8717729971
  8427      38114690.8316398710
  8428      38117713.0312861502
  8429      38120733.4704137072
  8430      38123752.1487246007
  8431      38126769.0659209266
  8432      38129784.2217051089
  8433      38132797.6157796755
  8434      38135809.2478472739
  8435      38138819.1176109239
  8436      38141827.2247735411
  8437      38144833.5690384358
  8438      38147838.1501089036
  8439      38150840.9676887095
  8440      38153842.0214814693
  8441      38156841.3111911193
  8442      38159838.8365218118
  8443      38162834.5971777812
  8444      38165828.5928634852
  8445      38168820.8232835457
  8446      38171811.2881427482
  8447      38174799.9871461391
  8448      38177786.9199987724
  8449      38180772.0864059180
  8450      38183755.4860732332
  8451      38186737.1187062785
  8452      38189716.9840109199
  8453      38192695.0816931799
  8454      38195671.4114592150
  8455      38198645.9730154648
  8456      38201618.7660683617
  8457      38204589.7903247476
  8458      38207559.0454913825
  8459      38210526.5312754661
  8460      38213492.2473840937
  8461      38216456.1935247704
  8462      38219418.3694050461
  8463      38222378.7747327015
  8464      38225337.4092156440
  8465      38228294.2725620866
  8466      38231249.3644801825
  8467      38234202.6846784428
  8468      38237154.2328655198
  8469      38240104.0087502301
  8470      38243052.0120414570
  8471      38245998.2424485087
  8472      38248942.6996806711
  8473      38251885.3834474012
  8474      38254826.2934584096
  8475      38257765.4294236079
  8476      38260702.7910529748
  8477      38263638.3780567124
  8478      38266572.1901452616
  8479      38269504.2270291448
  8480      38272434.4884190187
  8481      38275362.9740259871
  8482      38278289.6835609451
  8483      38281214.6167353019
  8484      38284137.7732603922
  8485      38287059.1528478339
  8486      38289978.7552094907
  8487      38292896.5800572410
  8488      38295812.6271032840
  8489      38298726.8960598335
  8490      38301639.3866395503
  8491      38304550.0985548645
  8492      38307459.0315188468
  8493      38310366.1852443889
  8494      38313271.5594447181
  8495      38316175.1538331062
  8496      38319076.9681232870
  8497      38321977.0020287707
  8498      38324875.2552635670
  8499      38327771.7275417373
  8500      38330666.4185775071
  8501      38333559.3280852959
  8502      38336450.4557796717
  8503      38339339.8013754338
  8504      38342227.3645875156
  8505      38345113.1451311186
  8506      38347997.1427214444
  8507      38350879.3570739999
  8508      38353759.7879044190
  8509      38356638.4349285439
  8510      38359515.2978623658
  8511      38362390.3764221147
  8512      38365263.6703240946
  8513      38368135.1792848110
  8514      38371004.9030210525
  8515      38373872.8412496075
  8516      38376738.9936876297
  8517      38379603.3600522876
  8518      38382465.9400609881
  8519      38385326.7334313542
  8520      38388185.7398811504
  8521      38391042.9591283277
  8522      38393898.3908909485
  8523      38396752.0348873213
  8524      38399603.8908359408
  8525      38402453.9584554955
  8526      38405302.2374646962
  8527      38408148.7275825962
  8528      38410993.4285284132
  8529      38413836.3400214165
  8530      38416677.4617812335
  8531      38419516.7935274616
  8532      38422354.3349800035
  8533      38425190.0858590379
  8534      38428024.0458846465
  8535      38430856.2147773281
  8536      38433686.5922575966
  8537      38436515.1780463234
  8538      38439341.9718643203
  8539      38442166.9734328687
  8540      38444990.1824731156
  8541      38447811.5987065807
  8542      38450631.2218549103
  8543      38453449.0516399443
  8544      38456265.0877836943
  8545      38459079.3300083354
  8546      38461891.7780362070
  8547      38464702.4315898046
  8548      38467511.2903919071
  8549      38470318.3541654274
  8550      38473123.6226333454
  8551      38475927.0955189392
  8552      38478728.7725455910
  8553      38481528.6534369886
  8554      38484326.7379168123
  8555      38487123.0257090777
  8556      38489917.5165378526
  8557      38492710.2101274580
  8558      38495501.1062024683
  8559      38498290.2044873983
  8560      38501077.5047071651
  8561      38503863.0065867752
  8562      38506646.7098514289
  8563      38509428.6142264977
  8564      38512208.7194374427
  8565      38514987.0252101570
  8566      38517763.5312703848
  8567      38520538.2373442724
  8568      38523311.1431580484
  8569      38526082.2484381869
  8570      38528851.5529113263
  8571      38531619.0563041046
  8572      38534384.7583437338
  8573      38537148.6587570906
  8574      38539910.7572716922
  8575      38542671.0536149964
  8576      38545429.5475146174
  8577      38548186.2386984453
  8578      38550941.1268946305
  8579      38553694.2118311450
  8580      38556445.4932365492
  8581      38559194.9708394557
  8582      38561942.6443684325
  8583      38564688.5135525391
  8584      38567432.5781208128
  8585      38570174.8378026187
  8586      38572915.2923272699
  8587      38575653.9414245933
  8588      38578390.7848241776
  8589      38581125.8222562149
  8590      38583859.0534507930
  8591      38586590.4781382084
  8592      38589320.0960491225
  8593      38592047.9069140851
  8594      38594773.9104640856
  8595      38597498.1064301804
  8596      38600220.4945435151
  8597      38602941.0745356381
  8598      38605659.8461380899
  8599      38608376.8090825975
  8600      38611091.9631011933
  8601      38613805.3079259545
  8602      38616516.8432891816
  8603      38619226.5689234957
  8604      38621934.4845613837
  8605      38624640.5899357647
  8606      38627344.8847796693
  8607      38630047.3688263446
  8608      38632748.0418091044
  8609      38635446.9034615457
  8610      38638143.9535173625
  8611      38640839.1917105168
  8612      38643532.6177751347
  8613      38646224.2314454243
  8614      38648914.0324558392
  8615      38651602.0205410793
  8616      38654288.1954359263
  8617      38656972.5568753257
  8618      38659655.1045945138
  8619      38662335.8383287713
  8620      38665014.7578137442
  8621      38667691.8627849817
  8622      38670367.1529785022
  8623      38673040.6281302497
  8624      38675712.2879766673
  8625      38678382.1322539225
  8626      38681050.1606988087
  8627      38683716.3730479926
  8628      38686380.7690384910
  8629      38689043.3484074995
  8630      38691704.1108921915
  8631      38694363.0562301874
  8632      38697020.1841591001
  8633      38699675.4944168627
  8634      38702328.9867413417
  8635      38704980.6608710065
  8636      38707630.5165440515
  8637      38710278.5534990877
  8638      38712924.7714749724
  8639      38715569.1702104956
  8640      38718211.7494448870
  8641      38720852.5089173019
  8642      38723491.4483673647
  8643      38726128.5675346404
  8644      38728763.8661589772
  8645      38731397.3439804241
  8646      38734029.0007390678
  8647      38736658.8361753747
  8648      38739286.8500298858
  8649      38741913.0420433134
  8650      38744537.4119564891
  8651      38747159.9595106095
  8652      38749780.6844469458
  8653      38752399.5865068212
  8654      38755016.6654320508
  8655      38757631.9209642410
  8656      38760245.3528455570
  8657      38762856.9608180225
  8658      38765466.7446241155
  8659      38768074.7040062770
  8660      38770680.8387071937
  8661      38773285.1484698355
  8662      38775887.6330372319
  8663      38778488.2921526581
  8664      38781087.1255594343
  8665      38783684.1330013052
  8666      38786279.3142219409
  8667      38788872.6689654291
  8668      38791464.1969758645
  8669      38794053.8979974985
  8670      38796641.7717750072
  8671      38799227.8180528805
  8672      38801812.0365761593
  8673      38804394.4270898178
  8674      38806974.9893390313
  8675      38809553.7230693549
  8676      38812130.6280262545
  8677      38814705.7039555162
  8678      38817278.9506031796
  8679      38819850.3677153289
  8680      38822419.9550381452
  8681      38824987.7123183608
  8682      38827553.6393024549
  8683      38830117.7357373536
  8684      38832680.0013701692
  8685      38835240.4359479919
  8686      38837799.0392182246
  8687      38840355.8109285608
  8688      38842910.7508266568
  8689      38845463.8586604893
  8690      38848015.1341781244
  8691      38850564.5771279335
  8692      38853112.1872583851
  8693      38855657.9643180594
  8694      38858201.9080559239
  8695      38860744.0182209387
  8696      38863284.2945622653
  8697      38865822.7368293479
  8698      38868359.3447717354
  8699      38870894.1181392074
  8700      38873427.0566816106
  8701      38875958.1601491198
  8702      38878487.4282920361
  8703      38881014.8608607575
  8704      38883540.4576059878
  8705      38886064.2182785869
  8706      38888586.1426295042
  8707      38891106.2304100320
  8708      38893624.4813713580
  8709      38896140.8952652514
  8710      38898655.4718433470
  8711      38901168.2108575404
  8712      38903679.1120600253
  8713      38906188.1752030179
  8714      38908695.4000390172
  8715      38911200.7863206118
  8716      38913704.3338006884
  8717      38916206.0422322229
  8718      38918705.9113683775
  8719      38921203.9409626424
  8720      38923700.1307684332
  8721      38926194.4805395454
  8722      38928686.9900298566
  8723      38931177.6589935794
  8724      38933666.4871848673
  8725      38936153.4743582457
  8726      38938638.6202683002
  8727      38941121.9246698841
  8728      38943603.3873180673
  8729      38946083.0079679042
  8730      38948560.7863748521
  8731      38951036.7222944945
  8732      38953510.8154824749
  8733      38955983.0656947717
  8734      38958453.4726874605
  8735      38960922.0362167880
  8736      38963388.7560392469
  8737      38965853.6319114715
  8738      38968316.6635903344
  8739      38970777.8508327529
  8740      38973237.1933959797
  8741      38975694.6910373122
  8742      38978150.3435144201
  8743      38980604.1505849957
  8744      38983056.1120067909
  8745      38985506.2275381237
  8746      38987954.4969372377
  8747      38990400.9199624360
  8748      38992845.4963725433
  8749      38995288.2259263247
  8750      38997729.1083827391
  8751      39000168.1435010359
  8752      39002605.3310405761
  8753      39005040.6707609221
  8754      39007474.1624217629
  8755      39009905.8057831004
  8756      39012335.6006049439
  8757      39014763.5466476381
  8758      39017189.6436716542
  8759      39019613.8914375827
  8760      39022036.2897063494
  8761      39024456.8382389173
  8762      39026875.5367964059
  8763      39029292.3851403594
  8764      39031707.3830322027
  8765      39034120.5302336887
  8766      39036531.8265068382
  8767      39038941.2716137394
  8768      39041348.8653165996
  8769      39043754.6073779240
  8770      39046158.4975604042
  8771      39048560.5356269032
  8772      39050960.7213403732
  8773      39053359.0544640943
  8774      39055755.5347613767
  8775      39058150.1619958431
  8776      39060542.9359312356
  8777      39062933.8563314676
  8778      39065322.9229607359
  8779      39067710.1355832294
  8780      39070095.4939635396
  8781      39072478.9978662506
  8782      39074860.6470562741
  8783      39077240.4412985966
  8784      39079618.3803584948
  8785      39081994.4640012980
  8786      39084368.6919926479
  8787      39086741.0640983209
  8788      39089111.5800841600
  8789      39091480.2397164404
  8790      39093847.0427613929
  8791      39096211.9889855236
  8792      39098575.0781555697
  8793      39100936.3100382909
  8794      39103295.6844008192
  8795      39105653.2010103613
  8796      39108008.8596343547
  8797      39110362.6600403786
  8798      39112714.6019961834
  8799      39115064.6852698252
  8800      39117412.9096293449
  8801      39119759.2748431563
  8802      39122103.7806797028
  8803      39124446.4269077256
  8804      39126787.2132961601
  8805      39129126.1396139786
  8806      39131463.2056304216
  8807      39133798.4111150503
  8808      39136131.7558373362
  8809      39138463.2395671979
  8810      39140792.8620745391
  8811      39143120.6231295615
  8812      39145446.5225025788
  8813      39147770.5599641427
  8814      39150092.7352850139
  8815      39152413.0482360423
  8816      39154731.4985883534
  8817      39157048.0861131549
  8818      39159362.8105819970
  8819      39161675.6717664078
  8820      39163986.6694382876
  8821      39166295.8033696264
  8822      39168603.0733325705
  8823      39170908.4790995643
  8824      39173212.0204430446
  8825      39175513.6971359253
  8826      39177813.5089509487
  8827      39180111.4556613490
  8828      39182407.5370404124
  8829      39184701.7528614998
  8830      39186994.1028983817
  8831      39189284.5869248807
  8832      39191573.2047150508
  8833      39193859.9560430199
  8834      39196144.8406832814
  8835      39198427.8584102914
  8836      39200709.0089989901
  8837      39202988.2922241613
  8838      39205265.7078610659
  8839      39207541.2556849271
  8840      39209814.9354712367
  8841      39212086.7469958067
  8842      39214356.6900344118
  8843      39216624.7643631026
  8844      39218890.9697581381
  8845      39221155.3059959859
  8846      39223417.7728531063
  8847      39225678.3701064885
  8848      39227937.0975330099
  8849      39230193.9549098387
  8850      39232448.9420142546
  8851      39234702.0586239323
  8852      39236953.3045165166
  8853      39239202.6794698387
  8854      39241450.1832620874
  8855      39243695.8156714737
  8856      39245939.5764764622
  8857      39248181.4654556662
  8858      39250421.4823879823
  8859      39252659.6270523518
  8860      39254895.8992279693
  8861      39257130.2986942753
  8862      39259362.8252307326
  8863      39261593.4786171615
  8864      39263822.2586334422
  8865      39266049.1650597975
  8866      39268274.1976763383
  8867      39270497.3562637419
  8868      39272718.6406025887
  8869      39274938.0504737273
  8870      39277155.5856582150
  8871      39279371.2459372655
  8872      39281585.0310922936
  8873      39283796.9409049451
  8874      39286006.9751569182
  8875      39288215.1336302534
  8876      39290421.4161070064
  8877      39292625.8223695979
  8878      39294828.3522005454
  8879      39297029.0053825006
  8880      39299227.7816983536
  8881      39301424.6809312180
  8882      39303619.7028644085
  8883      39305812.8472812772
  8884      39308004.1139654815
  8885      39310193.5027008504
  8886      39312381.0132713690
  8887      39314566.6454612091
  8888      39316750.3990548328
  8889      39318932.2738367021
  8890      39321112.2695915997
  8891      39323290.3861044347
  8892      39325466.6231603399
  8893      39327640.9805446267
  8894      39329813.4580427334
  8895      39331984.0554403886
  8896      39334152.7725233436
  8897      39336319.6090778410
  8898      39338484.5648898855
  8899      39340647.6397460252
  8900      39342808.8334328234
  8901      39344968.1457369924
  8902      39347125.5764456689
  8903      39349281.1253458709
  8904      39351434.7922249213
  8905      39353586.5768704489
  8906      39355736.4790701643
  8907      39357884.4986118153
  8908      39360030.6352836415
  8909      39362174.8888738677
  8910      39364317.2591709197
  8911      39366457.7459634766
  8912      39368596.3490403742
  8913      39370733.0681904927
  8914      39372867.9032032490
  8915      39375000.8538678586
  8916      39377131.9199739620
  8917      39379261.1013112813
  8918      39381388.3976697698
  8919      39383513.8088395894
  8920      39385637.3346110061
  8921      39387758.9747745320
  8922      39389878.7291209027
  8923      39391996.5974409208
  8924      39394112.5795256495
  8925      39396226.6751663834
  8926      39398338.8841545358
  8927      39400449.2062816769
  8928      39402557.6413396224
  8929      39404664.1891204417
  8930      39406768.8494162336
  8931      39408871.6220192835
  8932      39410972.5067224056
  8933      39413071.5033180341
  8934      39415168.6115992218
  8935      39417263.8313591033
  8936      39419357.1623909324
  8937      39421448.6044881195
  8938      39423538.1574445143
  8939      39425625.8210537583
  8940      39427711.5951100141
  8941      39429795.4794074222
  8942      39431877.4737405553
  8943      39433957.5779038295
  8944      39436035.7916921079
  8945      39438112.1149003804
  8946      39440186.5473237261
  8947      39442259.0887575671
  8948      39444329.7389974222
  8949      39446398.4978389591
  8950      39448465.3650781363
  8951      39450530.3405110240
  8952      39452593.4239338413
  8953      39454654.6151431277
  8954      39456713.9139355198
  8955      39458771.3201078027
  8956      39460826.8334571421
  8957      39462880.4537805244
  8958      39464932.1808755323
  8959      39466982.0145396739
  8960      39469029.9545706958
  8961      39471076.0007666126
  8962      39473120.1529255211
  8963      39475162.4108457342
  8964      39477202.7743259147
  8965      39479241.2431645468
  8966      39481277.8171607405
  8967      39483312.4961133525
  8968      39485345.2798218578
  8969      39487376.1680855751
  8970      39489405.1607041433
  8971      39491432.2574774697
  8972      39493457.4582055733
  8973      39495480.7626885027
  8974      39497502.1707267761
  8975      39499521.6821209863
  8976      39501539.2966717854
  8977      39503555.0141802132
  8978      39505568.8344473988
  8979      39507580.7572746053
  8980      39509590.7824633792
  8981      39511598.9098154306
  8982      39513605.1391326487
  8983      39515609.4702170342
  8984      39517611.9028709680
  8985      39519612.4368967861
  8986      39521611.0720971972
  8987      39523607.8082749248
  8988      39525602.6452331096
  8989      39527595.5827748105
  8990      39529586.6207035482
  8991      39531575.7588227987
  8992      39533562.9969363064
  8993      39535548.3348480910
  8994      39537531.7723622620
  8995      39539513.3092830703
  8996      39541492.9454151466
  8997      39543470.6805630997
  8998      39545446.5145318285
  8999      39547420.4471263885
  9000      39549392.4781520963
  9001      39551362.6074143201
  9002      39553330.8347187787
  9003      39555297.1598711833
  9004      39557261.5826776549
  9005      39559224.1029443368
  9006      39561184.7204775736
  9007      39563143.4350839704
  9008      39565100.2465703711
  9009      39567055.1547435671
  9010      39569008.1594108492
  9011      39570959.2603793889
  9012      39572908.4574568048
  9013      39574855.7504507378
  9014      39576801.1391691342
  9015      39578744.6234200150
  9016      39580686.2030116618
  9017      39582625.8777525201
  9018      39584563.6474512145
  9019      39586499.5119165629
  9020      39588433.4709576741
  9021      39590365.5243835822
  9022      39592295.6720038503
  9023      39594223.9136279449
  9024      39596150.2490656301
  9025      39598074.6781269312
  9026      39599997.2006219625
  9027      39601917.8163610101
  9028      39603836.5251546428
  9029      39605753.3268135190
  9030      39607668.2211485878
  9031      39609581.2079709470
  9032      39611492.2870917022
  9033      39613401.4583225474
  9034      39615308.7214749977
  9035      39617214.0763608366
  9036      39619117.5227922574
  9037      39621019.0605813339
  9038      39622918.6895404533
  9039      39624816.4094823301
  9040      39626712.2202196568
  9041      39628606.1215653494
  9042      39630498.1133327186
  9043      39632388.1953349262
  9044      39634276.3673855960
  9045      39636162.6292984635
  9046      39638046.9808873907
  9047      39639929.4219664857
  9048      39641809.9523500502
  9049      39643688.5718525425
  9050      39645565.2802886143
  9051      39647440.0774731562
  9052      39649312.9632211328
  9053      39651183.9373478293
  9054      39653052.9996686578
  9055      39654920.1499992013
  9056      39656785.3881552368
  9057      39658648.7139528170
  9058      39660510.1272080392
  9059      39662369.6277372986
  9060      39664227.2153570652
  9061      39666082.8898842260
  9062      39667936.6511355788
  9063      39669788.4989282638
  9064      39671638.4330796599
  9065      39673486.4534071460
  9066      39675332.5597284585
  9067      39677176.7518614680
  9068      39679019.0296241865
  9069      39680859.3928349391
  9070      39682697.8413121402
  9071      39684534.3748743385
  9072      39686368.9933404103
  9073      39688201.6965293512
  9074      39690032.4842603728
  9075      39691861.3563528061
  9076      39693688.3126262575
  9077      39695513.3529004604
  9078      39697336.4769953936
  9079      39699157.6847311556
  9080      39700976.9759280682
  9081      39702794.3504067361
  9082      39704609.8079877719
  9083      39706423.3484920114
  9084      39708234.9717406929
  9085      39710044.6775549874
  9086      39711852.4657563642
  9087      39713658.3361664638
  9088      39715462.2886071950
  9089      39717264.3229004815
  9090      39719064.4388686121
  9091      39720862.6363339722
  9092      39722658.9151191711
  9093      39724453.2750469223
  9094      39726245.7159403041
  9095      39728036.2376224324
  9096      39729824.8399165869
  9097      39731611.5226464495
  9098      39733396.2856357098
  9099      39735179.1287081912
  9100      39736960.0516881049
  9101      39738739.0543996990
  9102      39740516.1366674975
  9103      39742291.2983161509
  9104      39744064.5391705632
  9105      39745835.8590557426
  9106      39747605.2577969357
  9107      39749372.7352196202
  9108      39751138.2911494225
  9109      39752901.9254120961
  9110      39754663.6378337070
  9111      39756423.4282404780
  9112      39758181.2964586765
  9113      39759937.2423149645
  9114      39761691.2656361237
  9115      39763443.3662489876
  9116      39765193.5439808816
  9117      39766941.7986589447
  9118      39768688.1301108524
  9119      39770432.5381642506
  9120      39772175.0226470158
  9121      39773915.5833872631
  9122      39775654.2202133238
  9123      39777390.9329536259
  9124      39779125.7214367762
  9125      39780858.5854917094
  9126      39782589.5249474198
  9127      39784318.5396331698
  9128      39786045.6293783262
  9129      39787770.7940125689
  9130      39789494.0333656818
  9131      39791215.3472675979
  9132      39792934.7355485335
  9133      39794652.1980388910
  9134      39796367.7345691845
  9135      39798081.3449701816
  9136      39799793.0290728062
  9137      39801502.7867081910
  9138      39803210.6177076772
  9139      39804916.5219028145
  9140      39806620.4991251603
  9141      39808322.5492067337
  9142      39810022.6719796062
  9143      39811720.8672760427
  9144      39813417.1349283531
  9145      39815111.4747694284
  9146      39816803.8866319880
  9147      39818494.3703490496
  9148      39820182.9257538840
  9149      39821869.5526798144
  9150      39823554.2509605587
  9151      39825237.0204298273
  9152      39826917.8609216586
  9153      39828596.7722702026
  9154      39830273.7543097511
  9155      39831948.8068749532
  9156      39833621.9298005402
  9157      39835293.1229213849
  9158      39836962.3860726729
  9159      39838629.7190897390
  9160      39840295.1218080074
  9161      39841958.5940632671
  9162      39843620.1356912851
  9163      39845279.7465282232
  9164      39846937.4264103323
  9165      39848593.1751740873
  9166      39850246.9926561043
  9167      39851898.8786932603
  9168      39853548.8331225067
  9169      39855196.8557811379
  9170      39856842.9465065524
  9171      39858487.1051363647
  9172      39860129.3315083161
  9173      39861769.6254603788
  9174      39863407.9868307933
  9175      39865044.4154578522
  9176      39866678.9111802131
  9177      39868311.4738365114
  9178      39869942.1032657102
  9179      39871570.7993069887
  9180      39873197.5617996156
  9181      39874822.3905830681
  9182      39876445.2854971886
  9183      39878066.2463816777
  9184      39879685.2730767205
  9185      39881302.3654225543
  9186      39882917.5232596397
  9187      39884530.7464287281
  9188      39886142.0347704738
  9189      39887751.3881260827
  9190      39889358.8063366711
  9191      39890964.2892437205
  9192      39892567.8366888240
  9193      39894169.4485137314
  9194      39895769.1245604903
  9195      39897366.8646712452
  9196      39898962.6686884165
  9197      39900556.5364544988
  9198      39902148.4678122476
  9199      39903738.4626046866
  9200      39905326.5206748545
  9201      39906912.6418661475
  9202      39908496.8260220662
  9203      39910079.0729862675
  9204      39911659.3826027364
  9205      39913237.7547154874
  9206      39914814.1891688406
  9207      39916388.6858072504
  9208      39917961.2444754243
  9209      39919531.8650180995
  9210      39921100.5472804978
  9211      39922667.2911077216
  9212      39924232.0963452533
  9213      39925794.9628386870
  9214      39927355.8904338554
  9215      39928914.8789767325
  9216      39930471.9283135459
  9217      39932027.0382906720
  9218      39933580.2087546736
  9219      39935131.4395523444
  9220      39936680.7305305898
  9221      39938228.0815366358
  9222      39939773.4924177602
  9223      39941316.9630214944
  9224      39942858.4931956083
  9225      39944398.0827879682
  9226      39945935.7316467687
  9227      39947471.4396201819
  9228      39949005.2065568417
  9229      39950537.0323053077
  9230      39952066.9167144820
  9231      39953594.8596334830
  9232      39955120.8609114960
  9233      39956644.9203979969
  9234      39958167.0379426852
  9235      39959687.2133952305
  9236      39961205.4466058537
  9237      39962721.7374246642
  9238      39964236.0857020617
  9239      39965748.4912886545
  9240      39967258.9540352300
  9241      39968767.4737928063
  9242      39970274.0504125208
  9243      39971778.6837457344
  9244      39973281.3736440092
  9245      39974782.1199590713
  9246      39976280.9225428924
  9247      39977777.7812476382
  9248      39979272.6959254965
  9249      39980765.6664291620
  9250      39982256.6926111802
  9251      39983745.7743245885
  9252      39985232.9114223719
  9253      39986718.1037578136
  9254      39988201.3511845022
  9255      39989682.6535559595
  9256      39991162.0107261017
  9257      39992639.4225489870
  9258      39994114.8888788447
  9259      39995588.4095701426
  9260      39997059.9844774380
  9261      39998529.6134556234
  9262      39999997.2963596433
  9263      40001463.0330447555
  9264      40002926.8233662620
  9265      40004388.6671798602
  9266      40005848.5643412396
  9267      40007306.5147064105
  9268      40008762.5181315541
  9269      40010216.5744729489
  9270      40011668.6835872158
  9271      40013118.8453310430
  9272      40014567.0595613867
  9273      40016013.3261353597
  9274      40017457.6449102834
  9275      40018900.0157436654
  9276      40020340.4384931549
  9277      40021778.9130167067
  9278      40023215.4391723499
  9279      40024650.0168184191
  9280      40026082.6458133385
  9281      40027513.3260157481
  9282      40028942.0572845638
  9283      40030368.8394787610
  9284      40031793.6724575758
  9285      40033216.5560805425
  9286      40034637.4902071208
  9287      40036056.4746972397
  9288      40037473.5094108805
  9289      40038888.5942081809
  9290      40040301.7289496139
  9291      40041712.9134957194
  9292      40043122.1477072611
  9293      40044529.4314452633
  9294      40045934.7645708025
  9295      40047338.1469452754
  9296      40048739.5784302130
  9297      40050139.0588873848
  9298      40051536.5881786719
  9299      40052932.1661662087
  9300      40054325.7927123308
  9301      40055717.4676795229
  9302      40057107.1909304708
  9303      40058494.9623281211
  9304      40059880.7817354873
  9305      40061264.6490159035
  9306      40062646.5640328228
  9307      40064026.5266498551
  9308      40065404.5367309153
  9309      40066780.5941400155
  9310      40068154.6987414435
  9311      40069526.8503995836
  9312      40070897.0489790365
  9313      40072265.2943447307
  9314      40073631.5863615423
  9315      40074995.9248947576
  9316      40076358.3098097295
  9317      40077718.7409720570
  9318      40079077.2182475403
  9319      40080433.7415021434
  9320      40081788.3106020093
  9321      40083140.9254135266
  9322      40084491.5858032405
  9323      40085840.2916379049
  9324      40087187.0427844152
  9325      40088531.8391098902
  9326      40089874.6804817840
  9327      40091215.5667674467
  9328      40092554.4978346974
  9329      40093891.4735513702
  9330      40095226.4937855825
  9331      40096559.5584056601
  9332      40097890.6672799960
  9333      40099219.8202773631
  9334      40100547.0172665492
  9335      40101872.2581166551
  9336      40103195.5426969379
  9337      40104516.8708767816
  9338      40105836.2425258905
  9339      40107153.6575141251
  9340      40108469.1157113612
  9341      40109782.6169879586
  9342      40111094.1612142324
  9343      40112403.7482609153
  9344      40113711.3779986650
  9345      40115017.0502985120
  9346      40116320.7650316283
  9347      40117622.5220694691
  9348      40118922.3212835416
  9349      40120220.1625455990
  9350      40121516.0457275584
  9351      40122809.9707016870
  9352      40124101.9373401776
  9353      40125391.9455156326
  9354      40126679.9951008782
  9355      40127966.0859686881
  9356      40129250.2179922014
  9357      40130532.3910447732
  9358      40131812.6049999297
  9359      40133090.8597312570
  9360      40134367.1551126912
  9361      40135641.4910183027
  9362      40136913.8673224673
  9363      40138184.2838995084
  9364      40139452.7406241596
  9365      40140719.2373712435
  9366      40141983.7740158066
  9367      40143246.3504331261
  9368      40144506.9664985836
  9369      40145765.6220878363
  9370      40147022.3170766979
  9371      40148277.0513412282
  9372      40149529.8247575015
  9373      40150780.6372020468
  9374      40152029.4885514006
  9375      40153276.3786823750
  9376      40154521.3074719161
  9377      40155764.2747972682
  9378      40157005.2805356309
  9379      40158244.3245647475
  9380      40159481.4067623243
  9381      40160716.5270062536
  9382      40161949.6851747409
  9383      40163180.8811460361
  9384      40164410.1147987321
  9385      40165637.3860115558
  9386      40166862.6946634278
  9387      40168086.0406333804
  9388      40169307.4238008037
  9389      40170526.8440451398
  9390      40171744.3012460768
  9391      40172959.7952835485
  9392      40174173.3260375634
  9393      40175384.8933884650
  9394      40176594.4972166494
  9395      40177802.1374027729
  9396      40179007.8138277605
  9397      40180211.5263726190
  9398      40181413.2749185190
  9399      40182613.0593470186
  9400      40183810.8795396462
  9401      40185006.7353782728
  9402      40186200.6267448440
  9403      40187392.5535216779
  9404      40188582.5155910254
  9405      40189770.5128356591
  9406      40190956.5451382026
  9407      40192140.6123817265
  9408      40193322.7144494057
  9409      40194502.8512245938
  9410      40195681.0225908235
  9411      40196857.2284319028
  9412      40198031.4686317965
  9413      40199203.7430745363
  9414      40200374.0516446084
  9415      40201542.3942264244
  9416      40202708.7707048133
  9417      40203873.1809646264
  9418      40205035.6248909533
  9419      40206196.1023692191
  9420      40207354.6132848114
  9421      40208511.1575234532
  9422      40209665.7349710539
  9423      40210818.3455136940
  9424      40211968.9890376702
  9425      40213117.6654294059
  9426      40214264.3745756000
  9427      40215409.1163631380
  9428      40216551.8906790316
  9429      40217692.6974104717
  9430      40218831.5364450961
  9431      40219968.4076702818
  9432      40221103.3109740615
  9433      40222236.2462443933
  9434      40223367.2133694291
  9435      40224496.2122377306
  9436      40225623.2427377477
  9437      40226748.3047583550
  9438      40227871.3981885314
  9439      40228992.5229175240
  9440      40230111.6788346246
  9441      40231228.8658294603
  9442      40232344.0837918073
  9443      40233457.3326115757
  9444      40234568.6121789962
  9445      40235677.9223843962
  9446      40236785.2631183267
  9447      40237890.6342714727
  9448      40238994.0357348844
  9449      40240095.4673995972
  9450      40241194.9291569367
  9451      40242292.4208984971
  9452      40243387.9425159469
  9453      40244481.4939011708
  9454      40245573.0749462619
  9455      40246662.6855436042
  9456      40247750.3255856037
  9457      40248835.9949649647
  9458      40249919.6935745999
  9459      40251001.4213074893
  9460      40252081.1780570522
  9461      40253158.9637165889
  9462      40254234.7781798542
  9463      40255308.6213406920
  9464      40256380.4930931106
  9465      40257450.3933313861
  9466      40258518.3219499066
  9467      40259584.2788433284
  9468      40260648.2639064789
  9469      40261710.2770344019
  9470      40262770.3181222081
  9471      40263828.3870654404
  9472      40264884.4837596044
  9473      40265938.6081004813
  9474      40266990.7599841207
  9475      40268040.9393066838
  9476      40269089.1459646076
  9477      40270135.3798542693
  9478      40271179.6408726498
  9479      40272221.9289166108
  9480      40273262.2438833565
  9481      40274300.5856702030
  9482      40275336.9541746527
  9483      40276371.3492945284
  9484      40277403.7709277496
  9485      40278434.2189723700
  9486      40279462.6933267936
  9487      40280489.1938894764
  9488      40281513.7205592170
  9489      40282536.2732348368
  9490      40283556.8518154696
  9491      40284575.4562004060
  9492      40285592.0862891525
  9493      40286606.7419813871
  9494      40287619.4231769070
  9495      40288630.1297759414
  9496      40289638.8616787046
  9497      40290645.6187855676
  9498      40291650.4009972811
  9499      40292653.2082146853
  9500      40293654.0403387472
  9501      40294652.8972708955
  9502      40295649.7789123505
  9503      40296644.6851648837
  9504      40297637.6159302518
  9505      40298628.5711105615
  9506      40299617.5506078899
  9507      40300604.5543247387
  9508      40301589.5821637362
  9509      40302572.6340276748
  9510      40303553.7098194286
  9511      40304532.8094423488
  9512      40305509.9327997342
  9513      40306485.0797951669
  9514      40307458.2503324226
  9515      40308429.4443154931
  9516      40309398.6616485268
  9517      40310365.9022358656
  9518      40311331.1659820825
  9519      40312294.4527919218
  9520      40313255.7625703365
  9521      40314215.0952223986
  9522      40315172.4506535232
  9523      40316127.8287692294
  9524      40317081.2294752002
  9525      40318032.6526773423
  9526      40318982.0982817933
  9527      40319929.5661948696
  9528      40320875.0563230142
  9529      40321818.5685730204
  9530      40322760.1028516665
  9531      40323699.6590661556
  9532      40324637.2371236533
  9533      40325572.8369317278
  9534      40326506.4583979771
  9535      40327438.1014303267
  9536      40328367.7659367770
  9537      40329295.4518256262
  9538      40330221.1590053067
  9539      40331144.8873844966
  9540      40332066.6368719265
  9541      40332986.4073767737
  9542      40333904.1988081709
  9543      40334820.0110755861
  9544      40335733.8440886289
  9545      40336645.6977570578
  9546      40337555.5719910115
  9547      40338463.4667005762
  9548      40339369.3817961738
  9549      40340273.3171884343
  9550      40341175.2727881223
  9551      40342075.2485062033
  9552      40342973.2442539260
  9553      40343869.2599425465
  9554      40344763.2954837158
  9555      40345655.3507892713
  9556      40346545.4257709682
  9557      40347433.5203411132
  9558      40348319.6344120577
  9559      40349203.7678962126
  9560      40350085.9207065105
  9561      40350966.0927556753
  9562      40351844.2839570045
  9563      40352720.4942237809
  9564      40353594.7234694213
  9565      40354466.9716077894
  9566      40355337.2385526747
  9567      40356205.5242182463
  9568      40357071.8285187930
  9569      40357936.1513687596
  9570      40358798.4926829040
  9571      40359658.8523761109
  9572      40360517.2303633690
  9573      40361373.6265600100
  9574      40362228.0408815518
  9575      40363080.4732435420
  9576      40363930.9235620052
  9577      40364779.3917527869
  9578      40365625.8777322993
  9579      40366470.3814169168
  9580      40367312.9027233124
  9581      40368153.4415682480
  9582      40368991.9978688955
  9583      40369828.5715423152
  9584      40370663.1625059992
  9585      40371495.7706775591
  9586      40372326.3959748074
  9587      40373155.0383158103
  9588      40373981.6976186335
  9589      40374806.3738017082
  9590      40375629.0667837486
  9591      40376449.7764833793
  9592      40377268.5028196946
  9593      40378085.2457117289
  9594      40378900.0050790235
  9595      40379712.7808410749
  9596      40380523.5729175135
  9597      40381332.3812285364
  9598      40382139.2056940794
  9599      40382944.0462346151
  9600      40383746.9027706236
  9601      40384547.7752228454
  9602      40385346.6635122448
  9603      40386143.5675599054
  9604      40386938.4872871563
  9605      40387731.4226154909
  9606      40388522.3734666929
  9607      40389311.3397626132
  9608      40390098.3214253411
  9609      40390883.3183771893
  9610      40391666.3305406272
  9611      40392447.3578384370
  9612      40393226.4001932964
  9613      40394003.4575284570
  9614      40394778.5297671780
  9615      40395551.6168327853
  9616      40396322.7186490670
  9617      40397091.8351398557
  9618      40397858.9662291631
  9619      40398624.1118412614
  9620      40399387.2719005868
  9621      40400148.4463317320
  9622      40400907.6350596026
  9623      40401664.8380091786
  9624      40402420.0551056713
  9625      40403173.2862744853
  9626      40403924.5314412639
  9627      40404673.7905317619
  9628      40405421.0634720400
  9629      40406166.3501882553
  9630      40406909.6506067961
  9631      40407650.9646542221
  9632      40408390.2922573537
  9633      40409127.6333431378
  9634      40409862.9878387600
  9635      40410596.3556715176
  9636      40411327.7367690951
  9637      40412057.1310591325
  9638      40412784.5384695604
  9639      40413509.9589286372
  9640      40414233.3923645988
  9641      40414954.8387060314
  9642      40415674.2978815809
  9643      40416391.7698201984
  9644      40417107.2544510812
  9645      40417820.7517034188
  9646      40418532.2615068406
  9647      40419241.7837908939
  9648      40419949.3184855580
  9649      40420654.8655209020
  9650      40421358.4248272479
  9651      40422059.9963350520
  9652      40422759.5799749345
  9653      40423457.1756777465
  9654      40424152.7833746672
  9655      40424846.4029968604
  9656      40425538.0344758332
  9657      40426227.6777430996
  9658      40426915.3327306211
  9659      40427600.9993704110
  9660      40428284.6775946245
  9661      40428966.3673357368
  9662      40429646.0685263649
  9663      40430323.7810993493
  9664      40430999.5049875230
  9665      40431673.2401243523
  9666      40432344.9864430204
  9667      40433014.7438771278
  9668      40433682.5123605430
  9669      40434348.2918271869
  9670      40435012.0822112188
  9671      40435673.8834470436
  9672      40436333.6954691336
  9673      40436991.5182123259
  9674      40437647.3516115099
  9675      40438301.1956018433
  9676      40438953.0501186624
  9677      40439602.9150974676
  9678      40440250.7904739678
  9679      40440896.6761841103
  9680      40441540.5721639469
  9681      40442182.4783498272
  9682      40442822.3946782649
  9683      40443460.3210858405
  9684      40444096.2575094923
  9685      40444730.2038863525
  9686      40445362.1601536274
  9687      40445992.1262487248
  9688      40446620.1021093726
  9689      40447246.0876734182
  9690      40447870.0828788355
  9691      40448492.0876639187
  9692      40449112.1019670367
  9693      40449730.1257269010
  9694      40450346.1588821709
  9695      40450960.2013719752
  9696      40451572.2531354725
  9697      40452182.3141120374
  9698      40452790.3842412755
  9699      40453396.4634629041
  9700      40454000.5517169759
  9701      40454602.6489436105
  9702      40455202.7550831065
  9703      40455800.8700760752
  9704      40456396.9938632473
  9705      40456991.1263855100
  9706      40457583.2675839886
  9707      40458173.4174000323
  9708      40458761.5757751539
  9709      40459347.7426509410
  9710      40459931.9179694131
  9711      40460514.1016725302
  9712      40461094.2937026694
  9713      40461672.4940022603
  9714      40462248.7025139034
  9715      40462822.9191805050
  9716      40463395.1439450607
  9717      40463965.3767507821
  9718      40464533.6175411344
  9719      40465099.8662597090
  9720      40465664.1228502467
  9721      40466226.3872568458
  9722      40466786.6594235972
  9723      40467344.9392949119
  9724      40467901.2268153131
  9725      40468455.5219295993
  9726      40469007.8245826587
  9727      40469558.1347196326
  9728      40470106.4522858784
  9729      40470652.7772268429
  9730      40471197.1094882488
  9731      40471739.4490160048
  9732      40472279.7957561985
  9733      40472818.1496550366
  9734      40473354.5106589943
  9735      40473888.8787147105
  9736      40474421.2537690252
  9737      40474951.6357689425
  9738      40475480.0246617123
  9739      40476006.4203946292
  9740      40476530.8229153752
  9741      40477053.2321716771
  9742      40477573.6481114402
  9743      40478092.0706829354
  9744      40478608.4998343587
  9745      40479122.9355142713
  9746      40479635.3776713982
  9747      40480145.8262545913
  9748      40480654.2812129483
  9749      40481160.7424957156
  9750      40481665.2100523487
  9751      40482167.6838324443
  9752      40482668.1637858301
  9753      40483166.6498625353
  9754      40483663.1420126557
  9755      40484157.6401866823
  9756      40484650.1443350762
  9757      40485140.6544085443
  9758      40485629.1703580692
  9759      40486115.6921347380
  9760      40486600.2196897492
  9761      40487082.7529746965
  9762      40487563.2919410691
  9763      40488041.8365408331
  9764      40488518.3867258951
  9765      40488992.9424484372
  9766      40489465.5036609173
  9767      40489936.0703157708
  9768      40490404.6423657537
  9769      40490871.2197638080
  9770      40491335.8024629354
  9771      40491798.3904164284
  9772      40492258.9835777581
  9773      40492717.5819004476
  9774      40493174.1853383780
  9775      40493628.7938454002
  9776      40494081.4073757157
  9777      40494532.0258836374
  9778      40494980.6493236274
  9779      40495427.2776503339
  9780      40495871.9108185917
  9781      40496314.5487833992
  9782      40496755.1914999261
  9783      40497193.8389235139
  9784      40497630.4910096824
  9785      40498065.1477140933
  9786      40498497.8089925647
  9787      40498928.4748011753
  9788      40499357.1450961083
  9789      40499783.8198335841
  9790      40500208.4989702553
  9791      40500631.1824627221
  9792      40501051.8702678084
  9793      40501470.5623425841
  9794      40501887.2586441636
  9795      40502301.9591298476
  9796      40502714.6637571231
  9797      40503125.3724836782
  9798      40503534.0852672234
  9799      40503940.8020657375
  9800      40504345.5228373632
  9801      40504748.2475402504
  9802      40505148.9761329070
  9803      40505547.7085738331
  9804      40505944.4448217377
  9805      40506339.1848354787
  9806      40506731.9285740256
  9807      40507122.6759965792
  9808      40507511.4270623997
  9809      40507898.1817308590
  9810      40508282.9399615377
  9811      40508665.7017141581
  9812      40509046.4669485465
  9813      40509425.2356246337
  9814      40509802.0077025890
  9815      40510176.7831425667
  9816      40510549.5619049370
  9817      40510920.3439501822
  9818      40511289.1292389184
  9819      40511655.9177317992
  9820      40512020.7093898281
  9821      40512383.5041737184
  9822      40512744.3020447418
  9823      40513103.1029639617
  9824      40513459.9068926200
  9825      40513814.7137921974
  9826      40514167.5236241594
  9827      40514518.3363500088
  9828      40514867.1519314200
  9829      40515213.9703302383
  9830      40515558.7915082127
  9831      40515901.6154273525
  9832      40516242.4420495555
  9833      40516581.2713369727
  9834      40516918.1032517552
  9835      40517252.9377560318
  9836      40517585.7748121619
  9837      40517916.6143823490
  9838      40518245.4564290792
  9839      40518572.3009147123
  9840      40518897.1478017047
  9841      40519219.9970525205
  9842      40519540.8486296609
  9843      40519859.7024957091
  9844      40520176.5586131364
  9845      40520491.4169445112
  9846      40520804.2774524093
  9847      40521115.1400992721
  9848      40521424.0048477128
  9849      40521730.8716601059
  9850      40522035.7404990047
  9851      40522338.6113267690
  9852      40522639.4841057584
  9853      40522938.3587982431
  9854      40523235.2353664413
  9855      40523530.1137724593
  9856      40523822.9939783216
  9857      40524113.8759460002
  9858      40524402.7596372068
  9859      40524689.6450136304
  9860      40524974.5320367888
  9861      40525257.4206679836
  9862      40525538.3108683899
  9863      40525817.2025989965
  9864      40526094.0958204493
  9865      40526368.9904933795
  9866      40526641.8865778819
  9867      40526912.7840341032
  9868      40527181.6828216165
  9869      40527448.5828998387
  9870      40527713.4842278063
  9871      40527976.3867641389
  9872      40528237.2904671729
  9873      40528496.1952947453
  9874      40528753.1012042388
  9875      40529008.0081525594
  9876      40529260.9160962254
  9877      40529511.8249910250
  9878      40529760.7347923592
  9879      40530007.6454547569
  9880      40530252.5569323301
  9881      40530495.4691784009
  9882      40530736.3821455091
  9883      40530975.2957854569
  9884      40531212.2100491226
  9885      40531447.1248866171
  9886      40531680.0402469188
  9887      40531910.9560781568
  9888      40532139.8723272532
  9889      40532366.7889400423
  9890      40532591.7058611661
  9891      40532814.6230338737
  9892      40533035.5404000804
  9893      40533254.4579002485
  9894      40533471.3754732311
  9895      40533686.2930563092
  9896      40533899.2105848268
  9897      40534110.1279924437
  9898      40534319.0452106521
  9899      40534525.9621689096
  9900      40534730.8787943646
  9901      40534933.7950116843
  9902      40535134.7107431218
  9903      40535333.6259080321
  9904      40535530.5404228345
  9905      40535725.4542009234
  9906      40535918.3671522960
  9907      40536109.2791833878
  9908      40536298.1901967898
  9909      40536485.1000910923
  9910      40536670.0087605715
  9911      40536852.9160946980
  9912      40537033.8219780847
  9913      40537212.7262900695
  9914      40537389.6289040223
  9915      40537564.5296874866
  9916      40537737.4285012111
  9917      40537908.3251990154
  9918      40538077.2196270302
  9919      40538244.1116233170
  9920      40538409.0010170639
  9921      40538571.8876281306
  9922      40538732.7712660655
  9923      40538891.6517294273
  9924      40539048.5288050249
  9925      40539203.4022667408
  9926      40539356.2718745545
  9927      40539507.1373734474
  9928      40539655.9984921962
  9929      40539802.8549418449
  9930      40539947.7064142078
  9931      40540090.5525803193
  9932      40540231.3930884749
  9933      40540370.2275622040
  9934      40540507.0555980206
  9935      40540641.8767629713
  9936      40540774.6905917823
  9937      40540905.4965837821
  9938      40541034.2941996008
  9939      40541161.0828571171
  9940      40541285.8619273603
  9941      40541408.6307296157
  9942      40541529.3885260746
  9943      40541648.1345157400
  9944      40541764.8678277880
  9945      40541879.5875135884
  9946      40541992.2925381586
  9947      40542102.9817702770
  9948      40542211.6539710909
  9949      40542318.3077814877
  9950      40542422.9417070895
  9951      40542525.5541015714
  9952      40542626.1431471258
  9953      40542724.7068320960
  9954      40542821.2429245338
  9955      40542915.7489423156
  9956      40543008.2221171185
  9957      40543098.6593530104
  9958      40543187.0571769550
  9959      40543273.4116803408
  9960      40543357.7184493318
  9961      40543439.9724807888
  9962      40543520.1680810750
  9963      40543598.2987425104
  9964      40543674.3569919989
  9965      40543748.3342027068
  9966      40543820.2203592211
  9967      40543890.0037577301
  9968      40543957.6706292108
  9969      40544023.2046110928
  9970      40544086.5862021521
  9971      40544147.7913675010
  9972      40544206.7922272459
  9973      40544263.5478157774
  9974      40544318.0286405161
  9975      40544370.1163596064
  9976      40544419.9202948660
  9977      40544466.7227868736
  9978      40544512.1253112331
  9979      40544550.9176699892
  9980      40544595.2498667166
  9981      40544617.7949568331
  9982      40544672.1961987019
  9983      40544678.3676516116
  9984      40544747.1874117106
  9985      40544748.1913086399
  9986      40544824.4072805867
  9987      40544824.5429351553
  9988      40544907.3282532841
  9989      40544907.3431604132
  9990      40544997.0327564627
  9991      40544997.0340023786
  9992      40545093.0361509472
  9993      40545093.0362283736
  9994      40545194.6551841795
  9995      40545194.6551876739
  9996      40545301.3590825349
  9997      40545301.3590826318
  9998      40545412.7506327406
  9999      40545412.7506327704
 10000      40545528.5208310932
 10001      40545528.5208311006
